Town_City,County,"Albany County, NY","Allegany County, NY","Broome County, NY","Cattaraugus County, NY","Cayuga County, NY","Chautauqua County, NY","Chemung County, NY","Chenango County, NY","Clinton County, NY","Columbia County, NY","Cortland County, NY","Delaware County, NY","Dutchess County, NY","Erie County, NY","Essex County, NY","Franklin County, NY","Fulton County, NY","Genesee County, NY","Greene County, NY","Hamilton County, NY","Herkimer County, NY","Jefferson County, NY","Kings County, NY","Lewis County, NY","Livingston County, NY","Madison County, NY","Monroe County, NY","Montgomery County, NY","New York County, NY","Niagara County, NY","Oneida County, NY","Onondaga County, NY","Ontario County, NY","Orange County, NY","Orleans County, NY","Oswego County, NY","Otsego County, NY","Putnam County, NY","Queens County, NY","Rensselaer County, NY","Richmond County, NY","Rockland County, NY","St. Lawrence County, NY","Saratoga County, NY","Schenectady County, NY","Schoharie County, NY","Schuyler County, NY","Seneca County, NY","Steuben County, NY","Suffolk County, NY","Sullivan County, NY","Tioga County, NY","Tompkins County, NY","Ulster County, NY","Warren County, NY","Washington County, NY","Wayne County, NY","Westchester County, NY","Wyoming County, NY","Yates County, NY",Alabama,Arkansas,California,Conneticut,Delaware,Florida,Georgia,Illnois,Indiana,Iowa,Kansas,Kentucky,Louisiana,Maine,Maryland,Massachusetts,Michigan,Minnesota,Mississippi,Missouri,New Hampshire,New Jersey,North Carolina,Ohio,Oregon,Pennsylvania,Rhode Island,South Carolina,Tennessee,Texas,Vermont,Virginia,Wisconsin,District of Columbia,Territories,Unspecified U.S,Asia,Africa,Australia,Austria,Belgium,[Upper or Lower] Canada,Denmark,East Indies,England,France,Unspecified_German_States,Holland,Ireland,Italy,Mexico,New Brunswick,Newfoundland,Norway,Nova Scotia,Poland,Portugal,Prince Edward Island,Prussia,Russia,Sardinia,Scotland,South America,Spain,Sweden,Switzerland,Turkey,Wales,West Indies,At Sea,Unknown
Buffalo,Erie,375,30,14,116,172,228,29,26,23,67,29,23,82,"41,050",15,13,16,331,29,3,143,122,50,17,116,99,658,154,"1,029",455,488,185,187,80,89,85,88,17,5,184,8,8,68,139,47,43,4,76,66,17,11,6,64,16,14,115,129,32,178,29,6,2,6,610,11,2,6,128,41,25,6,71,13,164,106,878,241,13,12,41,175,188,13,605,0,945,96,24,27,7,445,119,97,16,2,96,8,5,1,48,30,"3,918",19,0,"3,124","1,377","19,267",155,"9,689",44,5,32,11,41,40,126,32,0,364,17,0,835,1,12,44,232,0,75,16,24,600
New York,New York,"1,699",22,58,14,109,28,43,64,60,525,20,239,"1,664",347,42,18,49,43,343,6,80,82,"3,087",35,31,63,142,109,"342,210",32,447,169,101,"1,934",22,97,114,396,"1,248",814,587,554,69,250,57,86,8,54,44,437,154,26,65,962,27,237,75,"3,390",20,23,137,13,207,"6,262",224,86,392,354,116,54,10,288,589,"1,392","1,992","7,190",217,34,112,199,927,"9,741",259,"1,128",0,"5,499",980,495,197,63,"1,105","1,439",170,213,14,537,63,16,26,427,188,"2,643",359,36,"16,699","5,805","107,269",825,"161,334",955,91,304,113,156,444,"1,285",87,1,"1,735",307,0,"6,617",154,349,501,843,24,572,249,62,"5,535"
Oswegatchie,St. Lawrence,47,0,0,0,4,1,0,3,57,6,3,3,6,15,13,78,5,6,6,0,34,167,4,13,1,5,16,47,24,2,63,8,3,3,1,32,9,0,2,21,1,0,"5,660",16,13,2,0,1,4,0,0,0,1,0,1,29,5,2,0,3,0,0,0,58,0,1,2,7,1,0,1,1,0,10,4,91,8,0,0,1,34,7,1,26,0,16,16,0,3,0,240,3,7,3,0,0,0,0,0,0,0,"2,204",0,0,290,10,37,0,"1,342",0,0,5,0,7,3,3,0,0,2,0,0,106,0,0,0,1,0,0,1,2,91
Rochester,Monroe,286,52,33,18,199,26,51,74,21,105,43,31,178,198,22,17,25,236,47,1,133,174,102,34,363,87,"22,555",134,639,178,403,256,411,79,216,130,129,8,24,193,5,12,104,214,100,47,10,128,83,14,2,21,53,36,11,91,312,52,89,65,2,0,1,547,0,2,8,63,17,16,0,24,17,96,84,712,140,2,16,10,207,222,5,172,0,310,60,2,7,9,470,60,58,12,0,0,3,0,1,5,2,"2,103",0,4,"2,161",345,"6,238",441,"5,823",9,1,15,12,9,21,17,0,0,130,7,0,360,0,3,2,212,0,31,8,19,241
Oswego City,Oswego,82,4,6,2,139,2,10,16,12,38,12,17,24,22,12,35,5,17,17,5,103,363,26,38,5,62,53,55,280,11,256,253,29,11,22,"8,592",66,0,0,58,1,0,192,67,13,26,1,20,4,1,0,8,14,3,17,61,33,17,0,0,0,0,0,131,0,1,7,35,4,7,1,2,0,17,12,144,29,5,2,0,27,67,3,44,0,62,27,1,4,0,128,17,20,0,0,8,0,0,0,1,0,"2,042",0,0,669,71,418,6,"3,644",0,1,8,5,1,2,3,2,0,12,5,0,154,3,0,0,6,0,28,6,1,153
Champlain,Clinton,15,0,0,0,0,0,0,1,"3,447",11,0,1,6,1,29,21,0,0,0,0,5,4,12,1,2,0,0,3,0,0,0,0,0,1,5,1,1,0,0,14,0,0,23,6,1,3,0,0,0,0,0,0,1,0,3,30,1,0,0,0,0,0,0,19,0,0,0,5,2,2,0,0,1,5,0,61,5,0,0,0,6,1,0,1,0,3,2,0,0,0,209,2,0,0,0,0,1,0,0,0,0,"1,471",0,0,77,3,3,0,173,0,0,0,0,0,4,0,0,0,0,0,0,29,0,0,0,1,0,3,0,1,35
Brooklyn,Kings,"1,160",19,70,5,85,10,44,57,52,413,37,104,899,222,43,7,51,48,297,10,96,90,"98,574",23,41,88,146,142,"44,529",47,356,115,80,"1,306",22,78,116,153,"3,239",632,494,239,53,218,44,67,8,66,20,"1,578",107,34,71,487,31,156,52,"1,646",14,30,58,14,98,"4,593",174,69,188,231,96,61,3,154,268,"1,594",913,"5,224",176,16,37,116,610,"6,175",388,622,4,"2,976","1,147",301,102,44,666,"1,000",130,145,69,223,26,8,38,106,64,"1,423",173,20,"14,998","1,135","26,467",234,"57,143",112,20,189,179,199,399,72,66,0,412,62,0,"2,701",84,178,287,242,10,335,470,51,887
Plattsburgh,Clinton,9,0,0,0,0,5,1,0,"4,306",6,0,0,9,2,108,46,0,0,0,0,1,8,10,2,0,2,1,1,16,0,4,0,1,2,0,1,0,0,2,24,0,0,24,12,0,1,0,0,0,2,1,0,1,0,26,61,0,3,0,0,0,0,0,25,0,0,1,9,0,2,0,0,1,27,5,57,8,0,2,8,43,2,0,3,0,10,7,1,0,0,353,3,0,0,0,0,0,0,0,0,0,"1,382",0,0,53,7,95,0,301,0,0,1,0,0,1,0,0,0,1,0,0,6,0,0,0,0,0,0,1,1,80
Watervilet,Albany,"11,129",1,8,2,10,0,1,12,43,278,6,30,179,24,28,2,55,5,120,2,43,17,53,16,0,21,20,109,324,1,190,38,10,51,11,18,32,14,11,"1,578",4,3,7,760,273,125,0,2,3,7,7,4,3,88,40,190,6,43,1,4,0,0,0,206,0,1,2,15,0,5,1,2,7,27,10,403,15,5,2,3,77,111,3,32,0,77,26,2,6,0,265,19,17,5,2,4,0,0,1,5,0,"1,272",1,1,"1,117",42,718,10,"5,648",0,0,6,2,0,0,3,0,0,14,2,0,446,0,0,4,16,0,38,0,0,510
Malone,Franklin,5,0,0,0,0,1,0,0,249,1,0,0,2,3,41,"3,189",1,3,0,0,1,23,6,1,0,1,3,0,7,0,2,3,0,0,0,6,5,1,0,7,0,0,137,16,4,1,0,0,0,5,0,0,0,2,6,34,0,2,0,0,1,0,0,32,0,0,1,8,0,1,0,0,0,3,2,80,6,3,1,4,61,5,0,11,0,16,2,1,0,0,586,0,2,0,0,0,0,0,0,0,1,"1,169",0,0,39,2,7,1,487,0,0,0,0,0,0,0,0,1,0,0,0,23,0,0,0,1,0,0,0,0,5
Troy,Rensselaer,"1,010",8,8,8,29,9,6,7,97,357,3,20,262,31,81,6,57,22,145,5,44,26,149,5,6,22,31,76,532,8,164,51,10,46,3,34,42,9,22,"17,567",1,3,18,662,140,75,2,6,8,2,8,2,6,89,38,448,22,66,2,5,0,1,1,408,2,1,7,34,19,12,0,11,6,46,45,828,25,0,3,19,138,209,8,50,0,109,113,4,3,1,680,63,4,13,0,0,0,0,0,6,1,"1,073",3,4,"1,215",52,914,10,"9,591",5,2,4,4,2,16,6,0,0,56,12,0,364,2,1,5,28,0,59,12,0,251
Mooers,Clinton,8,0,0,0,0,1,0,0,"2,295",3,0,0,5,0,46,21,1,1,1,0,1,2,0,0,0,1,0,1,4,0,0,1,0,1,0,0,12,0,0,1,0,0,34,7,0,0,0,0,0,0,0,0,2,1,2,17,0,1,0,0,0,0,0,10,0,0,0,2,0,6,0,0,0,0,1,19,2,0,0,1,22,0,0,2,0,0,0,0,0,0,245,2,1,0,0,0,3,0,0,0,0,"1,056",0,0,50,1,3,0,271,0,0,0,0,0,0,0,0,0,0,0,0,28,0,0,0,3,0,1,0,0,3
Watertown,Jefferson,35,1,4,0,7,6,1,5,13,6,3,4,13,10,7,25,12,8,9,0,88,"4,157",8,189,4,22,15,68,27,5,167,48,9,6,6,56,40,0,0,18,0,0,150,45,9,6,0,10,7,1,0,1,5,2,4,35,10,5,1,0,0,0,2,98,0,2,0,8,13,3,0,5,1,6,7,151,6,3,2,4,63,15,0,15,0,23,12,1,0,0,178,6,12,0,2,0,0,1,0,1,0,835,0,0,118,6,147,0,890,0,0,5,0,0,1,0,0,0,0,0,0,46,0,0,0,15,0,1,1,2,89
Lockport,Niagara,77,11,4,11,82,14,4,10,9,25,25,10,33,255,7,1,3,94,24,1,36,38,19,8,41,38,228,57,246,"6,094",74,58,88,14,167,19,47,8,2,48,0,1,17,57,23,36,3,119,13,5,4,1,25,10,6,73,40,7,39,8,2,1,5,161,0,0,0,28,9,8,0,13,3,17,19,156,79,1,1,1,52,63,5,76,0,277,30,1,0,0,224,32,41,1,1,94,1,0,0,1,0,828,1,0,860,41,489,1,"1,556",1,4,9,2,0,0,2,0,0,12,1,0,96,0,0,1,9,1,4,2,2,95
Black Brook,Clinton,1,0,0,0,0,0,0,0,"1,741",0,0,0,1,1,199,39,0,0,0,0,0,1,1,0,0,1,3,0,1,0,1,0,0,0,0,0,0,0,0,4,0,0,5,5,1,0,0,0,0,0,0,0,0,0,5,7,0,0,0,0,0,0,0,5,0,0,0,0,0,0,0,0,0,4,2,8,3,1,0,0,17,7,0,0,0,0,0,0,0,0,97,0,3,0,0,0,1,0,0,0,0,708,0,0,25,3,1,0,364,0,0,0,0,0,0,0,0,0,0,0,0,6,0,0,0,0,0,2,0,1,7
Saranac,Clinton,9,0,1,0,0,0,0,0,"2,194",0,2,0,1,0,110,15,0,3,0,0,0,0,1,0,0,0,0,0,9,1,2,1,1,0,0,0,0,0,0,2,0,0,16,3,0,0,0,0,0,0,0,0,0,2,10,8,0,0,0,0,0,0,1,4,0,0,0,1,1,2,0,0,0,3,0,16,0,0,0,0,32,0,1,0,0,1,2,0,0,0,172,0,8,0,0,0,0,0,0,0,0,642,0,0,15,3,0,0,315,0,0,0,0,1,0,0,0,0,0,1,0,3,0,0,0,0,0,0,0,0,8
Chazy,Clinton,0,0,0,0,0,0,0,0,"2,273",3,0,0,3,1,33,6,0,0,0,0,0,2,0,0,0,0,0,2,26,0,0,0,0,0,0,1,0,0,2,6,0,0,11,3,0,0,0,0,0,0,0,0,0,0,0,7,0,0,0,0,0,0,0,3,0,0,0,3,1,0,0,0,0,5,0,26,7,0,1,0,18,1,0,4,0,1,2,0,0,0,218,1,8,0,0,0,0,0,0,0,0,601,0,0,16,1,0,0,63,0,0,0,0,0,0,0,0,0,0,0,0,5,0,0,1,0,0,0,0,0,16
Syracuse,Onondaga,301,6,35,10,266,10,12,79,8,51,219,16,81,59,5,6,28,25,42,1,201,114,25,27,24,380,133,131,366,37,498,"13,825",53,46,17,466,137,2,10,123,0,8,56,128,74,78,0,83,37,8,5,22,79,44,21,85,54,12,16,11,1,0,3,329,10,1,2,51,7,11,0,13,5,31,26,422,43,1,1,13,59,78,4,70,0,156,43,5,7,0,160,30,20,8,1,9,0,0,0,12,0,593,8,1,"1,066",214,"4,158",12,"4,309",5,0,6,1,1,2,102,0,1,17,20,0,82,0,1,0,37,0,21,3,4,792
Potsdam,St. Lawrence,5,1,0,0,0,1,0,0,73,1,0,0,5,2,79,88,2,6,1,1,50,68,12,14,1,1,11,2,3,3,42,7,0,0,4,14,3,0,0,5,0,0,"3,604",8,0,1,0,0,1,1,0,0,1,0,26,8,2,1,0,0,0,0,0,29,0,0,1,11,0,2,0,2,0,42,1,132,6,2,0,2,100,5,1,7,0,7,4,0,0,0,825,1,13,0,0,0,0,0,0,0,0,580,0,0,55,2,3,0,354,0,0,12,0,0,2,0,0,0,1,0,0,44,1,0,0,0,0,0,0,2,33
Niagara,Niagara,24,9,2,8,15,9,8,2,5,16,2,2,4,189,0,2,3,17,4,0,21,12,4,0,21,5,65,12,95,"2,434",34,21,35,10,29,16,2,1,0,8,0,0,18,18,20,6,2,11,7,1,2,2,1,2,3,13,6,4,14,0,0,1,1,32,0,0,0,8,6,1,0,7,1,5,20,95,17,0,0,5,29,12,1,19,0,100,3,4,0,1,43,16,9,1,1,0,0,0,0,0,0,577,2,0,223,20,587,0,907,4,0,1,0,0,1,3,0,0,33,0,0,76,0,0,0,23,0,0,2,1,11
Albany,Albany,"31,668",1,16,10,47,13,9,20,44,541,19,69,270,66,35,5,85,22,378,4,92,42,153,11,15,33,64,267,"1,244",24,237,69,26,78,12,33,185,5,15,"1,207",2,15,13,455,505,552,3,16,29,3,14,6,16,131,46,163,26,54,11,10,9,0,0,453,0,4,14,46,16,9,1,17,13,45,102,745,39,5,11,7,125,185,12,84,1,237,66,10,20,2,281,92,13,33,1,6,5,0,2,10,23,574,3,3,"1,537",93,"4,744",245,"12,503",9,0,12,12,0,14,14,0,0,61,6,0,411,1,2,0,38,1,22,12,16,230
Ellenburgh,Clinton,2,0,0,0,0,0,0,0,"1,582",0,0,0,4,0,36,97,0,1,0,0,0,1,0,0,0,0,0,1,0,7,0,0,0,0,0,4,0,0,0,4,1,0,32,1,0,0,0,1,0,0,0,0,0,0,9,5,0,0,0,0,0,0,0,10,0,0,0,0,1,0,0,0,0,6,1,21,1,0,0,0,61,1,0,3,0,2,0,0,0,0,290,0,1,0,0,0,0,0,0,0,0,549,0,0,21,0,9,0,112,0,0,2,0,0,1,0,0,0,0,0,0,19,0,0,0,0,0,0,1,0,19
Clinton_C,Clinton,0,0,0,0,0,0,0,0,850,0,0,0,0,0,7,49,0,0,0,0,1,0,0,0,0,0,0,0,11,0,0,0,0,0,0,0,0,0,0,0,0,0,13,1,0,0,0,0,0,0,0,0,0,0,1,2,0,0,0,0,0,0,0,0,0,0,0,0,0,0,0,0,0,0,0,1,1,0,0,0,2,0,0,1,0,1,0,0,0,0,45,0,0,0,0,0,0,0,0,0,0,519,0,0,11,1,0,0,257,0,0,1,0,0,0,0,0,0,0,0,0,4,0,0,0,0,0,0,0,0,7
Clayton,Jefferson,11,0,0,0,2,1,1,3,2,7,2,0,2,0,5,11,7,3,0,0,121,"2,867",0,44,2,7,2,75,12,3,47,11,0,0,1,22,25,0,0,3,0,0,52,26,2,2,0,2,1,0,0,0,1,3,1,3,2,0,0,0,0,0,0,23,0,1,0,0,0,1,0,0,0,3,0,36,6,0,2,0,32,7,0,9,0,3,3,0,1,0,84,2,7,0,1,0,1,0,0,0,0,513,0,0,34,9,108,1,129,0,0,0,0,0,0,1,0,0,1,0,0,13,0,0,0,0,0,12,0,2,8
Queensbury,Warren,40,2,2,2,5,2,1,3,24,33,1,4,53,7,116,1,7,0,30,2,6,7,8,3,0,7,0,4,39,0,5,8,3,4,0,0,11,2,8,98,0,0,8,432,5,16,0,0,2,0,0,1,1,17,"3,859",656,5,6,1,0,0,0,0,53,0,0,0,5,1,1,0,0,0,4,1,102,7,1,1,0,26,8,0,8,0,15,18,0,0,0,280,2,2,0,0,0,0,0,0,0,0,496,0,0,57,0,2,2,848,0,0,0,7,0,0,0,0,0,0,1,0,52,0,0,0,2,0,3,0,1,59
Altona,Clinton,2,0,0,0,0,0,0,0,"1,038",0,0,0,0,1,15,17,0,0,0,0,0,0,0,0,0,0,0,0,0,2,0,0,0,0,0,0,0,0,0,4,0,0,12,0,0,0,0,0,0,0,0,0,0,0,0,13,0,0,0,0,0,0,0,4,0,0,0,1,0,1,0,0,0,2,0,10,0,0,0,0,9,0,0,0,0,0,1,0,0,0,99,0,0,0,0,0,0,0,0,0,0,461,0,0,14,0,0,0,109,0,0,0,0,0,0,0,0,0,0,0,0,5,0,0,0,0,0,0,0,0,0
Whitehall,Washington,13,3,0,1,2,0,5,0,47,7,0,3,3,0,52,3,0,1,1,2,5,3,7,3,1,2,3,3,7,2,2,1,0,3,0,1,1,1,0,40,0,0,2,39,3,1,0,0,1,0,0,0,0,2,29,"2,661",2,2,0,0,0,0,0,16,0,0,0,6,0,0,0,0,0,4,0,60,4,0,0,1,31,3,0,4,0,2,1,0,0,0,431,2,5,0,0,0,0,0,0,0,0,447,0,0,27,0,7,0,345,0,0,1,0,1,0,0,0,0,0,0,0,14,0,0,1,0,0,6,0,0,30
Chateaugay,Franklin,0,0,0,0,1,0,0,0,206,0,0,0,3,3,18,"1,432",0,1,0,0,1,7,1,2,1,0,0,0,3,0,0,1,0,1,0,0,0,0,0,3,0,0,44,1,0,0,0,0,0,1,1,0,0,0,2,7,0,0,0,0,0,0,0,6,0,0,0,1,0,0,0,0,0,2,0,20,1,0,0,0,36,0,0,0,0,0,2,0,0,0,273,0,0,0,0,0,0,0,0,0,2,446,0,0,25,1,0,0,251,0,0,0,0,0,0,0,0,0,0,0,0,24,0,0,0,0,0,0,0,0,22
Fort Covington,Franklin,4,0,0,0,0,0,0,0,37,0,0,1,1,0,1,"1,415",0,0,0,0,0,9,0,0,1,0,0,0,7,0,1,0,1,0,0,2,2,0,0,3,0,0,47,3,0,1,0,2,0,0,0,0,2,0,0,32,0,0,0,0,0,0,0,6,0,0,0,0,0,0,1,0,0,5,0,15,0,0,0,0,37,3,0,0,0,0,1,0,0,0,131,1,0,0,0,0,0,0,0,0,0,443,0,0,0,0,3,0,154,0,0,0,0,0,0,0,0,0,0,0,0,11,0,0,0,0,0,0,0,0,0
Canton,St. Lawrence,9,1,0,0,2,1,0,3,82,1,0,0,5,1,32,94,2,0,0,0,65,175,2,47,3,2,2,16,17,3,31,3,0,2,0,10,6,1,3,4,0,0,"3,419",8,1,5,0,2,1,0,0,0,4,0,6,32,2,2,0,0,0,5,2,35,0,0,0,4,0,3,0,0,2,5,0,110,3,0,1,0,66,4,0,4,0,6,7,0,0,0,509,0,3,0,0,0,0,0,0,0,0,412,0,0,87,4,17,0,499,0,0,0,0,0,1,0,0,0,0,0,0,11,0,1,2,0,0,0,0,0,56
Ausable,Clinton,3,0,0,0,1,0,0,0,"1,529",1,0,0,6,0,224,12,0,0,0,0,0,0,2,0,1,0,6,1,9,0,0,1,1,2,0,0,0,0,0,6,0,0,13,7,0,2,0,0,1,0,0,0,0,0,2,21,0,0,0,0,0,0,0,11,0,0,0,0,0,0,0,0,0,2,0,17,0,0,0,0,25,2,0,1,0,7,3,0,0,0,134,0,2,0,0,0,1,0,0,0,0,386,0,0,18,1,2,0,208,0,0,0,0,0,0,0,0,0,0,0,0,5,0,0,0,0,0,3,0,1,14
Brasher,St. Lawrence,2,0,0,0,0,2,0,0,51,0,0,0,1,0,10,134,0,0,0,0,1,7,0,2,1,0,1,0,11,1,3,0,1,0,0,9,1,0,1,3,0,0,"1,987",6,0,0,0,0,0,0,0,0,0,0,0,3,0,0,1,0,0,0,0,7,0,0,0,0,0,2,0,0,0,8,0,16,0,1,0,0,28,0,0,0,0,8,0,0,0,0,183,0,2,0,0,0,0,0,0,0,0,384,0,0,13,2,0,0,429,0,0,0,0,0,0,0,0,0,0,0,0,11,0,0,0,0,0,2,0,0,14
Volney,Oswego,38,1,3,6,68,2,1,22,3,26,25,3,14,4,4,3,2,7,37,0,110,116,6,15,2,119,16,40,47,4,226,255,12,8,16,"3,306",43,1,2,45,0,0,51,49,7,22,0,5,4,0,7,2,12,4,9,68,18,3,2,1,1,0,0,118,0,0,5,22,2,1,0,0,0,19,4,145,9,0,0,0,19,16,0,20,0,17,20,0,1,0,84,8,3,0,0,0,0,0,0,0,0,364,0,0,167,7,45,0,278,0,0,1,0,0,0,0,0,0,1,0,0,20,0,0,0,1,0,2,1,0,146
Cape Vincent,Jefferson,21,0,3,0,1,1,1,3,1,9,0,0,3,0,7,1,40,7,0,0,28,"2,050",2,21,0,10,2,57,7,1,40,5,1,1,0,12,9,0,0,8,0,0,13,12,2,3,0,0,0,3,0,2,2,1,3,12,1,0,0,0,0,0,0,19,0,0,0,4,1,1,0,0,0,12,1,32,3,0,0,0,0,2,0,6,0,3,7,0,2,0,27,0,4,0,0,0,0,0,0,0,0,362,0,0,78,197,134,0,161,0,0,0,0,0,0,0,0,0,0,0,0,13,0,0,0,0,0,1,0,0,3
Massena,St. Lawrence,2,0,0,0,0,0,0,0,11,1,0,0,0,2,23,52,0,1,0,0,6,14,1,2,0,0,0,0,2,1,1,1,0,1,0,3,0,0,0,2,0,0,"1,782",0,1,0,0,0,0,0,0,0,1,0,1,6,0,2,0,0,0,0,0,7,0,0,0,4,0,0,0,0,0,1,0,47,5,0,0,0,31,6,1,6,0,2,0,0,0,0,231,0,2,0,0,0,0,0,0,0,0,350,0,0,12,0,1,0,99,0,0,0,0,0,3,0,0,0,0,0,0,10,0,0,0,0,0,0,0,1,1
Lewiston,Niagara,7,2,0,2,8,7,0,21,3,5,11,2,8,35,4,1,0,17,0,0,3,15,0,0,14,6,28,2,5,"1,502",20,2,18,4,4,5,3,1,0,6,0,0,12,6,1,3,0,11,2,1,3,1,2,1,0,3,13,2,8,2,0,0,0,19,0,0,0,6,1,0,0,1,0,1,8,30,13,0,0,3,14,21,1,12,0,40,4,0,0,0,44,3,4,0,0,0,0,0,0,0,0,343,0,0,64,3,133,0,350,0,0,4,0,0,1,0,0,0,1,0,0,20,0,0,0,0,0,0,0,0,12
Norfolk,St. Lawrence,1,0,0,0,1,0,0,1,30,0,0,0,1,0,8,58,0,0,0,0,0,8,0,6,0,0,0,1,3,0,4,2,0,0,0,0,1,0,0,0,0,0,"1,003",0,1,0,0,0,0,1,0,0,0,0,1,5,0,1,0,0,0,0,0,3,0,1,0,2,0,0,0,0,0,2,0,16,0,1,0,0,42,1,0,0,0,1,0,0,0,0,220,0,4,0,0,0,0,0,0,0,0,343,0,0,27,0,0,0,66,0,0,0,0,0,0,0,0,0,0,0,0,5,0,0,0,0,0,2,0,0,3
Lisbon,St. Lawrence,8,0,0,0,0,0,0,0,9,2,1,1,6,1,28,10,1,1,0,0,7,20,0,8,0,2,6,2,0,3,8,8,0,0,0,1,2,0,0,2,0,0,"3,276",5,3,4,0,0,0,0,0,1,0,0,26,91,2,1,0,0,0,0,1,11,0,0,0,5,0,1,0,0,0,2,3,16,1,0,0,0,17,8,0,4,0,6,1,0,0,0,84,1,3,0,0,0,0,0,0,0,0,332,0,0,104,0,2,0,820,0,0,2,0,0,0,0,0,0,0,0,0,90,0,0,0,0,0,0,1,1,14
Chesterfield,Essex,10,0,0,0,1,0,0,0,370,4,1,0,5,0,"1,397",9,0,0,1,0,0,1,7,0,0,0,1,0,2,0,0,0,0,0,1,0,0,0,0,3,0,0,8,9,1,0,0,0,1,0,0,0,0,0,5,27,0,0,0,0,0,0,2,13,0,0,1,1,0,0,0,0,0,3,,29,2,0,0,0,33,2,0,4,0,7,4,0,0,0,228,0,1,0,0,0,0,0,0,0,0,326,0,0,16,0,5,0,230,0,0,0,0,0,0,0,0,0,0,0,0,7,0,0,0,0,0,0,0,0,2
Louisville,St. Lawrence,2,6,0,0,0,1,0,0,5,0,0,0,0,0,3,33,1,0,0,0,0,9,0,5,0,0,0,8,4,1,0,1,0,0,0,2,0,0,0,1,0,0,"1,405",2,0,2,0,0,0,0,0,0,0,0,0,5,0,0,0,0,0,0,0,2,0,0,0,3,0,1,0,0,0,1,0,24,1,0,0,0,19,0,0,0,0,0,1,0,0,0,117,0,1,0,0,0,0,0,0,0,0,322,0,0,25,0,0,0,182,0,0,1,0,0,0,0,0,0,0,0,0,41,0,0,0,0,0,0,0,0,0
Waddington,St. Lawrence,1,0,0,0,0,0,0,0,5,0,0,0,1,1,2,11,0,0,0,0,0,6,0,2,0,2,1,1,3,0,0,2,1,0,0,4,0,0,0,2,0,0,"1,710",0,0,4,0,0,0,1,0,0,0,0,0,2,1,0,0,0,0,0,0,15,0,0,0,0,1,1,0,0,0,0,0,26,1,0,0,0,9,3,0,1,0,4,0,0,0,0,71,0,0,0,0,0,0,0,0,0,0,321,0,0,47,0,3,0,250,0,0,1,0,0,0,0,0,0,0,0,0,139,0,0,0,1,0,1,0,1,4
Greece,Monroe,22,8,0,5,11,2,1,12,1,15,4,0,31,10,4,0,2,5,4,0,9,45,0,14,17,13,"2,241",14,35,20,12,14,30,2,24,13,10,1,0,30,0,0,12,23,5,7,0,24,6,0,0,3,3,6,1,12,18,7,8,3,1,0,2,40,0,0,0,5,2,0,0,0,0,0,2,38,24,0,0,0,14,48,0,6,0,39,10,0,0,0,35,1,2,0,0,0,0,0,0,0,0,308,0,0,228,23,180,7,517,0,0,0,1,1,2,0,0,0,1,0,0,24,0,1,0,1,0,1,0,0,17
Bellmont,Franklin,1,0,0,0,0,0,0,0,148,1,0,2,1,0,28,677,0,1,0,0,1,1,0,0,0,0,0,0,6,0,1,0,0,0,0,2,1,0,0,0,0,0,13,2,0,0,0,0,0,0,0,0,0,0,2,3,1,0,0,0,0,0,0,3,0,1,0,1,0,1,0,0,0,2,0,18,2,1,0,0,32,0,0,1,0,0,0,0,0,0,130,0,3,0,0,0,0,0,0,0,0,303,0,0,13,0,0,0,84,0,0,0,0,0,0,0,0,0,0,0,0,3,0,0,0,0,0,0,0,0,2
Peru,Clinton,0,0,0,0,1,0,0,0,"2,144",1,0,4,9,0,88,14,0,0,0,0,0,3,0,0,0,0,1,2,17,0,0,0,3,0,0,0,0,0,0,10,0,0,12,9,0,0,0,0,0,0,0,0,0,0,6,13,0,0,0,0,0,0,0,8,0,0,0,0,0,0,0,0,4,1,0,25,2,0,0,0,29,4,0,1,0,4,0,0,0,0,149,0,0,0,0,0,0,0,0,0,0,297,0,0,34,0,4,0,179,0,0,0,0,0,0,0,0,0,0,0,0,5,0,0,0,0,0,0,0,0,1
Westville,Franklin,1,0,0,0,0,0,0,0,20,0,0,0,0,0,5,978,0,0,0,0,0,0,0,0,0,0,1,0,3,2,0,0,0,1,0,0,0,0,0,0,0,0,17,2,0,0,0,0,0,0,0,0,0,0,0,20,0,0,0,0,0,0,0,2,0,0,0,0,0,0,0,0,0,1,0,10,0,0,0,0,22,0,0,0,0,0,2,0,0,0,170,1,0,0,0,0,0,0,0,0,0,267,0,0,3,0,0,0,125,0,0,0,0,0,0,0,0,0,0,0,0,7,0,0,0,0,0,1,0,0,14
Alexandria,Jefferson,9,0,0,0,4,2,0,4,14,1,1,0,5,1,5,6,13,0,2,4,112,"2,136",0,51,1,16,2,78,3,1,75,11,4,3,1,21,25,2,0,12,0,0,120,13,2,6,0,2,1,0,0,0,0,1,2,14,17,2,0,0,0,0,0,16,0,0,0,8,0,0,0,0,0,2,0,25,9,0,1,0,28,11,0,12,0,5,5,0,0,0,99,1,5,0,0,0,0,0,0,0,0,266,0,0,32,16,145,0,91,0,0,0,1,0,0,1,0,0,0,0,0,12,0,0,0,2,0,1,0,0,14
Burke,Franklin,0,0,0,0,0,0,0,0,111,0,0,0,1,1,11,982,0,0,0,0,1,2,0,0,0,0,0,0,9,0,3,0,0,0,0,1,0,0,0,1,0,0,21,2,0,0,0,0,0,0,0,0,0,0,8,15,0,0,0,0,0,0,0,5,0,0,0,0,0,0,0,0,0,4,0,23,0,0,0,0,11,1,0,0,0,0,1,0,0,0,220,0,2,0,0,0,0,0,0,0,0,265,0,0,20,0,0,0,175,0,0,0,0,0,0,0,0,0,0,0,0,24,0,0,0,0,0,0,0,0,7
Dannemora,Clinton,24,0,0,0,3,0,0,0,479,4,0,0,3,4,19,9,4,0,8,1,3,6,2,1,0,0,1,3,27,1,1,6,0,2,0,3,2,0,1,17,0,2,12,8,3,5,0,0,1,0,1,1,0,2,3,7,1,5,0,1,0,0,0,10,1,0,0,1,0,0,0,2,3,12,9,20,2,0,0,0,8,12,0,6,0,41,2,1,0,0,36,4,0,0,0,0,0,0,0,0,0,260,1,0,25,1,27,1,140,1,0,0,0,0,0,1,0,0,0,0,0,5,0,0,0,3,0,1,1,0,47
Bangor,Franklin,1,0,0,0,4,0,0,0,94,0,0,0,1,0,7,"1,232",0,0,0,0,0,1,0,0,0,0,0,0,5,3,0,0,0,0,0,0,0,0,0,4,0,0,28,1,0,0,0,0,0,0,0,0,0,0,0,9,0,0,0,0,0,0,0,12,0,0,0,0,0,0,0,0,0,1,0,36,0,0,0,0,36,0,0,4,0,3,2,0,0,0,333,0,5,0,0,0,0,0,0,0,0,260,0,0,3,0,0,0,81,0,0,0,0,0,0,0,0,0,0,0,0,9,0,0,0,0,0,0,0,0,5
Granby,Oswego,42,1,3,0,96,0,1,44,3,46,8,4,18,3,2,0,2,3,32,1,31,64,4,4,0,37,10,38,9,1,53,334,4,5,6,"1,748",41,0,0,38,0,0,37,43,8,10,0,7,4,0,2,1,8,3,2,57,20,24,0,0,0,0,2,55,0,0,0,1,6,3,0,0,0,5,1,65,6,1,0,0,14,9,0,17,0,9,7,0,0,0,51,0,5,0,1,0,0,0,0,0,0,251,0,0,95,6,23,0,257,0,0,0,0,0,1,0,0,0,0,0,0,14,0,0,0,0,0,0,0,0,89
Gouverneur,St. Lawrence,3,1,0,0,1,0,0,2,10,0,2,0,3,0,4,11,16,3,1,0,50,186,5,26,1,5,1,25,7,6,41,5,3,1,0,10,7,0,0,3,0,0,"1,698",13,2,1,0,0,0,0,0,0,0,1,0,39,1,1,0,1,0,0,0,30,0,0,0,2,1,1,0,0,0,2,1,70,2,0,1,1,10,3,0,3,0,3,5,0,0,0,106,1,3,0,0,0,0,0,0,0,0,251,0,0,50,1,2,0,72,0,0,0,0,0,0,0,0,0,0,0,0,69,0,0,0,0,0,28,0,0,1
Bombay,Franklin,0,0,0,0,0,0,0,0,26,1,0,1,1,0,2,935,0,0,1,0,0,2,0,2,0,0,1,0,0,0,1,0,0,0,1,0,0,0,0,1,0,0,107,0,0,0,0,0,0,0,0,0,0,0,0,16,0,0,0,0,0,0,0,0,0,0,0,0,0,1,0,0,0,2,0,4,0,0,0,0,14,0,0,1,1,2,0,0,0,0,121,0,0,0,0,0,0,0,0,0,0,250,0,0,12,0,0,0,177,1,0,0,0,0,0,0,0,0,0,0,0,2,0,0,0,0,0,0,0,0,3
Kingsbury,Washington,11,0,0,0,3,0,0,4,16,4,0,3,19,0,56,4,1,0,7,0,10,1,10,1,0,1,1,2,20,1,2,2,0,1,2,4,0,0,2,44,0,0,3,120,1,4,0,0,0,0,0,0,0,2,291,"2,147",2,0,0,0,2,0,0,27,1,0,0,2,0,5,0,0,0,0,0,37,3,1,0,0,8,4,0,3,0,9,10,1,0,0,205,4,2,0,0,0,0,0,0,0,0,244,0,0,59,0,2,0,296,0,0,0,0,0,2,0,0,0,0,0,0,6,0,0,0,2,0,0,0,0,13
Constable,Franklin,2,0,0,0,0,0,0,0,29,1,0,0,2,0,9,781,0,1,1,0,0,0,1,0,0,0,0,1,0,0,4,0,0,0,0,0,1,0,0,1,0,0,13,0,0,1,0,0,0,0,0,0,0,0,0,5,0,0,0,0,0,0,0,1,0,0,0,0,0,0,0,0,0,2,0,23,0,0,0,0,15,0,0,0,0,3,0,0,0,0,194,0,0,0,0,0,0,0,0,0,0,242,0,0,10,0,1,0,156,0,0,0,0,0,0,0,0,0,0,0,0,7,0,0,0,0,0,0,0,0,13
Williamstown,Oswego,11,0,1,0,2,0,0,4,3,8,1,1,2,1,2,1,17,0,21,0,67,43,1,17,0,19,0,12,15,2,255,15,5,1,4,635,20,0,0,42,0,0,10,6,0,9,0,2,3,0,0,1,1,0,0,14,8,5,0,0,0,0,0,20,0,0,0,1,0,1,0,0,0,1,0,24,4,0,0,0,4,7,0,1,0,11,0,0,2,0,24,0,0,0,0,0,0,0,0,0,0,242,0,0,61,1,29,0,185,0,0,0,0,0,1,0,0,0,1,1,0,14,0,1,0,0,0,1,0,0,22
Moriah,Essex,8,0,1,0,2,0,0,0,212,0,0,0,1,1,"2,481",15,2,1,2,4,2,3,4,0,0,0,0,1,21,1,4,0,0,27,0,3,0,0,0,9,0,1,16,11,2,3,0,0,0,0,0,0,0,0,14,40,0,1,0,0,0,0,0,13,0,1,0,4,1,5,0,0,0,0,0,24,7,0,0,0,36,13,0,2,0,15,5,1,0,0,403,0,4,0,0,0,1,0,0,0,0,239,0,0,79,0,3,0,865,1,0,1,0,0,1,0,0,0,0,0,0,18,0,0,0,0,0,1,0,0,4
Wilna,Jefferson,7,0,1,0,8,1,0,4,11,2,1,1,9,1,1,7,3,5,4,1,56,"2,174",0,190,1,9,1,41,58,1,56,17,2,2,0,23,16,0,5,3,0,1,105,30,2,16,1,0,1,0,1,1,0,0,3,13,5,2,2,2,0,0,2,37,0,0,0,4,1,2,0,0,0,6,0,69,4,3,0,0,19,14,1,9,0,18,4,1,0,0,96,1,4,0,0,0,0,0,0,0,0,236,0,0,31,13,23,0,303,6,0,0,0,0,0,0,0,0,7,0,0,9,0,0,0,7,0,1,0,0,83
Auburn,Cayuga,78,23,17,3,"5,282",20,15,30,7,35,64,22,78,50,5,1,12,15,25,0,47,43,28,6,37,85,81,48,182,14,178,381,62,54,6,76,73,9,5,102,0,2,8,66,54,34,6,131,33,2,4,18,121,50,2,56,74,31,21,24,0,1,3,213,0,1,4,29,9,5,2,4,5,11,30,307,49,2,2,6,47,91,1,39,1,88,45,0,4,0,110,28,13,5,0,3,3,2,0,1,0,235,1,0,523,15,339,27,"1,900",2,0,0,0,0,2,0,0,0,27,0,0,125,0,1,1,4,0,13,5,0,148
Porter,Niagara,4,3,0,2,3,2,0,5,5,3,2,1,3,15,6,0,9,20,11,0,12,25,0,2,5,1,24,11,10,"1,302",4,2,7,1,5,5,4,1,1,7,0,0,8,4,1,14,0,24,3,4,1,0,2,3,5,2,9,0,3,2,0,0,1,11,0,2,0,3,4,2,0,0,1,6,0,18,12,0,0,0,30,26,0,10,0,22,2,0,0,0,51,1,4,0,0,0,0,0,0,0,0,228,0,0,58,2,21,0,180,0,0,3,0,0,3,0,0,0,13,0,0,14,0,0,1,0,0,1,1,0,27
Beekmantown,Clinton,8,0,0,0,1,0,0,0,"1,863",0,0,0,2,0,41,13,0,2,0,0,3,2,1,0,0,0,1,6,0,2,1,0,0,0,0,0,0,0,3,7,0,7,7,0,0,0,0,0,0,1,0,0,0,0,4,7,3,0,0,0,0,0,0,7,0,0,0,0,1,0,0,0,0,1,0,20,0,0,0,0,20,0,0,0,0,2,4,0,0,0,140,4,0,0,0,0,3,0,0,0,0,214,0,0,8,2,0,0,291,0,0,0,0,0,0,0,0,0,0,0,0,5,0,0,0,0,0,0,0,0,1
Stockholm,St. Lawrence,18,1,0,0,0,0,0,1,38,2,0,2,3,0,187,73,2,1,0,0,14,3,1,3,0,2,2,0,7,0,5,0,0,0,1,2,1,0,0,2,0,0,"2,235",1,1,0,0,0,2,0,0,0,0,0,0,7,0,0,0,0,0,0,0,24,0,0,0,2,0,2,0,0,0,6,0,34,3,0,0,0,112,1,0,4,0,1,4,0,0,0,510,0,6,0,0,0,0,0,0,0,0,204,0,0,17,2,0,0,211,0,0,0,0,0,0,0,0,0,0,0,0,2,0,0,0,0,0,0,0,0,8
Brownville,Jefferson,18,0,0,0,3,1,1,1,10,8,0,1,4,1,3,8,11,5,3,0,87,"2,176",0,41,0,8,1,126,9,2,46,9,2,0,1,16,35,0,0,9,0,0,36,22,2,13,1,1,0,0,0,0,2,3,4,17,0,0,1,0,0,0,0,31,0,0,1,10,1,0,0,0,0,2,1,63,7,0,0,0,28,5,0,1,0,16,10,0,2,0,58,2,8,0,0,0,0,0,0,0,0,199,0,0,104,3,17,0,119,0,0,1,0,0,0,0,0,0,1,0,0,2,0,0,0,1,0,0,0,0,53
Adams,Jefferson,14,8,1,0,3,0,1,3,11,6,7,5,13,4,4,2,4,1,3,0,55,"2,004",2,97,0,37,1,26,12,2,107,19,3,0,1,65,25,0,0,102,0,0,32,15,0,3,0,1,2,1,0,0,1,0,6,33,0,1,2,1,0,0,0,50,0,0,1,2,1,1,0,0,1,1,0,70,6,1,0,0,14,5,0,12,0,8,24,0,0,0,88,4,6,1,0,0,0,0,0,0,0,198,0,0,49,1,0,0,81,0,0,0,0,0,0,2,0,0,0,0,0,5,0,0,0,0,0,3,0,0,37
Oswego,Oswego,5,0,0,0,74,0,2,3,5,11,2,2,7,0,6,4,0,6,5,0,36,76,2,1,1,18,3,10,21,1,70,68,0,3,0,"1,514",35,1,0,27,0,0,28,15,11,30,0,3,0,0,4,0,2,2,1,42,21,12,0,0,0,0,0,37,0,0,0,3,0,2,0,0,0,1,0,34,8,0,1,4,5,2,0,10,0,5,27,0,1,0,38,2,4,0,0,0,0,0,0,0,0,194,1,0,56,15,16,0,188,0,0,2,0,0,0,0,0,0,1,0,0,6,0,0,0,0,0,0,2,0,58
Richland,Oswego,17,3,2,0,12,3,1,11,3,17,2,5,16,2,6,2,1,6,1,0,112,318,3,30,2,47,3,27,8,3,188,28,3,2,4,"2,137",81,0,0,31,1,1,18,33,2,2,0,2,2,4,0,0,2,1,0,30,1,2,1,0,0,0,1,71,0,0,0,8,0,0,0,0,1,4,1,73,8,1,0,0,24,5,0,10,0,6,14,0,0,0,149,2,13,1,0,0,0,0,0,0,0,192,7,1,72,2,8,0,120,0,0,0,0,0,0,0,0,0,0,0,0,0,0,0,0,7,0,3,0,0,93
Schuyler Falls,Clinton,1,0,0,0,0,0,0,0,"1,241",1,0,0,2,0,38,15,0,0,0,0,0,0,1,0,0,0,0,0,1,0,0,1,0,0,0,0,0,0,0,5,0,0,12,4,0,1,0,0,0,0,0,0,0,0,1,8,0,0,0,0,0,0,2,11,0,0,0,0,0,0,0,0,0,3,3,15,1,0,2,0,22,4,0,0,0,1,0,0,0,0,145,0,0,0,0,0,0,0,0,0,0,191,0,0,12,1,0,0,124,0,0,0,0,0,1,0,0,0,0,0,0,0,0,0,0,0,0,0,0,1,0
Grand Island,Erie,2,3,0,2,5,3,1,0,15,0,0,0,0,501,0,0,0,5,0,0,3,2,0,3,2,1,9,1,1,14,18,1,2,1,2,2,1,0,0,0,0,0,2,5,0,0,0,0,0,0,0,1,0,0,0,4,4,0,1,0,0,0,0,3,0,0,0,3,0,0,0,1,0,2,8,3,0,2,0,0,0,6,0,9,0,8,1,1,0,0,12,2,8,0,0,0,0,0,0,0,0,190,1,0,30,6,220,12,62,0,0,4,0,0,0,0,0,0,0,0,0,15,0,0,1,0,0,3,0,0,0
Barre,Orleans,54,18,7,11,50,24,3,6,3,34,13,9,36,40,3,5,3,138,14,5,38,30,7,1,45,47,311,37,31,88,81,58,123,7,"2,978",14,69,11,3,75,0,1,18,102,7,19,0,20,7,0,4,8,18,10,2,43,67,11,28,14,0,0,0,168,0,0,3,13,9,2,1,1,0,6,13,143,62,2,0,1,38,32,0,30,0,50,16,0,1,0,155,1,19,1,1,0,0,0,0,0,0,187,0,0,395,5,89,0,400,1,1,1,0,0,0,0,0,0,5,1,0,18,0,0,0,0,0,1,4,1,53
Hammond,St. Lawrence,1,0,0,0,0,3,0,1,10,1,0,0,1,2,2,2,0,0,0,0,36,81,1,15,0,4,4,52,0,0,38,2,0,0,0,5,10,0,0,3,0,0,"1,023",11,0,2,0,0,0,0,0,0,0,0,0,1,0,0,0,0,0,0,0,4,0,0,0,3,1,0,0,0,0,0,0,22,1,0,0,0,12,0,0,3,0,0,1,0,0,0,29,0,1,0,0,0,0,0,0,0,0,184,0,0,9,1,5,0,51,0,0,0,0,0,0,0,0,0,0,0,0,158,0,0,0,0,0,0,0,0,23
Utica,Oneida,248,3,11,0,28,7,14,78,2,27,17,19,55,24,2,1,21,10,23,7,587,87,33,99,8,176,54,122,458,6,"11,293",118,16,14,2,81,236,1,2,97,5,7,21,59,61,65,3,14,21,1,1,4,5,9,6,33,15,13,2,3,0,1,1,244,2,1,6,28,4,3,0,2,2,23,24,273,32,0,3,2,38,70,7,42,0,77,54,5,3,2,109,12,38,2,2,17,5,0,0,1,1,180,10,0,"1,239",227,"2,263",24,"2,731",3,0,1,2,0,11,71,0,0,22,10,3,185,0,0,3,61,1,811,2,4,233
Scriba,Oswego,11,2,1,1,24,0,1,2,3,11,6,0,10,3,0,8,4,0,8,0,83,71,0,4,1,31,4,16,8,2,89,45,1,2,2,"1,875",27,0,0,19,0,3,20,26,3,25,0,2,3,0,0,0,5,0,2,50,7,2,0,3,0,0,1,50,0,0,0,4,0,1,0,0,0,1,0,43,2,0,0,1,9,6,0,4,0,7,20,0,0,0,34,0,2,0,0,0,1,0,0,0,0,178,0,0,59,4,26,0,173,0,0,0,0,1,0,0,0,0,0,0,0,5,0,0,0,0,0,1,0,1,55
Tonawanda,Erie,2,9,2,5,6,3,1,2,0,0,2,0,3,"1,371",2,4,0,6,1,0,25,11,0,1,6,9,16,8,14,158,14,9,9,3,6,1,1,0,0,7,0,0,3,1,0,5,1,2,10,0,1,1,4,0,1,2,3,0,0,5,0,0,0,9,0,0,0,5,0,2,1,0,1,11,5,16,9,0,2,1,3,12,0,12,0,24,1,0,0,0,24,0,4,0,0,0,0,0,0,0,0,177,0,0,38,180,552,4,142,0,0,0,0,0,0,0,0,0,13,0,0,15,0,1,1,0,0,3,1,0,12
Ticonderoga,Essex,9,1,0,0,0,0,0,0,21,1,0,0,4,0,"1,590",5,1,0,0,0,0,0,6,0,0,2,0,2,3,0,1,1,0,1,1,0,0,0,1,3,0,0,8,8,0,1,0,0,2,0,0,0,0,0,77,105,0,1,0,0,1,0,0,13,0,0,0,0,1,0,0,0,0,1,0,20,1,0,0,0,31,3,0,2,0,11,1,0,0,0,307,1,4,0,0,0,0,0,0,0,0,170,0,0,26,0,1,0,139,0,0,1,0,0,1,0,0,0,0,0,0,2,0,0,0,0,0,0,0,0,14
Russell,St. Lawrence,1,0,0,0,2,0,0,1,14,2,1,0,2,0,20,3,0,2,1,0,33,209,0,25,0,0,0,14,1,2,28,4,0,0,0,3,18,0,1,4,0,0,"1,655",0,0,1,0,0,0,0,0,0,0,0,2,10,0,0,1,0,0,0,0,21,0,0,0,2,1,0,0,0,0,5,0,66,1,0,0,0,13,1,0,1,0,2,1,0,0,0,143,0,4,0,0,0,0,0,1,0,0,170,0,0,26,0,2,0,74,0,0,0,0,0,0,0,0,0,0,0,0,6,0,0,0,2,0,0,0,0,22
Parishville,St. Lawrence,4,0,0,0,1,0,0,1,53,6,1,0,2,0,32,60,0,1,4,2,1,13,0,3,0,0,0,5,2,1,1,0,0,0,0,7,0,0,0,4,0,0,"1,208",1,2,3,0,0,0,0,0,0,0,0,2,3,0,0,0,0,0,0,1,15,0,0,0,1,1,0,0,1,0,5,0,30,2,0,0,0,109,0,0,1,0,0,3,0,0,0,358,1,6,0,0,0,0,0,0,0,0,166,0,0,14,0,0,0,79,0,0,0,0,0,0,0,0,1,0,0,0,1,0,0,0,0,0,0,0,0,11
Dunkirk,Chautauqua,23,29,20,100,14,"2,713",11,17,0,3,1,11,16,243,6,1,3,37,9,1,15,19,8,4,5,25,38,16,77,8,31,17,18,39,3,13,24,0,0,12,4,10,4,6,2,6,0,14,20,0,5,6,11,5,4,16,8,9,14,3,0,0,1,72,0,2,1,6,6,2,0,4,0,41,10,160,15,0,0,5,60,56,0,67,0,154,5,0,0,0,56,10,0,0,0,0,1,0,0,0,2,164,3,0,215,21,"1,102",40,"1,243",0,0,3,2,0,2,15,0,0,1,0,0,67,0,0,3,5,0,5,0,2,45
Wilson,Niagara,12,5,2,4,20,5,0,5,12,29,2,8,13,29,4,1,9,37,1,0,21,20,1,1,13,9,80,23,8,"1,647",41,17,9,3,47,1,26,1,3,21,0,0,25,58,2,28,0,49,4,2,5,0,6,8,1,15,5,0,5,1,0,0,0,31,0,0,0,8,0,0,0,0,0,4,1,38,39,0,0,0,19,25,0,8,0,29,3,0,0,0,73,0,6,0,0,0,0,0,0,0,0,164,0,0,79,2,155,0,117,0,0,0,0,2,0,0,0,0,4,0,0,14,0,0,0,0,0,0,0,1,38
Madrid,St. Lawrence,0,0,0,0,0,0,0,0,7,0,0,0,2,1,3,12,0,1,0,0,4,9,0,5,1,0,0,1,0,0,1,0,0,0,2,3,1,1,0,3,0,0,"1,392",0,2,4,0,0,0,0,0,0,0,0,2,1,1,0,0,0,0,0,0,11,0,0,0,1,0,0,0,0,1,0,1,39,4,0,0,0,13,2,0,1,0,1,3,0,0,0,160,1,1,0,0,0,0,0,0,0,0,164,0,0,44,1,0,0,150,0,0,0,0,0,1,0,0,0,0,0,0,49,0,0,0,0,0,0,0,0,2
Pamelia,Jefferson,5,0,0,2,0,0,0,5,3,4,1,0,8,1,0,3,4,0,1,0,107,"1,396",0,31,0,8,2,76,9,1,17,4,2,3,0,18,20,0,0,6,0,0,38,17,0,5,0,0,0,2,0,1,0,1,0,22,1,0,0,0,0,0,0,25,0,0,0,5,0,0,0,0,0,0,0,44,2,1,3,0,16,1,0,1,0,11,3,1,0,0,46,0,1,0,0,0,0,0,0,0,0,161,0,0,65,14,29,0,161,0,0,1,1,0,2,0,0,0,1,2,0,13,0,0,0,1,0,3,0,1,53
Morristown,St. Lawrence,7,0,0,0,0,1,0,1,7,0,0,2,1,0,0,4,8,1,0,0,90,21,0,10,0,1,0,108,5,0,11,2,2,0,0,2,7,0,0,8,0,0,"1,123",16,3,3,0,0,0,0,0,0,0,0,0,2,1,0,4,0,0,0,0,4,0,0,0,2,0,0,0,0,0,1,0,14,0,0,0,0,8,2,0,1,0,1,2,0,0,0,42,0,0,0,0,0,0,0,0,0,0,158,0,0,62,0,3,0,57,0,0,0,0,0,0,0,0,0,0,0,0,45,0,0,0,0,0,1,0,0,27
Macomb,St. Lawrence,1,0,0,0,3,0,0,1,8,0,0,1,1,0,1,6,9,6,0,0,27,93,0,13,0,1,0,14,1,0,12,5,5,0,0,5,13,0,0,3,0,0,"1,129",9,1,1,0,1,0,0,0,0,0,0,1,9,0,0,0,0,0,0,0,2,0,0,0,4,0,0,0,0,0,0,0,7,1,0,0,1,4,3,0,5,0,1,5,0,0,0,30,0,2,0,0,0,0,0,0,0,0,155,0,0,79,1,2,0,72,0,0,1,0,0,0,1,0,0,0,0,0,32,0,0,0,0,0,0,0,0,0
Rutland,Jefferson,5,0,0,1,0,1,0,1,2,0,2,1,1,1,1,5,5,0,1,0,20,"1,155",0,125,0,1,1,12,5,3,41,6,0,0,0,13,5,0,0,5,0,0,69,16,0,6,0,0,1,0,0,0,1,0,1,3,1,1,0,1,0,0,0,31,0,0,0,5,0,0,1,0,0,7,0,62,9,1,0,0,15,2,0,4,0,4,6,0,0,0,45,1,5,0,0,0,1,0,0,0,0,155,0,0,24,4,0,0,40,0,0,0,0,0,0,0,0,0,4,0,0,3,0,0,0,0,0,8,0,0,8
Orleans,Jefferson,4,1,0,0,2,0,0,1,2,1,3,1,2,3,1,0,6,0,0,0,261,"1,778",4,20,1,2,3,43,9,3,33,3,0,5,0,11,18,0,0,4,0,0,13,10,1,3,1,0,3,0,0,0,0,5,11,11,0,0,0,0,0,0,0,22,0,0,0,1,0,0,0,0,0,0,0,15,1,0,1,1,14,1,0,9,0,8,7,0,0,0,27,0,3,0,0,0,0,0,0,0,0,154,0,0,11,10,147,0,59,0,0,1,0,0,0,0,0,0,0,0,0,2,0,0,0,6,0,0,0,0,8
Sweden,Monroe,24,17,5,8,45,3,2,10,4,16,3,2,28,22,6,3,5,102,16,0,15,17,0,3,20,34,"1,809",24,24,33,75,15,48,9,112,11,15,6,0,43,0,7,9,29,2,9,4,10,6,1,3,1,6,3,1,36,38,7,14,3,2,0,0,101,0,0,1,8,3,0,1,1,0,4,1,59,29,1,1,0,33,21,0,12,0,21,9,0,1,0,116,3,9,0,0,0,0,0,0,1,0,153,0,0,167,0,95,4,391,0,0,5,0,0,2,0,0,0,0,0,0,19,1,0,0,4,0,0,0,0,23
Pierrepont,St. Lawrence,3,0,0,0,0,0,0,1,76,4,1,0,1,2,70,38,1,1,0,1,3,38,1,21,1,1,1,6,6,1,7,0,2,0,0,0,0,0,1,0,0,0,"1,343",5,0,2,0,0,0,0,0,0,0,0,5,27,3,1,0,0,0,0,0,12,0,0,0,2,2,4,0,0,0,3,0,39,0,0,0,0,40,8,0,1,0,1,2,0,0,0,336,0,10,0,0,0,0,0,0,0,0,152,0,0,18,0,0,0,95,0,0,0,0,0,0,0,0,4,0,0,0,6,0,0,0,0,0,2,0,0,12
Jay,Essex,3,0,0,0,0,0,0,0,167,0,0,1,1,0,"1,543",9,0,0,0,0,6,0,0,0,1,0,0,1,0,0,0,0,0,1,0,0,1,0,0,8,0,0,4,5,0,0,0,0,0,0,0,0,0,0,1,9,0,0,0,0,0,0,3,4,0,0,0,0,0,0,0,0,0,1,0,27,0,0,0,0,39,2,0,1,0,3,0,0,0,0,136,0,0,0,0,0,0,0,0,0,0,148,0,0,19,0,1,0,128,0,0,0,0,0,0,0,0,0,0,0,0,1,0,0,0,0,0,0,0,0,5
Diana,Lewis,2,0,0,3,3,2,0,1,4,0,0,6,1,0,4,5,3,0,0,0,12,327,0,579,0,7,3,9,2,0,20,4,0,3,0,13,12,0,0,5,0,0,134,7,1,3,0,0,0,0,0,0,0,0,2,7,1,0,0,0,0,0,0,7,0,0,0,1,0,2,0,0,0,0,0,33,0,0,0,0,2,2,0,3,0,2,4,0,0,0,60,0,1,0,0,0,0,0,0,0,0,142,0,0,9,14,8,1,135,0,0,0,0,0,1,1,0,0,3,0,0,8,0,0,0,19,0,0,0,0,2
Fort Edward,Washington,27,2,0,0,7,2,0,0,51,17,0,9,16,0,50,18,5,4,13,9,4,1,3,2,0,2,1,7,33,3,0,3,0,0,0,3,6,1,0,48,0,0,9,256,1,7,0,0,4,0,1,2,0,9,192,"2,156",7,1,0,1,0,0,0,19,0,0,0,5,0,1,0,0,2,2,5,43,2,0,0,0,16,8,0,4,0,14,5,5,0,0,178,2,4,0,1,0,0,0,0,0,0,138,0,0,35,1,12,0,452,0,0,1,0,0,0,0,0,0,4,0,0,10,1,0,0,0,0,8,0,0,24
Le Ray,Jefferson,3,0,1,0,1,0,0,2,24,12,0,0,11,2,0,12,10,3,0,0,206,"1,851",0,31,0,3,0,61,8,4,30,1,0,0,0,24,22,0,0,6,0,0,70,32,3,6,0,0,1,1,0,0,0,1,1,10,0,0,0,0,0,0,0,29,0,0,1,1,1,0,0,0,0,0,0,39,7,0,0,0,21,5,0,0,0,14,6,0,0,0,53,1,1,0,0,0,0,0,0,0,0,137,0,0,10,33,39,0,73,0,0,0,0,0,0,0,0,0,0,0,0,2,0,0,0,2,0,0,0,0,58
Colton,St. Lawrence,0,0,0,0,0,0,1,0,24,0,0,0,2,0,41,57,2,1,3,2,2,16,0,1,0,0,0,2,1,0,3,0,0,0,0,0,1,0,0,0,0,0,765,0,0,0,0,0,0,0,0,0,0,0,5,13,1,0,0,0,0,0,0,3,0,0,0,3,0,1,0,0,0,3,0,14,1,0,0,0,25,3,0,1,0,0,1,0,0,0,185,1,0,0,0,0,0,0,0,0,0,136,0,0,17,1,0,0,126,0,0,0,0,0,0,0,0,0,0,0,0,7,0,0,0,0,0,1,0,0,6
Rome,Oneida,55,1,4,3,28,3,0,23,4,26,8,11,31,12,5,1,11,11,12,0,175,140,10,126,12,68,12,79,94,5,"5,002",35,6,9,6,76,54,0,0,76,1,4,29,46,11,33,1,2,5,2,0,1,2,10,3,20,15,8,0,0,1,0,2,154,0,0,1,13,5,3,0,0,2,11,7,144,15,0,1,0,41,21,3,9,0,29,32,0,3,0,98,4,18,5,2,11,0,0,1,0,0,134,0,0,314,53,721,0,875,0,0,0,0,0,0,4,0,0,6,0,0,32,0,0,0,5,0,158,1,1,74
Rossie,St. Lawrence,0,0,1,1,1,0,0,1,9,1,0,0,1,0,9,3,1,1,1,0,28,177,1,20,1,1,1,10,3,0,22,2,1,0,0,6,1,0,0,2,0,0,981,7,4,4,0,0,0,0,0,0,3,0,0,1,0,1,1,0,0,0,0,13,0,0,0,4,1,0,0,0,0,0,0,25,3,0,0,0,11,1,0,0,0,3,2,0,0,0,58,0,0,0,0,0,0,0,0,0,0,134,0,0,26,0,0,0,151,0,0,0,0,0,0,0,0,0,0,0,0,76,0,0,0,1,0,0,0,2,17
Antwerp,Jefferson,3,0,0,0,1,0,0,1,3,4,0,1,2,2,10,10,3,2,1,0,77,"1,993",0,75,0,11,1,12,0,0,56,8,0,2,0,10,8,0,0,5,0,0,207,17,1,3,0,0,1,0,0,0,1,1,2,18,1,0,1,0,0,0,0,28,0,0,0,1,0,0,0,1,0,4,0,68,1,0,0,0,18,5,0,3,0,3,3,0,0,0,79,0,4,0,0,0,0,0,0,0,0,132,0,0,64,6,10,0,90,0,0,0,0,0,0,0,0,0,0,0,0,52,0,0,0,1,0,1,0,0,4
Elizabethtown,Essex,1,0,0,0,1,0,0,0,94,2,0,0,1,0,981,6,0,0,0,0,1,0,0,0,0,0,0,1,3,0,3,1,0,1,0,0,0,0,0,3,0,0,6,4,0,0,0,0,0,0,0,0,0,0,9,7,0,1,0,0,0,0,0,3,0,0,1,1,0,0,0,0,0,5,0,18,0,0,0,0,14,4,0,0,0,1,0,5,0,0,126,0,0,0,0,0,0,0,0,0,0,131,0,0,15,0,2,0,98,0,0,0,0,0,0,0,0,0,0,0,0,4,0,0,0,0,0,0,0,0,38
De Kalb,St. Lawrence,3,1,0,0,1,0,0,2,11,0,2,0,1,0,4,7,2,2,1,0,66,157,1,30,0,0,1,15,4,0,21,7,1,1,0,8,15,0,0,6,0,0,"1,966",7,1,5,0,0,0,0,2,0,0,0,0,14,0,0,2,0,0,0,0,26,0,0,0,2,1,0,0,0,0,3,2,96,8,0,1,1,18,1,0,4,0,1,3,0,0,0,97,0,1,0,0,0,0,0,0,0,0,131,0,0,80,1,2,0,196,0,0,0,0,0,1,0,0,0,2,0,0,6,0,0,0,0,0,21,0,0,30
Westport,Essex,2,0,0,0,0,0,0,0,38,0,0,1,6,0,"1,077",5,0,0,0,0,1,0,5,0,0,0,0,0,2,1,1,0,0,6,0,0,0,0,0,3,0,0,2,7,0,0,0,0,0,0,1,2,0,2,0,23,0,0,0,0,0,0,0,16,0,0,0,1,0,7,0,0,0,0,2,19,1,0,0,1,49,2,2,4,0,1,0,0,0,0,198,0,3,0,0,0,0,0,0,0,0,129,0,0,10,0,2,0,39,0,0,0,0,0,0,0,0,0,0,0,0,8,0,0,0,0,0,0,0,0,10
Ellisburgh,Jefferson,3,1,0,2,12,5,2,13,6,6,5,1,5,1,2,13,7,3,2,0,83,"3,463",2,44,1,26,3,25,6,1,139,16,1,1,0,291,23,0,1,47,0,2,33,38,5,8,0,0,0,1,2,0,1,0,2,27,4,0,2,2,0,0,0,39,0,0,0,2,0,0,0,0,1,3,0,119,13,4,2,0,43,4,1,7,0,4,34,0,0,0,226,1,12,0,0,0,0,0,0,0,0,126,0,0,60,3,6,0,87,0,0,2,0,0,0,0,0,0,0,0,0,23,0,0,0,0,0,2,0,0,70
Newfane,Niagara,18,2,1,5,13,3,0,1,3,23,3,2,29,34,4,0,2,26,4,0,8,10,0,0,13,6,53,13,18,"1,674",11,13,21,20,73,2,9,1,2,17,0,0,7,26,32,13,0,65,9,0,0,3,9,2,0,15,35,3,7,4,0,0,0,34,0,0,0,9,1,1,0,0,0,9,1,26,17,0,0,0,10,55,0,4,0,31,7,0,0,0,85,3,3,0,0,0,1,0,0,0,0,126,0,0,110,4,63,0,216,0,0,2,0,0,0,0,0,0,6,0,0,12,0,0,0,1,0,0,6,2,34
Moira,Franklin,1,1,0,0,1,0,0,0,20,0,0,0,2,0,3,887,0,0,1,0,12,13,0,0,0,0,0,0,3,0,2,0,0,0,0,1,1,0,0,0,0,0,120,0,1,0,0,0,0,0,0,0,0,0,1,3,0,0,1,0,0,0,0,16,0,0,0,3,0,0,0,0,0,1,0,20,1,0,0,0,83,1,0,7,0,2,2,0,0,0,219,0,4,0,0,0,0,0,0,0,0,122,0,0,2,0,0,0,134,0,0,0,0,0,0,0,0,0,0,0,0,0,0,0,0,0,0,0,1,0,3
Theresa,Jefferson,8,0,1,0,1,0,0,1,21,2,3,3,2,0,4,5,3,3,3,1,146,"1,155",1,24,0,7,8,69,8,0,41,9,0,0,0,8,29,0,0,2,0,0,75,17,5,6,0,0,1,0,0,0,0,0,0,10,5,0,2,0,0,0,0,28,0,0,0,1,0,0,0,0,0,1,0,45,6,0,0,0,21,5,0,1,0,2,1,0,0,0,29,1,4,0,0,0,0,0,0,0,0,122,0,0,32,13,38,0,49,0,0,0,0,0,0,0,0,0,1,0,0,9,0,0,0,3,0,0,1,0,13
Saratoga Springs,Saratoga,152,1,3,3,20,4,7,13,20,24,2,7,62,4,28,9,41,2,20,6,17,25,20,2,6,12,21,67,135,3,42,13,5,10,3,7,26,0,20,284,0,0,6,"3,350",66,30,0,1,2,2,0,2,2,12,71,317,10,29,0,0,0,0,3,78,0,1,1,11,3,4,0,9,4,21,10,187,9,3,1,5,61,29,2,15,0,28,11,0,1,1,285,10,14,0,0,0,2,0,0,0,0,121,0,0,135,8,81,1,"1,028",1,0,0,0,0,4,0,0,0,0,0,0,19,0,0,0,1,0,3,4,0,40
Royalton,Niagara,13,3,5,2,27,10,0,7,2,9,4,4,23,105,6,0,4,36,9,0,39,7,7,1,14,16,59,30,20,"2,103",22,27,38,3,138,7,14,11,2,36,0,0,8,36,3,14,0,58,3,1,1,1,0,1,1,36,8,3,6,5,0,0,0,55,0,0,0,10,5,4,0,0,0,9,1,56,35,0,0,1,17,20,0,19,0,124,17,0,0,0,89,2,4,1,0,0,0,0,0,0,0,119,0,0,165,6,207,0,198,0,0,1,0,0,1,0,0,0,417,0,0,18,0,0,0,1,0,0,0,0,41
Greenbush,Rensselaer,625,2,1,0,5,2,0,3,6,278,7,50,59,3,2,1,17,1,59,0,8,5,6,1,3,1,14,23,115,3,40,8,8,15,0,3,22,1,15,"3,373",3,3,4,78,46,27,1,0,4,4,0,0,1,38,1,30,6,16,0,2,0,0,0,49,0,1,3,22,2,0,0,1,0,19,4,137,4,0,0,0,21,55,1,7,0,22,12,1,1,0,70,9,6,0,0,0,0,0,0,0,0,117,0,0,195,10,300,4,"1,071",0,0,5,3,0,2,0,0,0,7,0,0,26,0,0,0,0,0,9,2,2,17
Wheatland,Monroe,16,6,0,2,8,1,1,6,0,5,0,3,12,4,3,1,1,47,5,0,14,4,0,5,89,6,"1,381",9,16,6,12,13,19,5,12,2,8,1,4,4,0,0,4,26,1,7,0,10,4,0,0,1,1,13,0,19,6,5,13,1,2,0,0,28,0,0,0,3,4,0,0,1,0,3,3,40,16,1,0,0,10,8,0,10,0,21,1,2,0,0,24,3,1,0,0,0,0,0,0,0,0,116,0,0,89,2,29,4,338,0,0,0,0,0,0,0,0,0,0,0,0,66,0,0,0,0,0,2,0,1,6
Ridgeway,Orleans,29,5,11,6,41,8,4,9,1,13,6,9,53,49,5,0,3,61,5,0,27,15,2,0,9,30,126,36,25,173,48,62,54,7,"2,347",13,31,0,3,44,0,3,8,58,19,29,0,14,2,1,1,2,15,14,4,36,48,8,17,4,0,0,0,75,0,0,1,5,5,3,0,1,0,3,7,104,30,0,2,2,22,28,0,23,0,41,17,0,2,0,136,9,13,1,0,1,0,0,0,0,0,115,0,0,417,2,94,2,460,0,0,0,0,0,1,0,0,0,5,0,0,29,1,0,0,0,0,2,0,1,15
Emira City,Chemung,82,61,125,17,94,18,"4,003",105,2,28,54,87,70,38,6,0,2,30,38,0,35,8,22,4,39,66,115,19,259,8,79,66,138,342,5,28,103,10,3,34,5,13,14,21,8,20,105,74,269,4,59,181,381,51,0,21,28,45,19,132,2,0,0,173,5,2,13,25,3,2,2,5,5,39,103,250,30,1,2,9,26,236,10,40,1,"1,057",23,6,7,0,65,67,10,5,0,0,1,0,0,3,0,114,0,0,327,33,431,431,"1,816",0,0,0,0,0,2,0,0,0,28,0,0,64,0,0,1,17,0,113,2,1,257
Crown Point,Essex,3,1,0,0,1,0,0,0,33,0,0,0,1,1,"1,726",13,1,0,2,1,1,2,1,0,0,0,0,1,1,0,0,1,0,2,0,0,1,0,0,4,0,0,17,5,1,0,0,0,0,0,0,0,1,0,27,30,0,3,0,0,0,0,0,21,0,0,0,2,0,1,0,0,0,1,0,32,4,0,0,0,96,3,0,6,0,4,1,0,0,1,318,1,7,0,0,0,0,0,0,0,0,114,0,0,30,1,0,0,96,0,0,0,0,0,0,0,0,0,0,0,0,13,0,0,0,0,0,0,0,0,3
Hopkinton,St. Lawrence,2,0,0,0,1,2,0,0,26,1,0,0,1,0,80,87,0,0,0,0,1,10,0,5,0,0,0,0,2,0,0,0,0,0,0,1,0,0,0,0,0,0,"1,125",4,0,0,0,0,0,0,0,0,0,0,0,4,0,0,0,0,0,0,0,7,0,0,0,2,0,1,0,0,0,2,0,33,2,0,0,0,44,0,0,6,0,1,2,0,0,0,295,0,4,0,0,0,0,0,0,0,0,110,0,0,10,0,1,0,39,0,0,1,0,0,1,0,0,0,0,0,0,3,0,0,0,1,0,0,0,0,24
Saint Armand,Essex,2,0,1,0,0,0,0,0,13,1,0,0,9,0,967,2,1,0,2,5,0,1,0,0,0,0,0,0,3,0,1,0,0,1,0,0,3,0,0,6,0,0,1,11,0,0,0,0,2,0,0,0,0,0,147,44,0,0,0,0,0,0,0,22,0,0,0,0,0,0,0,0,0,1,0,32,1,0,0,0,22,0,0,1,0,1,8,0,1,0,129,0,1,0,0,0,0,0,0,0,0,107,0,0,9,0,24,0,86,2,0,0,0,0,0,0,0,0,0,0,0,4,0,0,0,0,0,0,0,0,14
Dickinson,Franklin,2,0,0,0,0,0,0,1,41,0,0,0,0,0,47,895,1,0,0,0,0,8,0,4,0,0,1,0,0,0,0,2,0,0,0,0,1,0,0,0,0,0,145,0,1,0,0,0,0,0,0,0,0,0,2,1,0,0,0,0,0,0,0,6,0,0,0,3,0,0,0,0,0,1,0,18,0,0,0,0,50,0,0,4,0,0,3,0,0,0,383,0,2,0,0,0,1,0,0,0,0,107,0,0,6,0,0,0,18,0,0,0,0,0,0,0,0,0,0,0,0,3,0,0,0,0,0,0,0,1,25
Hannibal,Oswego,37,2,2,5,323,0,0,7,5,28,7,3,22,2,3,8,1,5,9,0,30,33,2,3,0,31,7,17,7,1,46,199,12,9,0,"1,541",17,1,1,48,0,0,10,48,16,16,0,7,1,1,3,0,6,10,3,108,59,14,0,2,0,0,0,61,0,0,0,4,0,0,1,0,0,3,0,47,11,0,0,0,10,9,0,6,0,6,3,0,0,0,69,0,7,0,1,0,0,0,0,0,0,107,0,0,26,3,15,3,85,0,0,0,0,0,0,0,0,0,0,0,0,9,0,0,0,0,0,1,0,0,49
Sterling,Cayuga,72,0,1,2,"1,370",0,4,5,1,10,13,12,15,5,1,1,12,5,7,0,22,26,5,5,0,23,10,24,28,0,27,123,1,23,2,150,9,0,0,16,0,7,10,40,22,26,0,9,3,1,9,5,3,6,9,99,112,8,2,1,0,0,0,24,0,0,1,3,2,2,1,0,0,7,9,27,10,0,0,3,4,15,0,6,0,10,6,0,0,0,32,4,1,0,0,0,0,0,0,0,0,105,0,0,97,0,11,0,97,0,0,1,0,0,1,0,0,0,0,0,0,26,1,0,0,0,0,0,0,0,7
Constantia,Oswego,39,2,2,0,10,2,1,9,5,12,7,2,18,5,2,0,5,1,145,5,58,47,3,7,9,66,4,20,6,4,366,101,3,3,1,"1,544",51,1,0,32,0,0,16,33,3,52,1,0,2,0,1,1,0,14,2,11,8,3,0,0,0,0,0,64,0,0,0,5,0,0,0,0,1,11,4,66,4,0,0,0,32,37,0,1,0,15,3,0,0,0,47,1,5,0,0,0,0,0,0,3,0,105,0,0,63,7,71,0,173,0,0,0,0,0,3,0,0,0,0,0,0,7,0,0,0,0,0,0,0,1,43
Brighton,Monroe,5,2,1,1,9,2,1,2,1,9,1,2,16,12,2,0,1,20,11,0,5,3,14,10,9,22,"1,396",15,193,7,10,15,26,2,4,2,19,0,0,14,0,0,4,12,2,4,1,5,6,4,0,0,1,0,0,10,28,5,2,0,0,0,0,44,0,0,0,6,5,0,0,1,3,14,3,84,10,1,0,0,23,22,2,11,0,18,5,1,2,0,35,9,3,0,0,25,0,0,0,0,0,104,0,0,147,4,425,114,447,1,0,0,0,1,2,0,0,0,4,0,0,32,0,0,0,14,0,1,0,3,14
Lawrence,St. Lawrence,0,0,0,0,0,0,0,0,61,1,0,0,2,2,81,149,0,0,2,0,0,4,0,5,0,0,0,0,2,1,6,5,0,0,0,4,0,0,0,0,0,0,"1,245",1,1,0,0,0,0,0,0,0,0,0,1,9,0,0,0,0,0,0,0,12,0,0,0,2,0,1,0,0,0,1,2,36,2,1,0,0,69,1,0,2,0,0,4,0,0,0,505,0,3,0,0,0,0,0,0,0,0,104,1,0,12,1,0,0,279,0,0,0,0,0,0,0,0,0,0,0,0,3,0,0,0,0,0,0,0,0,6
Cambria,Niagara,7,2,0,2,4,2,0,2,8,11,7,1,4,38,1,2,7,7,2,0,6,9,2,0,7,10,26,10,5,"1,093",14,9,32,5,29,0,7,4,1,17,0,1,11,14,2,5,0,21,2,0,0,4,0,3,3,6,12,0,6,3,0,0,0,26,0,0,0,5,1,4,1,0,0,3,0,27,17,0,1,0,8,24,0,3,0,97,6,0,0,0,49,2,6,0,0,0,0,0,0,0,0,102,0,0,68,3,51,0,102,0,0,3,0,0,2,0,0,0,1,0,0,12,0,0,0,0,0,0,0,0,5
Lysander,Onondaga,88,4,2,2,126,1,2,8,9,52,21,7,26,3,1,2,9,2,59,0,58,31,2,6,0,61,14,99,22,0,61,"2,515",7,20,3,315,16,0,1,77,0,0,7,76,17,18,1,3,3,1,0,2,3,8,1,51,21,22,1,0,0,0,0,68,0,0,0,14,1,1,1,0,0,2,0,41,10,0,0,0,5,10,1,15,0,7,8,1,2,0,66,1,10,0,0,0,0,0,0,0,0,102,0,0,127,10,77,0,237,0,0,0,0,0,0,0,0,1,4,0,0,4,0,0,0,3,0,0,0,0,16
Essex,Essex,3,0,0,0,0,1,0,0,56,0,0,0,0,0,"1,004",0,0,1,0,0,0,0,0,0,0,0,1,0,3,0,0,0,0,0,0,0,0,0,0,7,1,0,7,3,0,0,0,0,0,0,0,0,0,0,2,19,0,0,0,0,0,0,0,3,0,0,0,4,0,0,0,0,0,0,0,17,0,0,0,0,23,6,0,1,0,0,0,0,0,0,152,1,4,0,0,0,0,0,0,0,0,101,0,0,9,0,3,0,44,0,0,0,0,0,1,0,0,0,0,0,0,4,0,0,0,0,0,0,0,0,20
Lyme,Jefferson,12,0,0,0,10,0,0,2,0,3,2,11,5,2,0,0,14,3,1,0,91,"1,527",0,24,0,6,4,205,5,2,21,8,0,0,0,18,28,0,0,4,0,0,25,8,5,9,0,0,1,1,0,0,2,1,2,5,0,1,2,0,0,0,0,15,0,0,0,9,1,0,0,0,0,0,0,10,1,0,0,0,24,5,0,3,0,0,2,0,0,0,23,1,9,0,0,0,0,0,0,0,0,101,0,0,21,5,13,0,47,0,0,0,0,0,0,1,0,0,0,0,0,4,0,0,0,0,0,1,0,0,11
Hounsfield,Jefferson,2,1,0,0,1,0,2,3,1,0,2,0,2,3,1,0,0,2,1,0,33,"1,867",0,29,0,25,0,17,12,0,45,8,0,0,0,17,11,0,0,12,0,0,18,18,0,2,0,1,0,0,0,0,0,0,0,8,0,0,1,1,0,1,2,56,0,0,0,0,0,1,0,0,0,1,1,41,8,0,0,2,18,2,0,1,0,4,6,1,1,0,67,2,6,0,0,0,0,0,0,0,0,100,0,0,79,0,3,0,164,0,0,1,0,0,0,0,0,0,0,0,0,13,0,0,0,0,0,4,1,1,21
Parma,Monroe,19,6,3,13,11,3,0,13,0,4,5,6,36,3,0,0,2,24,2,0,4,16,1,0,14,12,"1,609",6,55,11,24,27,44,12,34,4,7,1,0,29,0,10,2,35,4,8,1,18,12,4,2,2,2,2,1,11,23,8,2,4,0,0,0,50,0,0,0,8,3,0,0,0,0,2,1,62,22,4,0,0,16,54,0,8,0,18,6,0,0,1,33,0,3,0,0,0,0,0,0,0,0,100,0,0,104,2,51,12,145,0,0,0,0,0,1,0,0,0,2,0,0,3,0,0,0,1,0,0,0,0,13
Batavia,Genesee,29,12,2,10,32,11,1,5,1,20,7,12,4,64,7,1,3,"2,869",9,0,19,9,7,0,53,17,153,11,37,21,36,39,51,23,21,8,42,0,3,34,1,0,4,26,3,8,0,9,10,4,2,4,3,6,6,32,19,4,111,3,0,0,0,105,0,1,0,13,3,2,0,2,0,2,13,131,28,0,0,0,30,25,0,19,0,62,18,1,1,0,109,4,22,0,0,0,0,0,0,0,2,99,0,0,202,50,308,1,749,0,0,2,0,0,0,1,0,0,6,0,0,21,0,0,0,2,0,3,0,0,30
Willsboro,Essex,0,0,0,0,0,0,0,0,73,3,1,0,3,0,958,2,1,0,0,0,0,0,1,0,0,0,0,0,1,0,0,0,0,0,0,0,0,0,0,6,0,0,4,5,1,0,0,0,0,0,0,0,0,0,1,5,0,0,0,0,0,0,0,7,0,0,0,3,0,0,0,0,0,1,1,18,0,0,0,3,16,3,0,0,0,1,2,0,1,0,139,1,0,0,0,0,0,0,0,0,0,97,0,0,11,0,2,0,43,0,0,0,0,0,1,0,0,0,0,0,0,7,0,0,0,0,0,0,0,0,10
Milton,Saratoga,166,6,0,0,3,1,0,3,3,54,0,3,47,5,22,0,48,2,8,13,20,0,7,0,1,6,3,22,28,6,17,6,0,4,1,5,4,4,0,157,0,0,2,"2,777",64,23,1,4,0,1,8,2,3,4,19,98,2,2,1,0,0,0,0,59,0,0,0,11,1,1,0,0,0,13,4,109,6,0,0,2,19,12,0,8,0,8,17,0,0,0,110,2,3,0,0,0,1,0,0,0,0,95,0,0,140,4,67,0,479,0,0,3,0,0,0,0,1,0,4,0,0,29,0,0,0,0,0,0,1,1,27
Shelby,Orleans,30,2,0,1,11,2,0,3,3,28,5,2,17,25,1,0,8,107,1,0,38,2,0,1,5,22,70,60,19,97,17,32,18,8,"1,374",3,14,5,0,15,0,0,1,59,3,81,0,10,2,3,2,0,5,2,0,24,26,6,21,2,0,0,0,37,0,0,0,4,5,0,0,0,0,7,0,20,25,0,3,0,16,7,0,12,0,25,4,0,0,0,55,2,7,0,1,0,0,0,0,0,0,95,0,0,201,7,56,0,178,0,0,0,0,0,0,0,0,0,5,0,0,5,0,0,0,0,0,0,0,0,133
North Hudson,Essex,2,0,0,0,0,0,0,1,8,0,0,0,0,0,347,1,0,0,1,0,0,0,0,0,0,0,0,2,0,0,0,1,0,3,2,0,0,0,0,2,0,0,2,5,0,0,0,0,0,0,0,0,0,2,8,8,0,0,0,0,0,0,0,3,0,0,0,0,0,0,0,0,0,0,0,7,0,0,0,0,9,0,0,3,0,0,0,0,0,0,45,0,0,0,0,0,0,0,0,0,0,94,0,0,1,0,0,0,13,0,0,0,0,0,0,0,0,0,0,0,0,2,0,0,0,0,0,0,0,0,3
Camden,Oneida,48,0,1,0,7,2,0,7,0,16,0,16,8,0,0,1,1,6,39,6,62,34,5,12,0,24,2,51,42,1,"1,954",29,1,3,0,133,21,0,1,13,0,0,4,3,4,38,0,1,6,0,3,0,2,4,0,9,2,7,0,2,0,0,1,150,0,0,0,6,0,2,0,2,3,1,0,96,9,0,0,0,17,7,0,10,0,9,5,0,0,0,34,3,8,0,0,0,0,0,0,0,0,93,0,0,108,5,25,0,220,0,0,0,0,0,0,0,0,0,0,0,0,61,0,0,0,2,0,7,0,1,4
Wheatfield,Niagara,2,1,0,1,5,4,2,0,1,1,1,1,5,170,0,1,1,20,3,0,10,3,0,0,10,13,16,4,3,"1,569",2,16,7,1,13,0,0,0,0,3,0,0,4,0,0,1,0,7,0,0,2,0,2,0,2,2,2,1,1,0,0,0,0,8,0,0,0,2,0,0,0,0,0,12,2,16,13,0,0,0,4,8,0,16,0,52,3,0,0,0,15,0,1,0,0,0,0,0,0,0,0,90,0,0,19,12,57,0,86,0,0,4,0,0,0,0,0,0,"1,162",0,0,10,0,0,0,2,0,0,0,2,8
Henderson,Jefferson,9,0,0,0,3,0,0,0,0,3,0,1,9,1,0,3,1,0,1,18,0,"1,411",0,27,0,20,3,7,2,0,24,2,2,2,0,18,8,0,0,5,0,0,14,12,0,6,0,0,0,1,0,2,0,0,5,5,0,0,0,0,0,0,0,31,0,0,0,2,0,1,0,0,0,1,0,22,8,0,0,0,22,1,0,2,0,1,4,0,0,0,65,0,1,0,0,0,0,0,0,0,0,90,2,0,31,1,8,0,26,0,0,0,0,0,0,0,0,0,0,0,0,13,0,0,0,1,0,1,0,0,3
Lenox,Madison,84,1,14,2,38,4,4,66,4,119,20,9,26,8,3,1,34,5,29,1,239,21,2,52,3,"4,073",19,169,48,6,857,213,8,9,4,46,88,6,2,63,0,0,18,40,29,46,0,4,6,1,2,13,12,14,5,33,13,14,2,2,0,0,0,197,0,0,0,12,0,5,0,3,1,11,4,185,15,0,0,1,29,36,0,15,0,23,27,1,0,0,124,1,8,1,0,0,0,0,0,1,0,89,0,0,178,6,213,0,507,0,0,0,0,0,3,0,0,0,0,0,0,22,0,0,0,9,0,12,0,0,63
De Peyster,St. Lawrence,2,0,0,0,0,0,0,0,12,1,0,1,0,1,6,0,3,0,0,0,31,15,0,4,0,0,0,8,1,0,20,3,0,0,0,2,4,0,0,11,0,0,732,2,1,0,0,0,0,0,0,0,0,0,0,13,0,0,0,0,0,0,0,6,0,0,0,2,0,0,0,0,0,2,0,15,0,0,0,0,11,0,0,1,0,1,2,0,0,0,38,0,5,0,0,0,0,0,0,0,0,89,0,0,75,0,0,0,55,0,0,0,0,0,0,0,0,0,0,0,0,5,0,0,0,0,0,6,0,0,1
Champion,Jefferson,4,1,0,0,1,0,0,0,0,0,0,2,4,1,0,1,1,0,4,0,38,"1,145",0,236,2,9,3,35,14,1,67,5,0,1,0,13,10,0,2,6,0,0,32,11,0,5,0,0,0,0,0,0,2,0,0,28,1,0,0,0,0,0,0,54,0,0,0,2,1,6,1,0,0,0,1,46,2,0,0,0,15,2,0,4,0,6,1,0,0,0,68,1,4,0,0,0,0,0,0,0,0,88,0,0,21,2,5,0,42,0,0,0,0,0,0,0,0,0,0,0,0,2,0,0,0,1,0,1,0,0,1
Hartland,Niagara,18,2,18,1,42,5,2,11,4,31,5,7,27,42,8,1,4,43,2,0,15,11,0,5,5,9,135,14,9,"1,594",23,52,20,8,138,7,33,1,1,10,0,1,4,17,6,12,1,15,1,2,0,3,2,1,7,32,16,3,3,10,0,0,1,31,0,0,0,8,0,1,0,1,0,3,2,35,37,0,0,1,18,25,0,8,0,15,4,0,0,0,124,0,3,0,0,0,0,0,0,0,0,87,0,0,236,2,27,0,237,0,0,0,0,0,0,0,0,0,0,0,0,9,0,0,0,0,0,1,0,0,21
Lewis_E,Essex,3,0,0,0,0,0,0,0,59,0,0,0,0,0,"1,242",6,0,0,0,0,0,1,0,0,0,0,2,1,6,0,0,0,0,1,0,0,0,0,0,3,0,0,5,1,0,1,0,0,0,0,0,0,0,0,3,9,0,0,0,0,0,0,0,10,0,0,0,1,0,0,0,0,0,1,1,0,2,0,0,0,33,0,0,0,0,0,1,0,0,0,135,0,0,0,0,0,0,0,0,0,0,86,0,0,15,1,0,0,86,0,0,0,0,0,0,0,0,0,0,0,0,2,0,0,0,0,0,0,0,0,49
Denmark,Lewis,13,0,1,0,1,0,0,2,1,17,5,1,24,0,1,0,3,2,0,0,60,277,1,"1,243",0,2,3,35,1,1,42,9,0,0,1,8,9,2,0,20,0,0,48,9,1,3,0,0,1,1,0,1,0,5,0,4,1,1,0,1,0,0,0,39,0,0,0,3,0,3,0,0,0,0,0,71,1,1,0,0,8,3,1,1,0,2,6,0,0,0,38,0,5,0,0,0,0,0,0,0,0,86,0,0,17,2,6,0,51,0,0,0,0,0,0,0,0,0,0,0,0,8,0,0,0,1,0,0,0,0,8
Lansingburgh,Rensselaer,125,0,0,1,1,0,3,2,3,37,2,11,42,2,16,3,10,1,18,0,12,5,10,3,1,7,4,15,59,1,31,3,1,5,0,1,5,0,7,"3,431",1,0,4,141,18,7,0,1,2,0,3,0,2,6,2,82,0,21,0,0,0,0,3,37,0,0,0,6,11,3,0,0,7,13,5,97,11,0,0,0,32,20,0,5,0,16,22,0,0,0,88,2,6,0,0,0,0,0,0,1,0,84,0,0,193,11,116,0,957,1,0,1,0,0,2,0,0,0,4,0,0,97,0,0,0,1,0,0,0,0,53
Gates,Monroe,3,12,1,4,6,1,2,1,1,7,2,0,9,15,3,0,0,6,5,0,0,10,1,2,10,4,"1,396",2,64,3,10,3,36,0,3,1,3,0,0,12,0,0,6,15,0,1,0,2,13,0,0,0,1,1,0,15,6,2,3,1,0,0,0,38,0,0,0,2,0,0,0,6,1,2,1,35,2,0,0,0,8,10,0,1,0,12,4,0,0,0,25,2,1,0,0,0,0,0,0,0,0,84,0,0,100,19,511,19,164,0,0,0,0,0,0,0,0,0,0,0,0,5,0,0,0,0,0,2,0,0,26
Minerva,Essex,9,0,0,0,1,3,0,0,6,1,0,0,4,0,487,10,0,0,3,5,1,0,6,0,0,0,0,1,34,0,1,0,0,0,0,2,1,0,0,5,0,0,0,3,0,0,0,0,0,0,0,0,2,0,74,33,1,0,0,0,0,0,0,11,0,0,0,1,0,0,0,0,2,1,0,13,1,0,0,0,1,1,0,2,0,4,5,0,0,0,34,0,3,0,0,0,0,0,0,0,0,83,0,0,6,5,3,0,204,0,0,0,0,0,0,0,0,0,0,0,0,6,0,0,0,0,0,0,0,1,3
Ogden,Monroe,18,11,3,6,12,3,2,2,3,9,1,3,11,4,3,0,1,25,3,0,9,14,0,2,41,6,"1,432",13,22,11,26,9,26,2,19,1,9,4,2,9,0,3,0,10,1,2,0,12,5,0,1,0,4,1,0,20,6,14,6,3,0,0,1,110,0,0,0,6,0,0,0,0,0,8,1,67,12,0,2,2,60,16,0,7,0,8,4,0,1,0,82,7,3,1,0,0,0,0,0,0,0,83,0,0,124,2,59,1,220,1,0,0,0,0,0,0,0,0,1,0,0,11,0,0,0,3,0,4,0,0,19
Greenwich,Washington,26,0,1,0,2,0,0,0,7,12,1,6,13,6,10,1,11,10,5,0,4,1,2,0,0,1,0,5,19,0,9,5,0,0,0,2,2,1,0,155,0,0,3,152,1,11,0,0,0,0,0,0,0,1,66,"2,635",1,5,0,0,0,1,2,29,0,0,0,6,0,0,0,0,1,8,6,76,1,1,1,0,19,9,0,1,0,9,19,0,0,0,125,2,1,0,0,0,1,0,0,0,0,83,0,0,36,0,10,0,281,0,0,0,0,0,0,0,0,0,0,0,0,22,0,0,0,0,0,0,0,2,11
Perrington,Monroe,17,8,0,6,13,5,1,27,0,16,0,2,61,16,4,2,2,23,10,2,28,4,2,8,21,13,"1,365",35,8,6,26,23,164,4,13,8,26,0,1,54,0,8,1,23,25,12,0,10,6,0,2,5,6,30,0,17,100,7,10,8,0,0,0,51,0,0,1,2,9,1,0,0,0,5,1,72,23,0,0,0,16,8,0,13,0,26,7,0,0,0,44,6,6,0,0,0,0,0,0,0,0,80,0,0,94,9,164,0,242,0,0,1,0,0,1,0,0,0,0,0,0,6,0,0,0,12,0,1,0,0,23
Onondaga,Onondaga,19,0,1,2,54,3,1,11,1,10,59,5,31,3,0,1,4,2,6,6,28,11,3,3,4,53,6,25,12,3,39,"3,064",11,10,3,43,21,2,0,23,0,2,11,28,7,8,2,4,2,2,0,5,18,4,3,38,8,12,2,0,0,0,2,131,0,0,2,3,0,0,0,1,0,2,6,101,24,1,0,4,5,12,0,13,1,28,39,0,1,1,29,7,5,0,0,101,0,0,0,0,0,80,0,0,265,4,45,0,521,0,0,0,0,0,0,0,0,0,3,0,0,24,0,0,0,3,0,4,0,0,105
Hanover,Chautauqua,7,15,13,175,18,"1,801",0,24,10,9,15,6,49,234,10,2,1,43,5,2,19,11,1,3,15,92,17,13,7,14,49,18,15,7,5,13,44,3,1,24,1,0,12,45,7,22,1,5,4,0,0,6,7,15,11,48,16,2,12,5,0,0,0,71,0,0,0,7,2,0,0,1,0,12,1,80,13,0,0,0,14,14,0,42,0,101,6,0,0,0,171,7,14,0,0,0,1,0,0,0,0,79,0,0,67,3,137,0,115,0,0,1,0,0,0,0,0,0,3,0,0,35,3,0,2,19,0,1,0,0,21
Johnsburgh,Warren,5,0,0,0,1,0,0,1,4,1,0,0,6,0,45,0,5,0,0,2,8,0,0,1,0,0,0,1,13,0,0,0,0,0,0,3,2,0,0,15,0,0,4,41,2,2,0,0,2,0,0,0,0,0,"1,515",154,3,1,0,0,0,0,0,15,0,0,0,2,0,1,0,0,0,1,0,19,1,1,0,0,16,2,0,0,0,6,3,0,0,0,129,0,2,0,0,0,0,0,0,0,0,78,0,0,30,1,1,0,121,0,0,0,0,0,0,0,0,0,0,0,0,3,0,0,0,0,0,0,2,0,15
Westfield_C,Chautauqua,10,9,1,31,11,"1,586",4,18,2,2,8,7,12,78,2,2,1,37,5,1,27,6,0,2,9,22,9,12,20,7,55,35,9,7,5,6,48,2,0,13,0,2,13,10,5,4,1,4,6,1,1,4,11,3,6,25,6,0,25,0,0,0,0,76,0,0,0,11,2,6,0,1,1,6,3,81,6,0,0,0,30,13,0,45,0,192,9,0,0,0,107,1,5,1,0,0,0,0,0,0,7,77,0,0,172,5,111,0,292,0,0,0,0,0,3,0,0,0,1,0,0,13,1,0,4,1,0,0,0,1,274
Remsen,Oneida,14,4,4,0,3,0,0,0,2,2,3,0,4,0,1,0,12,1,8,0,114,17,2,38,0,22,1,14,19,0,"1,481",8,0,1,0,8,10,0,0,15,0,0,4,7,0,5,0,0,0,0,0,0,5,1,2,10,0,4,0,0,0,0,0,30,0,0,0,1,1,1,0,0,0,5,1,20,2,0,0,0,4,2,0,5,0,6,2,1,0,0,8,0,3,0,0,0,0,0,0,0,0,76,0,0,33,14,107,2,113,0,1,1,0,0,0,0,0,0,1,0,0,7,0,0,0,10,0,331,0,0,7
Fowler,St. Lawrence,2,0,0,1,1,0,0,2,8,1,0,1,1,3,2,3,15,0,0,0,51,186,0,28,0,1,0,16,3,0,32,1,1,0,3,10,2,0,0,3,0,0,"1,016",17,0,0,0,0,0,1,0,0,0,0,0,12,0,2,0,0,0,0,0,6,0,0,0,0,3,1,0,0,0,0,0,55,2,0,0,0,12,6,0,4,0,3,1,1,0,0,80,0,1,0,0,0,0,0,0,1,0,76,0,0,17,15,1,0,24,0,0,1,0,0,1,0,0,0,0,0,0,9,0,1,0,1,0,1,0,0,0
Caledonia,Livingston,7,0,0,4,3,5,2,3,0,0,0,5,5,5,0,0,15,48,8,0,3,3,0,0,808,9,109,25,10,1,8,3,9,5,5,0,2,0,1,2,0,0,1,9,2,3,0,3,4,0,0,0,1,2,1,14,0,3,8,0,0,0,0,13,0,0,0,2,1,0,0,0,0,3,2,9,7,0,0,0,3,3,1,5,0,10,2,0,0,0,6,0,9,0,0,0,0,0,0,0,0,76,0,0,37,2,20,0,207,0,0,0,0,0,0,0,0,0,0,0,0,113,0,0,0,0,0,0,0,0,30
Hamlin,Monroe,20,14,1,3,19,1,0,6,0,10,1,0,32,7,4,6,3,42,5,0,6,12,0,1,13,4,"1,249",20,2,6,28,9,20,7,74,15,18,1,0,114,0,12,3,10,4,2,2,0,8,0,1,1,1,1,0,14,24,0,2,3,0,0,0,27,0,0,0,11,1,0,0,1,0,7,4,22,9,0,0,0,23,24,0,1,0,2,2,0,0,0,55,1,0,0,0,0,0,0,0,0,0,76,0,0,62,0,56,3,112,0,0,0,0,1,0,0,0,0,0,0,0,9,0,0,4,2,0,0,0,1,15
Geddes,Onondaga,23,0,5,1,89,2,0,16,2,8,34,4,8,7,2,1,0,2,0,0,21,11,7,5,2,32,9,18,46,2,43,"1,402",1,5,2,82,8,1,2,31,0,4,16,8,2,6,0,9,3,2,1,0,3,14,6,11,7,4,0,5,0,0,3,36,0,0,0,11,0,1,0,0,1,6,1,51,2,0,2,0,8,9,0,4,0,19,6,0,1,0,40,2,10,1,0,0,0,0,0,0,1,76,0,0,96,9,155,0,670,0,0,0,0,1,1,0,0,0,0,0,0,2,0,0,0,4,0,0,0,0,32
Manlius,Onondaga,60,0,3,4,23,6,6,38,1,27,44,6,63,6,2,6,19,1,12,0,98,22,3,1,3,382,10,53,23,2,107,"3,545",7,10,3,67,28,1,1,38,0,0,22,35,2,22,1,6,2,1,1,4,8,4,19,3,3,1,3,0,0,0,1,132,1,0,1,9,2,1,0,0,0,3,11,84,18,0,0,1,20,14,2,9,0,13,20,0,0,0,57,10,10,1,1,0,0,0,0,1,0,75,0,0,135,105,270,1,364,0,0,0,1,0,0,0,0,0,0,0,0,9,0,0,0,1,0,2,0,2,21
Ellicott ,Chautauqua,32,33,3,118,29,"2,542",8,44,7,17,20,21,7,80,25,1,1,38,3,0,36,6,14,6,19,33,38,19,84,16,64,24,23,24,14,15,49,2,26,46,5,3,4,68,3,3,1,4,27,1,0,6,11,6,10,56,9,1,17,9,0,0,0,70,0,0,2,11,6,8,0,1,1,4,5,162,13,0,0,3,39,22,0,58,0,240,18,1,0,1,168,8,13,1,0,0,0,0,0,0,0,73,24,0,113,2,71,1,295,1,0,1,0,2,3,0,0,0,4,0,0,13,1,1,205,2,0,9,0,1,47
Chili,Monroe,5,9,4,6,10,0,2,3,3,1,0,0,15,5,0,1,2,10,1,1,5,6,3,3,26,14,"1,124",9,20,4,6,10,22,4,14,2,5,0,0,1,8,0,8,19,0,2,0,22,7,6,0,1,1,1,1,16,6,4,3,4,0,0,2,27,0,0,0,2,1,0,0,0,0,2,1,35,12,0,0,1,11,36,0,7,0,18,2,0,0,0,25,2,3,0,0,1,0,0,0,0,2,73,0,0,117,1,107,0,266,0,0,1,0,0,0,0,0,0,0,0,0,10,0,0,0,0,0,1,0,1,12
Moreau,Saratoga,28,0,0,2,1,1,0,0,7,21,0,0,19,1,23,0,1,1,1,0,5,4,10,0,1,0,0,2,2,0,5,0,0,0,0,1,0,0,1,72,0,0,2,"1,030",2,9,0,0,0,0,0,0,0,0,309,218,4,4,0,0,0,0,0,13,0,0,0,1,0,1,0,0,1,0,0,31,4,1,0,0,7,5,1,2,0,2,16,0,0,0,75,0,1,0,0,0,0,0,0,0,0,73,0,0,23,2,6,0,193,0,0,0,1,0,1,0,0,0,0,0,0,8,0,0,0,0,0,0,1,1,22
Rodman,Jefferson,1,3,0,0,3,2,0,4,0,1,1,4,2,0,0,0,3,1,1,0,24,"1,109",0,70,1,10,1,15,3,0,30,6,2,1,1,7,3,0,0,21,0,0,9,9,0,10,0,0,0,1,0,0,3,1,0,18,0,1,0,0,0,0,0,42,0,0,2,5,0,2,1,0,0,0,0,41,1,0,0,0,4,1,1,2,0,1,6,0,0,0,41,0,9,0,0,0,0,0,1,0,0,73,0,0,13,0,2,0,22,0,0,0,0,0,0,0,0,0,0,0,0,2,0,0,0,0,0,0,0,0,0
Greig,Lewis,68,3,1,0,7,5,1,5,1,32,2,4,7,0,1,0,0,1,4,0,66,49,1,934,3,9,4,18,7,0,139,5,1,2,3,12,16,0,0,39,0,0,16,5,1,28,0,0,0,1,0,4,0,2,0,5,6,1,0,0,0,0,0,28,0,0,0,0,0,3,0,0,0,2,0,35,1,1,0,0,7,4,0,2,0,6,0,0,0,0,26,1,4,0,0,0,0,0,0,0,0,73,0,0,28,7,41,0,108,1,0,0,0,0,0,0,0,0,13,0,0,0,0,0,0,3,0,24,0,0,9
Albion,Oswego,19,0,1,3,10,1,1,3,2,15,4,3,4,0,1,7,13,2,5,0,113,110,0,9,2,18,0,13,9,1,163,37,1,3,1,"1,218",71,0,2,10,0,0,21,17,4,25,0,0,5,0,0,0,0,0,1,26,2,0,2,1,0,0,0,30,0,0,0,2,0,1,0,0,0,14,0,38,4,1,0,0,7,0,0,3,0,3,23,0,0,0,59,0,4,0,0,0,0,0,0,0,0,72,0,0,34,5,2,0,62,0,0,0,0,0,2,0,0,0,0,0,0,3,0,0,0,0,0,3,0,0,15
Seneca,Ontario,85,11,5,7,75,2,28,12,1,41,19,8,31,17,3,0,1,9,22,0,41,20,16,4,32,20,57,23,128,16,62,79,"3,935",64,8,24,17,8,11,24,1,7,6,40,9,16,16,220,98,13,3,13,39,34,4,31,110,8,7,257,1,0,0,127,0,2,4,7,8,3,0,1,7,24,32,118,26,0,2,7,12,104,0,28,0,126,8,2,0,0,81,23,8,2,0,0,0,0,0,0,0,71,0,1,560,12,99,0,932,0,0,0,0,0,0,2,0,0,0,0,0,123,0,1,0,9,0,8,6,1,47
Seneca Falls,Seneca,45,8,13,1,304,3,21,16,4,15,31,2,24,33,2,0,2,12,14,0,31,23,5,10,15,28,46,28,50,15,89,133,131,16,2,19,11,11,2,21,0,0,6,48,9,14,2,"2,911",17,2,6,4,40,19,9,16,90,30,9,53,0,0,8,96,0,0,0,14,0,1,0,0,1,2,1,57,26,4,0,0,14,120,0,20,0,147,15,0,1,0,75,10,1,0,1,0,1,0,0,0,0,70,1,0,211,0,120,16,810,0,0,5,0,0,2,0,0,0,11,0,0,43,0,0,0,5,0,2,1,0,54
Philadelphia,Jefferson,11,0,0,1,0,0,0,0,1,4,2,0,5,0,1,3,2,1,0,0,25,"1,120",0,36,0,5,0,15,3,0,22,2,0,0,0,3,3,0,0,4,0,0,49,76,4,3,0,1,0,0,0,0,0,0,2,12,3,0,0,0,0,0,0,22,0,0,0,0,0,0,0,0,0,2,1,20,0,0,0,0,10,7,0,0,0,18,2,0,0,0,24,0,3,0,0,0,0,0,0,0,0,69,0,0,14,5,16,0,76,0,0,0,0,0,0,0,0,0,0,0,0,3,0,0,0,1,0,0,0,0,3
Mexico,Oswego,8,0,1,0,12,0,0,9,1,22,4,5,13,3,2,11,6,5,8,3,110,132,1,11,0,93,3,25,24,3,218,0,2,2,1,"2,124",71,0,0,14,0,3,32,20,5,30,0,2,4,0,1,0,1,0,0,51,4,0,4,8,0,0,0,89,0,0,0,1,1,4,0,0,0,0,4,63,1,2,0,2,28,9,0,5,0,9,21,0,3,0,100,2,10,0,0,22,0,0,0,0,0,69,0,0,32,143,12,0,51,0,0,0,0,0,1,0,0,0,2,0,0,8,0,0,0,0,0,1,0,1,20
Canandiagua,Ontario,29,23,9,3,48,3,14,8,1,14,10,6,36,20,5,3,0,18,5,1,22,7,2,3,54,9,83,22,110,12,47,47,"3,817",41,15,16,9,5,3,26,0,6,2,31,5,7,2,59,41,1,0,6,16,9,1,12,68,13,11,82,1,0,0,137,0,0,1,9,5,2,0,1,0,2,16,113,37,3,0,3,25,69,0,12,0,75,16,3,0,1,45,10,17,0,0,0,0,0,0,0,0,68,1,0,200,14,77,33,"1,012",0,0,2,0,0,2,0,0,0,6,0,0,63,0,0,0,0,0,2,2,0,58
West Seneca,Erie,7,2,1,8,5,14,1,1,0,1,0,0,1,"1,402",0,0,0,5,0,0,8,2,0,0,5,1,38,2,20,11,3,8,11,1,4,0,0,0,8,4,0,0,0,5,1,0,0,1,7,0,1,0,4,0,2,1,4,0,36,0,1,0,0,4,1,0,0,4,0,1,0,1,1,6,1,14,8,0,0,2,5,4,0,10,0,21,4,1,0,0,11,0,4,0,0,0,0,0,0,0,0,68,0,0,69,59,"1,226",5,127,0,0,0,0,0,0,0,0,0,2,0,0,26,0,0,1,1,0,0,0,6,10
Hermon,St. Lawrence,1,0,0,1,1,0,0,2,11,5,1,1,1,1,9,12,0,0,0,0,32,209,0,34,0,7,1,9,2,0,17,11,1,0,1,7,9,0,0,7,0,0,945,9,0,3,0,0,0,1,0,0,1,0,0,11,3,0,0,0,0,0,0,14,0,0,0,4,2,0,0,0,0,3,0,26,5,0,0,0,16,1,0,1,0,0,2,0,0,0,86,0,2,0,0,0,0,0,0,0,0,67,0,0,43,0,3,0,17,0,0,0,0,0,0,0,0,1,0,0,0,6,0,0,0,0,0,0,0,0,2
Schroeppel,Oswego,37,0,2,0,27,1,0,8,0,12,8,2,13,3,0,1,0,5,36,0,179,29,2,13,2,70,2,92,20,0,69,552,7,2,1,"1,671",28,0,0,18,0,0,15,31,4,33,3,2,6,0,0,0,1,2,3,13,6,1,1,1,0,0,0,60,0,0,0,7,0,2,0,1,0,18,0,39,19,0,0,0,9,7,0,2,0,9,9,0,1,1,56,2,6,0,0,0,0,0,0,0,0,66,0,0,93,21,68,0,78,0,0,0,0,0,1,0,0,0,1,0,0,11,0,0,0,0,0,0,0,0,49
Lorraine,Jefferson,6,0,0,0,7,1,0,1,5,7,1,0,8,1,3,0,7,1,0,0,37,"1,013",0,31,1,6,0,17,2,0,23,9,1,0,0,61,13,0,0,12,0,0,16,9,1,2,0,0,1,1,0,1,0,0,4,10,0,0,5,0,0,0,0,25,0,0,0,0,0,0,0,0,0,2,1,32,1,0,1,1,20,2,0,6,0,4,2,0,0,0,26,1,4,1,0,0,0,0,0,0,0,65,0,0,22,0,1,0,21,0,0,0,0,0,0,0,0,0,0,0,0,0,0,0,0,1,0,0,0,0,17
Waterford,Saratoga,161,1,5,0,3,3,1,1,8,35,0,3,37,4,0,0,7,0,10,1,2,2,1,2,1,3,10,18,33,1,8,13,3,5,1,7,2,0,0,312,0,1,1,"1,571",7,15,0,2,2,0,1,1,0,4,21,67,5,11,1,0,0,0,4,33,0,0,0,6,2,0,0,0,2,6,4,38,2,0,0,0,9,13,1,4,0,8,2,1,1,0,46,3,1,0,0,0,0,0,0,0,0,64,0,0,81,6,30,0,610,1,0,4,0,0,1,0,0,0,0,0,0,18,0,0,0,0,1,1,0,0,82
Le Roy,Genesee,10,5,2,3,27,10,1,4,0,20,2,2,22,38,4,6,13,"1,803",1,0,16,4,8,7,164,36,195,35,21,16,30,25,53,4,22,9,19,2,2,21,0,0,6,24,4,8,1,8,11,3,1,0,5,5,2,20,9,15,82,11,0,0,0,184,0,0,0,14,2,0,0,0,0,6,3,94,19,0,0,2,29,10,0,17,0,10,11,1,1,1,91,3,12,0,0,0,6,0,0,0,0,62,0,0,113,1,94,1,495,0,0,0,0,0,1,1,1,0,0,0,0,49,0,0,0,0,0,0,0,0,13
Avon,Livingston,19,13,3,10,11,8,3,7,5,5,1,3,43,19,4,1,0,35,3,1,5,4,2,12,"1,311",8,160,10,10,5,14,11,66,4,10,3,14,0,0,10,0,1,3,4,1,5,0,16,19,0,2,1,1,17,1,5,14,2,12,7,0,0,0,72,0,0,0,0,0,0,0,0,0,7,3,43,17,1,0,2,9,12,0,7,0,36,5,0,0,0,32,9,4,0,0,0,0,0,0,0,0,60,0,0,80,3,54,1,483,0,0,1,0,0,3,0,0,0,3,0,0,10,0,0,0,1,0,2,0,1,5
Brandon,Franklin,0,0,0,0,0,0,0,0,38,0,0,0,1,0,18,420,0,0,0,1,0,1,0,0,0,0,0,0,1,0,0,0,0,0,0,2,0,0,0,2,0,0,34,0,1,0,0,0,0,0,0,0,1,0,4,1,0,0,1,0,0,0,0,0,0,0,0,0,0,0,0,0,0,4,0,26,0,0,0,0,19,0,0,0,0,5,0,0,0,0,141,1,0,0,0,0,0,0,0,0,0,60,0,0,2,0,0,0,36,0,0,0,0,0,0,0,0,0,0,0,0,0,0,0,0,0,0,0,0,0,1
Verona,Oneida,48,2,0,1,5,1,2,11,2,27,9,5,23,5,3,0,11,4,13,0,126,27,5,61,1,165,5,83,35,0,"3,256",42,4,9,4,75,72,1,0,89,0,0,9,31,7,35,0,1,5,0,0,3,2,8,2,24,10,9,0,2,0,0,0,99,0,0,0,7,0,2,0,0,0,7,0,95,24,0,0,0,11,23,0,7,0,18,21,1,0,0,40,2,7,0,0,0,0,0,0,0,0,59,0,0,105,138,582,2,251,0,0,0,0,0,0,1,0,1,7,0,0,11,0,0,0,8,0,5,0,0,50
Amherst,Erie,4,1,0,0,7,7,0,0,7,0,0,0,1,"2,017",0,0,3,8,4,0,4,5,0,1,1,4,3,7,16,21,2,0,8,1,1,1,3,0,0,0,0,1,1,0,4,7,0,5,6,0,0,1,0,0,1,0,3,0,3,1,0,0,0,16,1,0,0,9,0,3,0,0,0,2,3,12,9,0,0,0,2,4,0,12,0,141,2,0,0,0,8,0,0,0,0,0,0,0,0,1,0,59,1,0,58,290,905,1,28,0,1,0,0,0,0,0,0,0,105,0,0,4,0,0,0,14,0,0,0,3,17
Penfield,Monroe,10,5,0,0,14,2,3,6,1,17,2,3,29,9,1,0,8,9,14,1,19,9,0,0,14,6,"1,658",16,13,6,23,12,55,3,10,3,10,1,1,9,0,1,0,19,19,10,0,4,3,1,0,3,1,9,0,16,110,3,3,3,0,0,0,34,0,0,0,2,0,0,2,0,0,6,0,44,17,0,0,0,4,25,0,6,0,8,5,0,0,0,41,5,0,0,0,0,0,0,0,0,0,59,4,0,145,6,305,4,103,0,0,0,0,0,0,0,0,0,0,0,0,4,0,0,0,4,0,1,0,0,18
New Haven,Oswego,9,0,1,0,4,0,0,0,0,5,1,1,3,1,2,14,2,0,4,0,55,70,1,12,0,19,3,9,9,1,115,32,0,2,2,"1,125",27,1,0,5,0,0,18,23,0,13,0,0,1,1,0,0,3,0,1,35,10,1,1,0,0,0,0,47,0,0,0,5,0,0,0,0,0,0,0,36,2,0,0,0,2,1,0,2,0,4,19,0,0,0,33,0,3,0,0,0,0,0,0,0,0,59,0,0,28,0,1,1,47,0,1,0,0,0,0,0,0,0,0,0,0,9,0,0,0,0,0,2,0,0,4
Binghamton,Broome,113,8,"3,946",6,45,7,13,301,1,48,66,92,165,21,1,0,4,18,8,3,14,16,26,8,2,66,15,35,251,8,72,72,2,115,0,11,149,12,16,43,3,0,8,31,32,160,4,28,15,10,40,103,48,100,4,17,5,31,1,6,0,0,0,376,2,8,0,28,2,2,1,4,0,8,33,270,12,0,9,1,30,140,3,15,0,725,23,1,0,0,91,31,4,0,1,20,0,0,1,0,0,58,0,0,135,11,153,1,"1,183",0,4,3,0,2,1,3,0,0,0,0,0,52,1,0,0,0,0,7,2,0,127
Lowville,Lewis,9,0,1,0,3,1,0,3,0,5,0,3,8,0,4,0,5,1,2,0,65,144,1,"1,576",0,13,1,42,8,0,79,5,1,0,0,3,9,0,0,10,0,0,41,21,0,22,0,2,1,1,0,1,1,0,1,12,1,1,1,0,0,0,0,35,0,0,0,5,0,0,0,0,0,0,0,61,0,0,0,0,8,1,0,7,0,3,4,0,0,0,31,0,5,0,0,0,0,0,0,0,0,58,0,0,12,44,69,0,82,0,0,1,0,0,0,0,0,0,1,0,0,16,0,0,0,4,0,15,0,0,4
Clarkson,Monroe,34,3,1,0,11,2,1,2,1,10,5,1,14,6,0,1,1,19,1,1,2,7,2,2,11,5,902,21,15,11,8,14,24,5,68,1,7,1,0,55,0,3,5,24,2,5,1,1,10,0,0,3,1,7,1,14,8,10,1,2,0,0,0,41,0,1,0,0,1,0,0,1,0,6,0,19,17,0,0,0,4,7,0,4,0,4,0,0,0,1,47,2,2,0,0,0,0,0,0,1,0,58,0,0,57,2,22,0,123,0,0,0,0,0,0,0,2,0,2,0,0,5,0,0,0,1,0,0,0,0,40
Elma,Erie,5,4,0,16,7,9,1,1,1,1,1,3,5,"1,509",1,0,0,29,2,0,5,6,0,1,6,3,12,6,11,10,13,19,6,0,3,0,0,0,3,5,0,0,3,10,0,2,0,5,3,0,0,0,0,14,1,5,1,1,52,1,0,0,1,16,0,0,0,2,2,0,0,2,1,3,2,16,9,0,0,0,12,4,0,9,0,21,6,0,0,0,55,0,5,0,0,0,0,0,0,0,0,57,0,0,54,37,623,0,129,0,0,1,0,0,1,0,0,0,0,0,0,4,0,0,0,10,0,0,0,2,3
Sullivan,Madison,73,1,4,3,8,0,2,27,1,26,17,1,13,9,2,0,21,0,18,0,158,20,4,19,1,"2,721",7,104,116,2,219,473,7,1,3,65,38,0,0,32,0,0,11,28,7,35,0,7,0,2,0,2,2,3,1,18,5,3,0,1,0,0,0,101,0,0,0,3,0,1,0,2,0,3,3,72,5,1,0,0,9,15,0,7,0,34,10,0,0,0,28,1,9,1,0,0,0,0,0,0,0,57,0,0,152,5,115,0,300,2,0,0,0,0,0,0,0,0,2,0,0,15,0,0,0,0,0,14,0,0,24
Riga,Monroe,6,12,1,4,17,3,1,9,0,5,1,1,9,8,5,0,6,104,3,1,6,3,4,0,34,35,985,11,2,8,14,8,19,5,25,1,4,0,0,3,0,0,1,8,3,4,0,8,4,0,0,1,4,11,0,4,7,3,12,4,0,0,1,38,0,0,0,1,1,2,0,0,0,5,0,42,8,0,0,0,9,1,0,8,0,4,4,0,0,0,25,1,4,0,0,0,0,0,0,0,0,57,0,0,188,5,34,1,208,0,0,0,0,0,0,0,0,0,0,0,0,27,0,0,0,22,0,4,0,0,4
Fort Ann,Washington,11,0,0,0,0,0,0,0,12,5,1,0,4,1,49,0,0,2,1,0,3,8,1,3,0,1,0,1,4,0,5,2,0,3,3,3,2,0,0,33,0,0,0,31,0,3,0,1,2,0,0,0,0,0,103,"2,284",2,0,0,0,0,0,0,16,0,0,0,3,0,0,0,1,1,3,1,27,6,0,0,0,16,2,0,1,0,9,9,0,0,0,222,0,2,0,0,0,0,0,0,0,0,57,0,0,12,2,5,0,161,0,0,0,0,0,0,0,0,0,0,0,0,2,0,0,0,0,0,0,0,0,13
Newburgh,Orange,46,6,13,0,6,0,10,3,0,40,13,6,543,1,0,0,2,3,30,0,7,3,128,0,3,1,28,2,724,2,14,6,9,"9,317",3,8,4,98,27,20,4,58,10,10,2,10,0,3,1,16,116,1,2,963,3,20,1,18,2,1,2,2,0,62,0,1,5,8,4,3,0,1,0,12,28,97,15,4,3,3,13,167,3,12,0,97,7,2,0,3,21,35,3,3,0,0,4,0,0,1,1,56,0,0,465,15,391,9,"3,131",0,2,10,0,0,5,8,1,0,5,6,0,223,2,0,0,15,0,0,10,1,45
Poughkeepsie (City+Town),Dutchess,104,0,12,7,12,3,4,5,17,169,2,30,"10,153",12,1,4,9,5,118,0,8,2,120,1,7,11,18,4,865,4,26,17,2,271,3,12,13,80,57,84,11,38,3,53,14,10,0,2,2,7,28,5,10,848,0,27,7,205,2,1,11,0,0,269,1,3,5,16,10,6,2,4,9,24,31,178,20,1,2,3,36,157,4,34,0,79,42,9,5,1,23,28,10,0,0,0,14,0,3,0,0,56,5,0,504,29,"1,039",0,"2,587",1,1,3,0,0,2,4,3,0,18,5,0,169,2,2,2,20,0,7,11,7,135
Galen,Wayne,34,2,5,6,124,1,8,16,1,137,13,3,72,10,0,7,0,6,9,0,29,14,0,2,2,27,53,33,36,9,57,66,83,14,3,23,10,0,2,71,0,4,9,75,11,42,0,163,21,8,3,1,11,16,2,64,"2,536",1,4,27,0,0,0,45,0,0,0,7,2,0,0,0,0,2,13,67,24,0,0,0,14,49,1,12,0,43,4,0,0,0,32,3,0,1,0,0,0,0,0,0,0,56,0,0,153,45,260,2,422,0,0,1,0,0,2,0,0,0,1,0,0,12,0,0,0,5,1,1,0,1,39
Palmyra,Wayne,37,2,3,7,28,8,4,8,1,85,8,3,86,7,3,0,3,12,12,2,27,15,12,1,16,23,95,35,39,7,41,32,164,14,7,15,8,2,1,36,0,0,4,26,1,6,0,14,7,3,1,1,7,10,1,23,"2,073",12,2,5,0,0,4,55,0,0,0,17,4,4,0,0,0,18,1,75,17,0,0,0,18,32,0,14,0,30,8,0,0,0,37,4,9,1,0,0,0,0,0,0,0,56,0,0,169,5,55,41,407,0,0,0,0,0,3,0,0,0,1,0,0,17,0,0,0,4,0,0,0,1,13
Franklin_F,Franklin,2,0,0,0,0,1,0,0,177,0,0,0,0,0,99,378,0,0,0,0,0,0,2,0,0,0,0,1,5,0,0,0,0,0,0,0,0,0,0,4,0,0,4,1,0,0,0,0,0,0,0,0,0,0,0,5,0,1,0,0,0,0,0,1,0,0,0,2,0,0,0,0,0,0,5,4,5,0,0,0,17,0,0,2,0,0,2,0,0,0,118,0,2,0,0,0,0,0,0,0,0,55,0,0,13,0,2,0,155,0,0,0,0,0,0,0,0,0,0,0,0,3,0,0,0,0,0,0,0,0,4
Yonkers,Westchester,48,0,9,0,9,0,5,3,3,14,5,13,132,10,3,1,0,0,19,0,8,5,179,0,1,2,5,2,"1,578",0,19,6,3,72,2,1,4,34,22,44,7,50,2,17,3,3,2,3,5,5,3,1,8,44,2,6,6,"4,319",0,1,5,0,2,326,0,1,1,12,4,0,0,4,6,38,38,135,5,0,0,4,17,254,4,11,0,128,24,5,1,2,34,22,7,3,0,0,0,0,0,2,1,54,4,0,778,49,406,1,"3,209",11,1,0,1,1,12,2,0,0,11,0,0,174,0,4,0,17,0,21,4,2,60
Carlton,Orleans,19,7,2,5,13,5,0,9,0,9,1,1,9,20,1,0,6,41,5,0,29,11,0,0,5,16,97,36,9,41,20,24,29,12,"1,202",2,18,2,0,45,0,0,10,32,19,11,2,4,2,0,0,0,1,3,3,19,27,1,10,4,0,0,1,39,0,0,0,3,3,0,0,0,0,2,0,39,23,1,0,0,25,17,0,12,0,16,6,0,0,0,50,0,2,0,0,0,0,0,0,0,0,53,0,0,109,2,6,0,96,0,0,0,0,0,1,0,0,0,0,0,0,25,0,0,0,0,0,4,0,0,27
Croghan,Lewis,5,0,0,1,0,0,0,0,1,1,0,3,1,0,0,2,8,0,3,1,4,194,0,959,1,0,0,7,8,0,14,2,2,0,0,9,4,0,0,0,0,0,23,5,0,1,0,0,0,0,4,0,0,2,0,0,0,0,0,0,0,0,0,7,0,0,0,1,0,0,0,0,0,0,0,12,3,0,0,0,2,2,0,3,0,3,0,0,0,0,15,0,0,0,0,0,0,0,5,0,0,52,0,0,8,273,273,0,112,6,0,0,0,0,0,0,0,0,15,0,0,0,0,0,0,74,0,1,0,2,12
Pinckney,Lewis,3,0,0,0,1,0,0,3,1,1,1,1,3,0,0,4,5,6,3,1,33,271,0,593,0,1,0,10,6,0,26,3,1,0,0,6,6,0,0,14,0,0,19,9,0,7,0,0,0,0,0,0,0,0,0,6,2,0,0,0,0,1,0,0,0,0,0,2,0,2,0,0,0,0,0,19,1,0,0,0,3,1,1,2,0,0,19,0,0,0,29,0,1,0,0,0,0,0,0,0,0,52,0,0,9,5,2,0,80,0,0,0,0,0,0,0,0,0,0,0,0,8,0,0,0,0,0,6,0,0,2
Gaines,Orleans,21,8,1,2,14,3,1,10,0,9,3,1,38,18,16,2,1,44,5,0,18,7,1,0,15,13,90,17,6,28,24,17,34,2,"1,134",4,7,0,0,31,1,0,13,34,7,11,0,2,4,1,2,2,1,1,1,15,7,1,7,0,0,0,1,53,0,0,0,9,2,1,1,2,0,0,1,54,10,0,0,3,16,9,0,1,0,19,3,0,0,0,69,0,3,0,0,0,0,0,0,0,0,52,0,0,109,2,19,0,120,0,0,0,0,0,1,0,0,0,0,0,0,15,0,0,0,0,0,3,0,1,2
Corning,Steuben,32,31,75,8,45,10,255,95,0,14,28,58,44,16,1,1,1,12,6,0,11,18,3,1,46,20,71,34,53,2,37,41,32,72,4,14,140,5,5,18,2,4,4,23,5,23,80,36,"2,663",7,7,61,199,4,3,12,19,26,6,50,0,0,0,61,0,0,0,10,5,3,0,1,0,8,7,49,23,2,0,3,14,84,0,17,0,381,16,1,0,0,41,10,9,0,0,0,1,0,0,0,0,51,0,0,80,0,229,0,909,0,0,0,1,0,2,7,3,0,10,0,0,34,0,0,0,8,0,2,2,2,38
York,Livingston,7,9,1,15,10,2,0,1,1,0,7,8,1,1,0,0,15,38,1,0,11,3,2,0,"1,287",9,52,39,16,2,22,2,15,5,0,2,5,0,4,7,0,0,3,16,10,1,0,0,8,1,0,0,2,2,1,14,3,4,42,1,0,0,0,35,0,0,0,3,1,0,0,0,0,1,0,74,14,0,0,0,12,3,0,10,0,9,4,0,0,0,24,2,4,0,0,0,0,0,0,0,0,51,0,0,79,2,9,0,318,0,0,0,0,0,0,0,0,0,0,0,0,116,0,0,0,0,0,3,0,0,39
Kendall,Orleans,12,7,1,4,9,1,3,11,1,3,3,1,16,8,4,1,1,24,2,0,6,11,1,1,18,4,195,13,13,17,21,13,30,6,784,6,14,5,2,56,0,0,4,20,10,1,0,8,1,1,0,4,4,2,6,38,29,52,3,0,0,0,0,28,0,0,0,5,2,1,0,0,0,2,0,24,11,0,0,5,14,7,0,0,0,10,6,0,0,0,49,0,4,0,0,0,0,0,0,0,0,51,0,0,35,1,30,0,48,0,0,0,0,24,0,0,0,0,0,0,0,24,0,0,0,0,0,1,0,0,0
Macedon,Wayne,11,1,0,1,22,1,1,0,1,33,8,2,132,11,2,0,0,1,8,0,10,2,3,1,8,57,149,22,18,8,33,21,134,13,5,4,17,0,4,11,1,7,1,23,16,4,1,4,3,1,1,0,3,9,6,13,984,6,4,5,0,0,0,25,0,0,0,4,2,0,0,0,0,0,4,45,24,0,0,0,2,29,0,7,0,16,6,0,0,0,17,3,3,0,0,0,0,0,0,0,0,51,0,0,122,1,21,0,229,0,0,0,0,0,0,0,0,0,0,0,0,8,0,0,0,0,0,0,0,0,6
Half Moon,Saratoga,110,2,0,0,3,1,1,0,9,46,1,1,48,1,2,0,5,0,2,0,5,2,0,1,0,2,1,16,10,0,3,9,0,0,0,3,2,1,5,315,2,0,2,"1,821",11,16,0,0,2,0,0,0,2,2,21,38,1,5,0,0,0,0,0,13,0,0,0,1,1,1,0,0,0,0,0,21,0,0,0,0,2,6,0,2,0,3,1,0,4,0,18,0,0,0,0,0,0,0,0,0,0,49,0,0,40,3,24,0,301,0,0,0,0,0,0,0,0,0,0,0,0,4,0,0,0,0,0,1,0,0,7
Henrietta,Monroe,6,6,0,9,12,4,0,7,1,10,3,0,14,1,5,1,1,18,0,0,16,4,2,11,24,24,"1,196",6,9,4,14,9,14,1,13,5,14,0,0,14,0,0,1,14,3,10,0,4,5,1,2,0,2,0,0,6,9,8,4,1,0,0,0,39,0,0,0,3,2,1,0,0,0,1,2,38,10,1,0,0,8,5,0,4,0,25,4,0,0,0,39,0,3,0,0,0,0,0,0,0,0,48,0,0,71,7,193,0,126,0,0,1,0,0,0,0,0,0,0,0,0,13,0,0,0,5,0,0,0,2,8
Boonville,Oneida,16,1,7,2,7,0,1,12,5,10,2,1,14,0,5,0,27,4,2,1,241,66,3,275,2,16,5,54,20,0,"2,192",25,1,1,0,22,18,0,0,33,0,0,16,16,5,10,1,1,1,1,3,0,1,4,8,4,3,2,0,0,1,0,0,47,0,0,0,4,1,2,0,3,1,3,0,70,2,0,0,1,17,3,0,3,0,7,14,1,0,0,30,0,7,0,1,0,0,0,0,0,0,48,0,1,37,30,266,3,328,0,1,1,0,0,2,0,0,0,0,0,0,22,0,0,0,12,0,46,0,2,45
East Hamburgh,Erie,2,1,0,4,7,8,0,2,1,2,2,2,14,"1,244",1,0,0,7,2,0,13,4,0,1,0,3,4,4,6,4,5,4,4,0,1,2,12,1,2,5,0,0,6,30,0,0,0,0,0,0,0,0,3,0,2,20,2,0,11,0,0,0,0,15,0,0,0,6,2,0,0,0,0,3,1,16,5,0,0,0,5,16,0,4,0,20,4,0,0,0,46,0,1,0,0,0,0,0,0,0,0,48,0,0,59,16,322,3,31,0,0,0,0,0,0,0,0,0,4,0,0,5,0,1,1,0,0,0,0,0,46
Evans,Erie,7,14,2,19,15,64,0,25,1,8,22,0,16,"1,373",3,1,5,12,4,0,6,3,1,2,9,16,23,5,17,9,19,19,9,0,7,5,12,0,0,14,0,0,10,32,0,4,0,2,3,1,0,0,8,2,6,28,5,4,9,2,2,0,0,26,0,0,0,2,0,1,0,0,0,7,1,83,13,0,6,1,7,14,0,13,0,26,8,0,0,0,79,0,8,0,0,0,0,0,0,0,0,48,4,0,95,8,168,1,83,0,0,0,0,0,0,1,0,0,7,0,0,16,0,0,0,1,0,0,0,0,7
Hamburgh,Erie,4,2,0,15,12,20,1,0,3,3,3,1,8,"1,754",5,0,1,10,1,1,15,6,3,2,2,11,26,10,6,5,16,8,7,1,5,3,3,1,0,7,0,0,3,12,3,1,0,4,1,0,0,1,3,0,1,14,6,1,1,2,0,0,2,20,0,0,0,1,3,4,0,1,2,3,0,14,5,0,0,1,3,6,0,15,0,15,10,0,1,0,56,0,9,0,0,0,0,0,0,1,0,47,0,0,52,11,715,3,74,0,0,1,0,0,0,0,0,0,5,0,0,8,0,0,0,7,0,0,0,1,8
Webster,Monroe,17,3,1,6,19,0,0,7,4,67,3,7,13,1,2,1,1,4,13,0,5,4,1,3,13,11,"1,436",9,13,3,13,8,66,17,6,3,15,2,0,38,0,1,3,22,2,9,1,3,5,0,1,14,3,3,0,26,156,3,1,7,0,0,0,49,0,0,0,4,2,0,0,0,0,3,1,35,24,0,0,0,37,28,0,12,0,12,3,1,0,0,52,1,2,0,0,0,0,0,0,0,0,47,0,0,82,12,167,4,32,0,0,0,0,0,2,0,0,0,1,0,0,6,0,1,0,27,0,1,0,0,32
Murray,Orleans,14,3,1,2,16,4,1,7,2,18,5,1,12,17,5,1,2,24,4,0,18,9,4,4,19,8,212,13,39,24,45,114,27,11,"1,162",3,10,1,0,46,0,0,5,37,8,7,0,15,3,1,0,2,1,13,4,15,17,8,12,0,0,0,0,57,0,0,0,4,2,4,0,0,0,4,2,67,25,0,0,1,22,4,0,7,0,9,6,0,0,0,82,6,3,0,0,0,0,0,0,0,0,47,0,0,88,0,17,1,150,0,0,0,0,0,0,0,0,0,2,0,0,22,0,0,0,0,0,3,0,0,25
Hartford,Washington,0,0,0,0,1,1,0,0,2,5,0,0,0,0,16,1,1,1,1,0,2,2,2,0,0,0,0,0,0,0,2,1,5,0,1,0,1,0,1,18,0,0,1,29,1,0,0,2,1,0,0,1,1,0,32,"1,487",2,0,0,1,0,0,0,18,0,0,0,0,0,1,0,0,0,2,1,28,0,0,0,0,10,2,0,0,0,2,3,0,0,0,91,1,1,0,0,0,0,0,0,0,0,47,0,0,8,0,1,0,238,0,0,0,0,0,0,0,0,0,1,0,0,5,0,0,0,0,0,0,0,0,7
Mendon,Monroe,13,9,2,3,25,1,3,6,3,12,2,1,46,9,3,1,1,5,6,0,14,2,4,3,139,7,"1,308",12,20,6,15,19,210,7,10,2,27,5,0,26,0,0,3,22,4,2,1,8,7,3,3,1,1,12,0,7,18,16,9,13,0,0,0,41,0,0,1,7,3,0,0,0,0,0,1,44,42,0,0,0,13,55,1,15,0,15,9,0,1,0,34,0,8,0,0,0,0,0,0,0,0,46,0,0,95,2,93,0,292,0,0,1,0,0,1,0,0,0,0,0,0,6,0,1,0,10,0,1,0,0,5
Granville,Washington,2,0,0,0,6,0,0,0,7,2,3,0,8,1,30,3,0,1,0,0,0,1,4,0,1,3,0,2,22,0,7,5,1,0,4,0,2,0,0,29,0,0,9,25,0,0,0,0,0,1,0,2,0,0,25,"2,281",3,0,0,0,0,0,0,43,0,0,0,3,2,0,0,1,0,8,0,58,3,0,1,0,18,3,0,2,0,24,6,0,3,0,302,1,1,0,0,0,0,0,0,0,0,46,0,0,9,2,3,0,357,0,0,0,3,0,0,0,0,0,2,0,0,14,0,0,0,0,0,255,0,0,6
Pomfret,Chautauqua,15,11,4,45,19,"1,885",3,44,3,16,9,12,10,133,9,1,0,44,7,3,26,20,0,10,10,51,35,7,26,5,98,37,18,4,10,14,37,2,0,36,0,0,6,37,1,13,0,3,8,3,1,1,11,14,3,23,4,2,30,5,0,0,0,139,0,0,0,12,8,7,0,0,1,13,6,157,14,1,2,2,24,10,1,32,0,134,15,0,0,0,111,4,18,1,1,0,1,0,0,0,1,46,0,0,141,11,104,0,87,0,0,0,0,0,1,0,0,0,5,0,0,15,0,0,26,16,0,2,1,1,11
Hoosick,Rensselaer,55,0,0,1,0,0,0,4,3,25,0,2,23,1,11,1,2,0,3,0,4,5,5,0,1,3,4,5,23,1,7,10,0,7,0,1,11,0,0,"2,589",0,1,0,53,4,1,3,0,0,2,2,2,2,1,9,287,13,4,1,0,0,0,1,34,0,0,0,2,3,0,0,0,0,3,1,158,3,0,0,0,20,8,0,3,0,7,20,0,2,0,392,4,2,0,0,0,0,0,0,6,0,46,0,0,95,0,13,0,735,0,0,0,0,0,1,0,0,0,0,0,0,13,0,0,0,6,0,0,0,2,18
Clarence,Erie,0,7,0,3,24,1,1,2,1,3,0,2,4,"1,927",1,0,12,30,3,0,10,2,0,0,1,3,13,3,10,92,24,5,13,4,7,0,9,1,0,5,0,0,1,1,1,1,0,12,0,0,0,0,0,2,0,5,2,0,1,1,0,0,0,16,1,0,0,2,0,0,0,1,0,1,2,10,9,0,0,2,6,9,0,7,0,164,3,0,0,0,21,2,1,0,0,0,1,0,0,0,1,45,0,0,75,29,852,1,29,0,0,0,0,2,0,0,0,0,41,0,0,3,0,0,1,7,0,0,0,2,15
Mount Morris,Livingston,26,74,1,10,164,2,2,12,1,7,4,11,10,6,1,6,7,48,20,0,13,10,1,2,"1,760",14,85,12,26,6,18,13,41,11,7,2,5,1,0,7,0,2,6,57,27,3,0,37,39,1,1,4,13,3,1,13,16,3,84,4,0,0,0,85,0,0,0,7,2,0,0,0,0,7,3,59,17,1,0,0,26,93,0,12,0,71,3,0,0,0,45,4,10,2,0,0,0,0,0,0,0,45,0,1,64,7,66,3,345,0,0,0,0,0,1,0,0,0,2,0,0,4,0,0,0,1,0,0,0,0,24
Pendleton,Niagara,1,3,0,5,1,2,0,5,0,2,8,3,0,56,0,0,0,8,7,0,6,3,0,0,4,11,7,6,5,897,9,8,2,0,15,0,5,0,0,9,0,0,1,0,2,0,0,4,1,0,0,1,1,0,0,7,2,0,6,2,0,0,0,11,0,0,0,3,1,1,0,0,0,1,1,11,7,0,0,0,11,6,0,4,0,38,1,0,1,0,32,0,10,0,0,0,0,0,0,1,0,44,0,0,70,15,238,0,85,0,0,0,4,0,0,0,0,0,12,0,0,2,0,0,0,2,0,1,0,1,2
Pittsford,Monroe,8,4,1,0,12,1,0,8,2,7,1,1,32,13,1,1,1,3,4,0,9,4,3,2,33,10,959,4,9,4,12,13,37,7,8,1,11,0,0,18,0,0,5,16,5,3,0,6,0,3,0,0,0,19,2,17,29,12,2,2,0,0,0,26,0,0,0,3,4,1,2,0,0,2,3,32,11,1,0,0,5,5,1,2,0,15,5,0,2,0,23,3,1,0,0,0,0,0,0,0,0,44,0,0,156,0,161,2,136,0,0,0,0,0,1,0,0,0,0,0,0,2,0,0,0,9,0,0,1,0,5
Morrisania,Westchester,34,0,2,0,8,0,2,2,1,19,2,15,46,7,0,0,0,1,10,0,5,9,185,0,0,2,6,11,"2,980",5,8,3,1,25,0,0,2,9,20,32,13,10,2,5,3,3,0,2,0,3,8,0,0,13,0,2,0,"3,084",1,1,2,0,4,156,0,1,7,12,3,2,1,4,2,34,45,113,1,1,1,7,11,210,1,21,0,97,17,9,1,2,11,14,3,3,2,3,0,0,0,12,1,43,11,2,565,68,"2,164",7,"1,223",4,0,1,0,2,21,2,3,0,22,0,0,95,9,2,0,10,0,8,5,4,14
Alden,Erie,7,1,0,4,9,11,0,3,1,6,13,6,2,"1,205",0,1,1,98,2,0,9,0,0,0,5,9,39,6,14,5,15,16,5,6,14,0,11,3,0,10,0,0,1,11,1,4,0,2,5,1,0,1,2,2,6,10,8,2,24,1,0,0,0,32,2,0,0,1,5,3,0,0,0,3,0,30,6,0,0,0,30,11,0,16,0,13,7,0,0,0,75,1,8,0,0,0,1,0,0,0,0,43,0,0,39,61,406,0,69,0,0,0,0,0,6,1,0,0,19,0,0,2,0,0,1,0,0,0,0,0,11
Fine,St. Lawrence,1,0,0,3,0,1,0,2,4,0,2,0,0,0,1,1,0,0,0,1,11,51,0,2,0,3,0,2,10,0,12,1,2,0,0,5,0,0,0,0,0,0,243,1,1,1,0,0,0,0,0,0,0,0,0,3,0,0,0,0,0,0,0,2,0,0,0,0,0,0,0,0,0,1,0,9,2,0,0,0,6,2,0,0,0,1,1,0,0,0,13,0,1,0,0,0,0,0,0,0,0,43,0,0,17,1,0,0,21,0,0,0,0,0,1,0,0,0,0,0,0,1,0,0,0,0,0,0,0,0,1
Hornellsville,Steuben,25,338,60,48,55,33,51,52,1,16,29,34,14,26,4,0,2,21,2,0,12,10,2,0,137,52,54,21,48,10,23,25,43,23,7,10,27,2,3,15,3,6,3,13,5,19,14,23,"2,053",1,8,67,30,7,3,8,5,5,51,52,0,0,0,78,0,0,0,16,2,5,2,1,0,29,14,82,20,0,0,0,24,58,0,22,0,282,22,1,1,0,36,5,5,0,0,0,0,0,0,0,0,43,0,0,71,0,97,0,596,0,0,0,0,1,3,3,0,0,7,0,0,15,0,0,0,0,0,0,0,1,31
Otto,Cattaraugus,0,5,1,504,5,22,0,0,0,1,1,2,2,82,0,1,0,2,0,0,13,8,0,0,4,6,11,9,1,4,12,10,5,0,4,2,9,0,0,13,0,0,1,5,0,19,0,1,1,0,0,1,6,0,4,18,4,0,16,2,0,0,0,17,0,0,0,4,0,2,2,1,0,0,0,22,6,0,0,0,3,3,0,5,0,11,6,0,0,0,46,1,3,0,0,0,0,0,0,0,0,42,0,0,11,0,49,0,31,0,0,0,0,0,0,0,0,0,0,0,0,4,0,0,0,0,0,0,0,0,22
Collins,Erie,9,5,1,139,2,19,2,7,13,5,5,2,5,"1,012",1,0,0,11,1,0,8,4,1,1,6,8,2,12,73,1,9,11,5,3,9,2,19,0,0,17,0,0,2,9,1,7,0,0,2,1,0,2,1,0,3,28,5,0,6,1,0,0,0,17,0,0,0,3,3,2,0,0,0,7,13,39,7,0,0,0,7,2,0,13,0,16,14,1,0,0,150,1,15,0,0,0,0,0,0,0,0,42,0,0,26,4,141,0,17,0,0,0,0,0,3,0,0,0,0,0,0,5,0,0,0,4,0,0,0,0,4
Edwards,St. Lawrence,0,0,1,0,0,1,0,1,3,1,0,2,0,0,4,5,0,0,0,0,26,58,0,5,0,4,0,1,2,0,9,1,0,0,0,6,8,0,0,5,0,0,791,7,0,1,0,1,1,0,0,0,0,0,1,5,0,0,0,0,0,0,0,1,0,0,0,1,0,0,0,0,0,0,0,33,0,1,0,0,14,1,0,0,0,0,2,0,0,0,41,1,0,0,0,0,0,0,0,0,0,42,0,0,15,1,1,0,35,0,0,0,0,0,0,0,0,0,0,0,0,41,0,0,0,0,0,0,0,0,0
Sandy Creek,Oswego,9,1,1,0,2,1,0,3,1,11,1,4,8,0,1,0,1,1,0,0,107,320,1,11,1,42,2,12,0,2,65,15,2,0,1,"1,296",8,0,0,49,0,0,24,12,1,4,0,0,1,0,0,0,1,0,1,46,5,1,1,0,0,0,1,33,0,0,0,1,4,0,0,0,0,0,0,47,2,2,0,1,22,0,1,1,0,1,8,0,0,0,123,2,4,0,0,0,0,0,0,0,0,41,0,0,22,0,0,0,22,0,0,1,0,0,0,0,0,0,0,0,0,2,0,0,0,0,0,3,1,0,3
Olean,Cattaraugus,19,121,36,"1,007",19,29,22,29,0,2,12,21,5,47,6,0,3,15,6,0,0,2,5,0,37,12,13,4,7,12,13,9,17,5,0,1,12,1,0,5,0,1,0,9,0,3,1,2,43,0,4,5,20,4,0,8,3,11,35,6,0,0,0,19,0,0,0,1,1,0,0,0,0,30,7,59,7,1,0,1,56,14,2,6,0,119,5,0,0,0,33,3,4,0,0,0,0,0,0,1,0,41,0,0,28,13,238,0,257,0,0,0,2,0,2,0,0,0,0,0,0,14,0,0,0,1,0,2,0,1,24
Bergen,Genesee,1,1,4,4,21,3,0,1,2,11,2,2,12,4,0,3,0,824,1,0,2,3,2,0,13,12,191,2,7,15,28,13,14,2,39,0,8,0,1,6,0,0,2,13,4,2,0,6,11,0,0,1,4,7,0,7,5,3,18,1,0,0,0,89,0,0,0,6,0,0,0,0,0,2,1,34,20,0,0,0,4,10,0,11,0,8,2,2,0,0,39,0,5,0,0,0,0,0,0,0,0,41,0,0,99,0,10,0,147,0,0,0,0,0,0,0,0,0,0,0,0,27,0,0,0,0,0,1,0,0,12
Lancaster,Erie,5,0,0,6,4,8,0,1,0,1,2,1,3,"2,235",1,0,1,22,3,1,7,6,2,1,6,3,21,6,13,12,12,8,5,2,2,9,7,0,0,4,0,0,0,0,1,6,0,0,9,0,1,0,0,0,2,2,1,2,20,5,0,0,0,31,0,0,1,3,0,2,0,1,0,0,6,24,10,0,0,0,9,4,1,12,0,41,3,0,0,0,45,0,3,0,0,0,0,0,0,0,0,40,0,0,87,81,"1,072",62,88,0,0,0,0,0,1,0,0,0,9,0,0,3,0,0,0,2,0,1,0,0,10
Lima,Livingston,5,17,6,10,22,7,13,0,14,4,4,15,7,1,0,1,0,36,6,0,10,11,0,5,"1,143",9,132,9,22,2,20,16,239,1,7,9,9,4,0,6,0,0,4,14,6,7,0,16,26,0,0,4,9,3,5,11,12,4,11,28,0,0,1,58,0,0,0,6,10,1,0,3,0,5,0,63,25,0,0,0,15,19,1,10,0,43,4,0,0,0,66,6,4,0,0,0,0,0,0,0,0,40,0,0,64,3,22,0,467,0,0,0,0,0,0,0,0,0,0,0,0,0,0,0,0,0,0,0,0,0,7
Pittstown,Rensselaer,44,0,1,0,1,1,0,1,5,8,5,0,7,2,2,0,0,0,3,0,0,1,1,1,0,3,1,3,5,0,0,5,1,1,1,6,3,4,0,"2,691",0,0,3,55,10,6,0,0,0,0,0,0,0,8,3,92,0,12,0,0,0,1,0,11,0,0,0,4,0,4,0,0,0,4,0,56,3,1,0,1,6,21,0,0,0,9,7,0,0,0,81,0,0,0,0,0,0,0,0,0,0,40,0,0,54,0,56,0,365,0,0,0,0,0,0,0,0,0,3,0,0,78,0,0,0,0,0,5,0,0,25
Pitcairn,St. Lawrence,1,0,0,1,0,1,0,0,0,0,0,0,1,0,0,1,0,0,0,0,29,65,0,19,0,4,1,2,6,0,3,0,0,0,0,1,2,0,0,0,0,0,299,3,0,2,0,0,0,0,0,0,0,0,0,1,0,0,0,0,0,0,0,3,0,0,0,0,1,0,0,0,0,1,0,10,0,0,0,0,8,0,0,2,0,0,1,0,0,0,37,0,1,0,0,0,0,0,0,0,0,40,0,0,2,0,0,1,6,0,0,0,0,0,0,0,0,0,0,0,0,2,0,0,0,1,0,0,0,0,0
Duane,Franklin,1,0,0,0,0,0,0,0,18,0,0,0,0,0,11,133,0,0,0,0,0,0,0,0,0,0,0,0,0,0,0,0,0,0,0,0,0,0,0,0,0,0,13,0,7,0,0,0,0,0,0,0,0,0,0,0,0,0,0,0,0,0,0,3,0,0,0,0,0,0,0,0,0,0,0,3,0,0,0,0,6,3,0,0,0,0,0,0,0,0,20,0,0,0,0,0,0,0,0,0,0,39,0,0,3,0,1,0,7,0,0,0,0,0,0,0,0,0,0,0,0,1,0,0,0,0,0,0,0,0,1
Victor,Ontario,18,0,0,2,14,3,0,0,0,19,3,3,16,1,0,6,3,16,15,0,23,10,0,2,26,5,162,27,13,3,26,17,"1,161",10,5,1,13,1,6,11,0,0,1,18,8,1,0,5,13,0,2,5,1,15,0,15,24,1,5,11,0,0,0,39,0,0,0,4,0,0,0,0,0,1,0,67,16,0,0,0,5,13,1,7,0,8,0,0,0,0,26,1,4,1,0,0,0,0,0,0,0,39,0,0,65,1,40,2,248,1,0,0,0,0,0,0,0,0,1,0,0,4,0,0,0,5,0,0,0,0,8
Redfield,Oswego,6,0,2,0,0,0,0,1,7,3,3,1,0,0,0,1,0,1,4,0,9,66,0,21,0,8,0,16,35,2,131,0,0,1,0,415,12,0,0,8,0,0,32,0,0,7,0,1,0,7,0,0,0,14,0,10,0,1,0,0,0,0,0,13,0,0,0,1,0,1,0,0,0,1,1,20,3,0,0,0,8,2,0,1,0,3,4,0,0,0,15,0,0,0,0,0,0,0,0,0,0,39,0,0,4,0,10,0,95,0,0,0,0,0,0,0,0,0,0,0,0,6,0,0,0,0,0,13,0,0,7
Wolcott,Wayne,33,1,1,3,380,0,2,4,0,48,5,0,30,2,0,0,3,4,7,0,25,19,2,6,1,9,3,14,10,1,28,73,30,32,1,68,16,0,0,47,0,7,10,64,11,18,0,50,4,1,0,2,14,15,1,18,"1,633",13,1,5,0,0,0,42,0,0,2,6,1,2,1,0,0,4,0,47,15,1,0,0,19,28,0,5,0,13,2,0,0,0,34,1,9,0,0,0,0,0,0,0,0,39,0,0,45,0,12,0,79,0,0,0,0,0,0,0,0,0,0,0,0,2,0,0,0,0,0,0,0,0,40
Geneseo,Livingston,6,27,2,7,34,2,1,5,2,22,6,5,14,5,1,0,0,20,8,0,16,2,6,0,"1,585",9,71,3,6,6,9,8,50,5,6,0,7,0,1,13,0,0,3,9,3,0,2,4,24,0,1,0,2,4,0,1,3,3,40,3,0,0,1,70,0,0,1,13,1,1,0,0,0,1,3,50,9,0,0,3,6,42,0,12,0,46,3,0,1,0,30,5,1,0,0,14,1,0,0,0,1,38,0,0,142,2,15,0,369,0,0,0,0,0,0,0,0,0,0,1,0,27,0,0,0,1,0,0,2,0,17
Nunda,Livingston,7,140,2,13,90,12,13,8,3,7,3,6,8,18,2,1,6,18,19,2,35,9,5,1,"1,285",28,40,12,12,6,39,11,30,5,2,1,10,0,0,12,0,0,3,21,2,10,1,13,64,2,0,3,3,2,6,24,15,1,44,6,0,0,0,54,0,1,1,12,2,1,0,1,0,6,0,59,18,0,1,2,31,37,1,4,0,60,6,0,0,0,53,0,8,2,0,0,1,0,0,0,0,38,0,0,50,0,61,19,134,0,0,0,0,0,0,0,0,0,0,0,0,15,0,0,1,6,0,0,0,0,17
Salina,Onondaga,17,0,0,1,7,0,5,5,1,9,16,5,24,1,0,0,2,0,1,0,25,12,0,2,1,23,6,16,27,2,25,"1,305",3,3,1,57,6,0,0,13,0,0,3,13,1,3,1,0,2,0,4,3,2,0,1,15,3,2,3,0,0,0,0,26,0,0,0,4,1,0,0,0,0,3,1,33,7,0,0,0,12,3,0,4,0,9,4,0,0,0,26,0,0,0,0,0,0,0,0,0,0,38,0,0,58,16,428,0,370,0,0,0,0,0,1,0,0,0,0,0,0,3,0,0,0,1,0,0,0,0,29
Harmony,Chautauqua,9,15,2,31,25,"2,063",0,40,2,2,13,5,20,26,8,1,1,22,1,0,37,19,1,6,7,21,12,15,27,2,60,95,8,13,9,2,50,1,1,39,0,1,2,23,0,7,0,2,7,0,1,1,28,4,7,39,4,3,8,2,0,0,0,65,0,0,1,6,4,4,0,0,0,2,0,54,9,0,0,0,14,19,0,17,0,236,4,0,0,0,106,0,4,0,0,0,0,0,0,0,0,37,0,0,48,0,7,29,71,0,0,1,0,0,1,0,0,0,2,0,0,0,0,0,6,0,0,0,0,0,56
Schenectady,Schenectady,487,8,0,0,16,2,1,2,3,67,9,9,38,3,4,0,30,4,20,9,32,4,11,1,1,14,15,248,187,2,37,16,11,10,4,11,20,0,5,151,0,0,3,372,"5,943",83,0,2,1,2,5,0,1,11,2,36,3,10,0,0,4,0,0,57,0,0,1,21,3,2,1,0,0,3,4,95,6,0,4,0,12,22,2,8,0,16,20,2,8,0,47,8,5,1,0,0,0,0,0,2,0,37,1,0,291,17,937,11,819,1,1,0,1,0,3,6,0,0,45,0,0,136,0,1,0,21,0,4,5,2,22
Arcadia,Wayne,49,2,3,1,41,0,3,6,1,342,25,2,85,17,8,0,0,5,32,0,16,15,3,15,18,35,77,30,39,16,61,30,216,17,14,15,23,4,1,111,1,6,4,48,6,16,0,26,7,11,0,1,13,7,5,38,"2,574",9,3,9,0,2,1,35,0,0,0,8,0,0,0,1,1,30,8,54,40,0,0,0,13,39,1,13,0,40,12,0,0,0,51,1,8,0,0,0,0,0,0,1,0,37,0,0,99,46,295,52,158,1,0,0,0,0,0,0,0,0,0,0,0,4,0,0,0,12,0,0,0,1,16
Pembroke,Genesee,3,12,1,9,19,7,0,3,1,7,11,3,14,167,3,0,1,"1,265",11,0,14,8,2,3,48,9,99,25,9,24,18,44,24,0,29,7,19,1,1,36,5,0,4,19,0,6,0,8,3,1,1,1,3,4,0,31,12,4,25,2,0,0,1,73,0,0,0,9,1,1,0,2,0,2,2,74,27,0,0,3,21,7,0,18,0,42,6,0,0,2,66,0,10,0,0,0,0,0,0,0,0,36,0,0,39,4,83,0,167,0,0,4,0,0,0,0,0,0,0,0,0,7,0,0,0,0,0,0,1,0,31
West Farms,Westchester,14,0,2,0,0,0,5,2,2,20,2,7,43,5,0,0,3,0,7,0,3,0,119,1,1,0,0,7,"1,570",6,3,3,1,19,0,1,7,8,37,10,16,12,0,2,1,4,0,1,0,16,0,0,0,9,0,0,0,"2,256",0,2,4,0,4,92,0,0,7,2,2,1,0,5,8,23,10,87,0,0,2,2,8,141,4,20,0,68,17,7,4,0,21,15,4,3,0,0,0,2,0,2,5,36,13,0,365,67,377,5,"1,475",0,1,3,0,0,6,0,0,0,23,0,0,106,0,1,0,12,0,2,12,3,29
Berlin,Rensselaer,17,1,0,0,0,0,0,0,0,8,1,0,1,1,5,0,2,0,0,0,0,1,1,0,0,1,0,0,23,1,1,0,0,0,0,0,5,0,0,"1,602",0,0,0,1,2,2,0,0,1,0,0,0,0,0,1,5,0,0,0,0,0,0,0,13,0,0,0,3,0,0,0,0,0,0,1,64,0,0,0,0,4,3,0,1,0,3,11,0,0,0,29,2,3,0,0,0,0,0,0,0,0,36,0,0,7,2,253,0,25,0,0,1,0,0,0,0,0,0,0,0,0,0,0,0,0,0,0,0,0,0,5
Philipstown,Putnam,9,0,0,0,5,0,0,0,0,13,0,4,349,2,0,1,1,3,15,0,1,1,27,0,0,0,0,1,221,0,0,0,0,187,0,0,0,"2,913",1,5,3,18,2,9,0,2,0,1,1,4,7,1,1,39,0,0,3,170,0,0,0,0,0,52,6,0,0,4,2,0,0,0,0,3,7,24,2,0,0,0,6,43,2,7,0,17,2,0,1,0,6,7,9,0,0,0,0,0,0,0,0,36,4,0,146,18,67,7,848,0,0,0,1,1,1,3,0,0,4,0,0,60,0,1,0,2,0,7,1,1,7
Rush,Monroe,4,11,1,2,14,2,0,2,0,1,0,1,25,1,0,0,0,21,8,0,6,4,2,0,63,3,850,4,6,5,4,1,15,4,1,2,6,0,0,20,0,0,8,9,3,3,0,2,7,0,0,0,0,3,0,5,5,3,3,1,0,0,0,18,0,0,0,2,0,0,1,1,0,1,12,14,14,0,0,0,3,6,1,5,0,63,0,0,0,0,19,2,0,0,0,0,0,0,0,0,0,36,0,0,33,1,148,0,159,0,0,0,0,0,0,0,0,0,10,0,0,11,0,0,0,0,0,3,0,1,3
Amsterdam,Montgomery,144,0,2,0,3,0,0,3,3,23,1,3,28,3,3,1,303,4,20,5,21,20,14,2,3,8,13,"2,707",50,2,34,10,8,1,1,5,22,0,1,62,0,2,2,165,168,32,0,1,2,2,2,0,1,2,1,31,0,12,2,0,0,0,0,50,0,0,0,4,1,3,0,0,0,0,1,60,3,0,0,1,8,30,0,20,0,17,4,3,0,0,24,3,3,1,1,0,0,0,0,1,0,36,1,0,138,18,142,0,462,0,0,0,0,0,1,1,0,0,1,2,0,82,0,0,0,9,0,3,0,0,18
Elbridge,Onondaga,28,0,1,0,282,1,1,11,3,3,31,18,30,4,2,1,12,2,7,0,49,12,0,5,5,52,7,52,45,1,65,"2,236",10,29,2,53,30,0,1,20,0,2,2,30,3,15,0,9,8,2,1,1,10,5,8,36,59,2,10,5,0,0,0,61,0,0,0,6,1,0,0,2,0,7,5,67,14,1,0,0,5,13,2,11,0,11,3,0,0,0,65,1,12,0,0,0,0,0,4,0,0,36,0,0,152,2,24,0,308,0,0,0,0,0,1,0,0,0,0,0,0,5,0,0,0,0,0,0,0,0,90
Orwell,Oswego,9,0,0,0,1,0,0,1,0,4,1,7,4,0,0,0,9,4,1,1,69,59,1,6,0,16,1,17,1,0,118,6,0,0,0,809,11,0,0,13,0,1,17,38,2,9,0,0,0,0,0,0,0,0,0,0,0,0,0,0,0,0,0,29,0,0,0,0,0,0,0,0,0,5,0,28,2,0,0,4,4,1,0,0,0,7,8,0,0,0,18,0,2,0,0,0,0,0,0,0,0,36,1,0,28,0,9,0,10,0,0,0,0,0,0,0,0,0,0,0,0,0,0,0,0,0,0,1,0,0,2
Lyons,Wayne,27,5,0,0,58,8,5,5,4,68,4,10,72,4,0,0,1,3,5,0,15,9,6,2,11,12,38,24,22,11,46,47,103,20,9,13,10,5,3,47,0,0,5,34,5,5,0,48,5,0,3,2,8,2,4,45,"2,582",12,4,14,0,0,1,55,0,1,0,10,1,6,0,0,0,9,5,52,19,1,0,0,8,47,2,13,0,37,5,0,1,0,30,9,9,1,0,0,0,0,0,1,0,36,0,0,195,87,553,2,194,1,0,0,0,0,1,0,1,0,1,0,0,19,0,0,0,7,0,1,0,0,76
Sodus,Wayne,36,0,0,0,24,2,0,3,0,176,0,1,119,10,6,1,0,2,9,0,13,8,2,1,1,12,41,24,12,2,26,48,67,7,2,27,11,4,4,36,0,7,4,31,3,9,1,36,16,5,0,4,6,15,2,63,"2,712",18,8,12,0,0,0,50,0,0,0,7,2,1,1,0,0,9,4,82,24,0,0,1,9,32,0,7,0,24,20,0,0,0,36,1,6,0,0,0,0,0,0,0,0,36,0,0,227,19,94,161,22,0,0,0,0,0,1,0,0,0,1,0,0,15,0,0,1,3,0,4,0,0,14
Williamson,Wayne,6,5,4,0,15,4,3,4,0,37,5,1,40,4,2,0,0,1,2,0,6,9,2,1,3,9,36,11,16,1,12,22,29,2,4,7,10,0,1,29,0,1,3,24,5,5,0,7,12,0,0,1,5,7,0,28,"1,349",0,0,2,0,0,0,32,0,0,0,1,1,0,0,0,0,0,2,37,10,0,1,1,6,32,0,9,0,23,4,0,0,0,17,1,0,0,0,0,0,0,0,0,1,36,0,0,137,0,5,396,15,0,0,0,0,0,0,0,0,0,0,0,0,1,0,0,0,0,0,0,0,0,11
Skaneateles,Onondaga,17,0,8,1,311,3,4,10,4,9,28,4,51,10,1,0,2,6,2,0,28,5,3,1,5,21,8,18,38,2,34,"1,895",4,18,2,21,17,1,13,23,0,2,1,22,2,5,0,12,8,0,2,0,12,15,0,23,15,13,2,0,0,0,0,70,0,1,1,3,4,1,0,0,0,3,4,61,7,2,1,0,8,19,1,6,0,20,12,1,2,0,19,21,24,0,0,0,3,0,4,0,0,35,0,0,549,2,21,0,403,0,0,2,0,0,0,0,0,0,0,0,0,9,0,0,0,7,0,11,1,0,27
Little Falls,Herkimer,41,1,5,0,8,0,1,8,2,18,3,2,20,4,0,1,60,2,9,1,"3,121",47,11,5,1,20,11,258,34,0,171,25,3,7,2,16,100,0,1,35,0,0,14,44,16,16,1,4,6,0,1,0,0,7,2,18,5,4,0,0,0,0,0,52,0,2,0,6,2,0,0,1,0,8,4,55,5,1,0,0,9,11,0,7,0,10,11,0,0,0,40,16,1,6,0,0,0,0,0,0,0,35,0,0,147,2,182,1,675,0,0,0,0,0,1,1,1,0,1,2,0,2,0,0,0,0,0,33,0,0,17
Saratoga,Saratoga,63,0,0,1,1,0,0,1,6,15,2,1,45,0,2,1,1,1,10,4,3,2,6,0,0,0,1,1,14,0,3,3,0,1,0,2,3,5,0,162,0,1,1,"2,153",2,7,0,0,2,1,0,2,1,0,30,243,1,6,0,0,0,0,0,18,0,0,0,2,5,1,0,0,0,6,4,67,2,0,0,0,113,9,0,3,0,5,28,0,0,0,40,6,1,0,2,0,0,0,0,0,0,35,0,0,45,0,14,0,580,0,0,0,0,0,0,0,0,0,2,0,0,16,0,0,0,0,0,0,0,0,16
Palermo,Oswego,14,1,1,1,9,0,0,17,0,2,7,2,4,1,5,0,1,3,4,0,94,36,0,11,0,67,2,9,5,1,113,126,1,1,1,"1,210",39,0,0,8,0,0,4,11,1,28,0,5,1,0,0,2,5,2,11,21,6,4,5,0,0,0,0,53,0,0,0,0,1,0,0,0,0,2,1,45,6,0,0,0,6,2,1,2,0,8,4,3,0,0,22,0,8,0,0,0,0,0,0,0,0,34,0,0,26,30,7,0,27,0,0,0,0,0,0,0,0,0,0,0,0,3,0,0,0,0,0,2,0,0,24
Ontario,Wayne,8,0,1,6,12,1,1,2,0,16,6,0,21,0,1,0,0,3,2,0,7,6,1,2,0,9,117,9,8,2,49,10,40,5,3,2,8,1,0,28,1,0,22,4,1,4,0,4,6,0,0,1,5,3,6,37,"1,235",1,2,3,0,3,0,40,0,0,0,0,0,0,0,0,0,2,1,58,9,0,0,0,7,29,0,3,0,3,4,0,2,0,39,1,3,0,0,0,0,0,0,0,0,34,0,0,191,2,37,49,64,0,0,0,0,0,2,0,0,0,3,0,0,1,0,0,0,0,0,0,0,3,0
North Dansville,Livingston,6,69,0,2,34,3,7,3,3,2,7,5,6,13,1,0,1,18,3,1,10,2,1,2,"1,861",16,75,8,18,4,15,19,58,12,4,4,12,3,0,12,4,0,4,5,1,3,1,15,200,0,1,6,11,0,0,17,8,1,8,19,0,0,0,57,0,0,1,7,4,5,0,0,0,0,8,44,13,1,0,3,20,23,0,11,0,179,0,0,0,1,31,3,8,0,0,0,0,0,0,5,0,33,0,0,36,6,372,0,212,0,0,2,0,0,0,0,0,0,4,1,0,4,0,0,0,0,0,0,0,0,6
Dresden,Washington,0,1,0,0,0,0,0,0,2,1,0,0,1,0,19,4,0,0,0,0,0,0,0,0,0,0,0,3,2,0,1,0,0,0,2,0,0,0,0,5,0,0,1,5,0,0,0,0,5,1,0,0,0,0,20,524,0,0,0,0,0,0,0,4,0,0,0,2,0,0,0,0,0,5,0,7,1,3,0,0,7,3,0,0,0,0,2,0,0,0,61,0,0,0,0,0,0,0,0,0,0,33,0,0,13,0,0,0,24,0,0,2,0,0,0,0,0,0,0,0,0,1,0,0,0,0,0,0,0,0,0
Irondequoit,Monroe,8,1,0,1,3,0,0,0,0,15,0,1,13,3,0,3,0,3,2,0,5,5,0,1,5,2,"1,940",0,14,0,9,7,15,2,10,1,1,2,0,5,0,0,5,4,6,3,1,7,1,1,0,2,0,0,0,5,3,3,3,1,0,0,0,15,0,0,0,6,0,8,0,0,0,1,0,26,3,0,0,0,7,4,0,3,0,7,0,0,0,0,4,0,0,0,0,0,0,0,0,0,0,33,0,0,82,27,902,107,49,0,0,1,0,0,1,0,0,0,3,0,0,8,0,0,0,0,0,0,0,0,1
Yates,Orleans,6,1,1,0,25,1,0,3,1,11,5,8,13,10,1,1,8,24,7,0,22,12,1,2,6,16,45,24,1,88,14,52,16,2,"1,033",2,10,0,0,27,0,0,3,25,13,4,0,5,2,2,4,0,14,0,4,15,20,1,3,6,0,0,0,28,0,0,0,9,1,0,1,0,0,2,2,29,23,2,0,0,11,25,0,5,0,7,4,0,0,0,60,0,1,1,0,0,0,0,0,0,0,33,0,0,135,0,5,0,60,0,0,1,0,0,0,0,0,0,4,0,0,44,0,0,0,1,0,0,0,0,2
Alabama,Genesee,11,12,1,14,12,8,0,2,0,4,3,7,6,38,0,1,0,772,4,0,17,2,2,6,46,8,67,13,26,39,15,5,30,2,90,7,9,2,0,7,0,0,3,14,1,27,0,8,1,1,0,0,0,0,0,37,5,3,12,0,0,0,0,26,0,0,0,4,2,0,0,1,0,0,4,31,12,0,0,0,19,20,0,6,0,18,2,0,0,0,34,1,1,0,0,0,0,0,0,0,0,33,0,0,58,0,68,0,65,0,0,0,0,0,0,0,0,0,12,0,0,9,0,0,0,0,0,5,0,0,8
Van Buren,Onondaga,35,2,3,0,46,1,0,8,1,11,9,5,14,1,2,0,1,3,12,0,39,8,0,1,0,40,6,17,27,0,31,"1,993",2,9,1,57,27,0,0,50,0,8,3,26,4,23,0,2,5,0,1,2,3,1,5,20,18,3,1,0,0,0,0,50,0,0,0,4,3,2,0,0,0,2,0,45,10,0,0,1,7,11,0,11,0,4,7,0,0,0,30,2,6,0,1,0,0,0,0,0,0,33,2,0,50,0,36,0,67,0,0,0,0,0,0,0,0,0,0,0,0,5,0,0,0,0,0,0,0,0,3
Hastings,Oswego,28,2,0,1,23,0,0,10,4,11,15,5,25,4,0,1,6,3,10,0,81,17,0,7,0,114,7,21,4,0,79,364,0,0,0,"1,524",34,0,0,16,0,0,8,15,5,28,0,3,5,0,0,0,1,1,2,10,5,1,1,0,0,0,0,36,0,0,0,5,0,0,1,1,0,4,1,45,4,0,0,1,18,7,0,3,0,3,9,0,0,0,42,0,0,0,1,0,0,0,0,0,0,33,0,0,49,68,48,0,27,0,0,0,0,0,1,0,0,0,0,0,0,7,0,0,0,6,0,1,0,0,83
Aurora,Erie,4,7,1,32,23,14,0,9,1,2,2,3,8,"1,413",4,0,0,16,2,0,18,1,0,0,8,14,13,14,2,0,35,7,7,1,6,0,5,0,0,16,0,0,1,14,0,0,0,1,11,3,1,0,4,16,1,21,6,0,38,4,0,0,0,28,0,0,0,11,1,0,0,1,3,5,1,47,1,0,0,1,18,5,0,5,0,22,17,0,0,0,75,2,8,0,0,0,0,0,0,0,0,32,0,0,107,12,170,0,48,0,0,0,0,0,0,0,0,0,1,1,0,8,0,0,1,0,0,0,0,3,43
Stony Point,Rockland,0,0,0,0,0,0,0,0,0,0,0,0,6,0,0,0,0,0,1,0,0,0,7,0,0,0,0,0,55,0,1,0,0,70,0,0,0,20,1,0,0,"1,483",1,0,0,0,0,0,0,0,0,0,2,9,0,0,0,37,0,0,0,0,0,10,0,0,0,2,2,0,0,0,1,1,0,3,0,0,0,0,1,26,0,2,0,2,0,0,0,0,3,4,0,0,0,0,0,0,0,0,0,32,0,0,18,1,75,0,296,0,0,0,0,0,0,0,0,0,0,0,0,2,0,0,0,1,0,1,0,0,10
Brutus,Cayuga,19,0,8,3,"1,313",1,2,17,2,6,22,3,28,3,2,1,2,2,5,0,23,13,1,3,6,12,7,11,8,2,23,178,10,21,1,39,13,0,1,7,0,1,1,47,4,11,0,9,4,0,0,5,5,6,2,34,38,4,3,5,0,0,2,39,0,0,1,0,0,0,0,0,0,1,1,33,20,1,0,0,8,16,0,5,0,25,2,0,0,0,33,2,0,0,0,0,0,0,0,4,0,31,0,0,45,8,39,0,238,0,0,1,0,0,0,0,0,0,0,0,0,2,0,0,0,1,0,0,0,0,32
Boyleston,Oswego,8,0,0,1,0,2,0,1,1,3,2,0,1,3,1,0,2,0,0,0,89,115,0,17,0,3,0,15,12,0,22,8,0,0,4,470,12,0,0,7,0,0,43,6,0,0,0,0,3,1,0,0,0,1,0,10,5,0,0,0,0,0,0,6,0,0,0,4,1,1,0,0,0,0,0,8,0,0,0,0,4,0,0,1,0,0,1,0,0,0,12,0,0,0,0,0,0,0,0,0,0,31,0,0,13,0,0,0,5,0,0,1,0,0,0,0,0,0,0,0,0,2,0,0,0,0,0,1,0,0,1
German Flatts,Herkimer,43,3,8,3,5,1,0,17,2,12,2,9,13,10,1,3,19,2,13,11,"2,872",54,9,21,1,44,4,114,28,2,196,21,3,1,0,30,185,1,1,27,1,1,9,29,17,20,0,11,5,1,1,0,3,4,4,17,1,5,2,1,0,0,1,94,0,0,2,7,0,4,0,0,0,8,2,138,3,1,0,4,17,19,0,7,0,13,15,0,0,0,46,10,5,0,0,0,0,0,0,0,0,31,0,0,215,23,217,0,240,0,0,0,0,0,0,4,0,0,1,0,0,3,0,0,2,3,0,4,0,0,2
Montague,Lewis,3,0,0,0,0,0,0,2,0,1,0,0,8,0,0,0,3,0,1,0,12,133,0,261,0,5,0,13,3,0,27,3,0,2,0,3,5,0,0,1,0,0,7,1,0,2,0,0,0,0,0,0,0,0,0,1,0,0,0,0,0,0,0,1,0,0,0,0,0,0,0,0,0,1,0,7,0,0,0,0,7,0,0,0,0,0,1,1,0,0,5,1,1,0,0,0,0,0,0,0,0,31,0,0,15,4,2,0,63,0,0,0,0,0,0,0,0,0,0,0,0,1,0,0,0,2,0,1,0,0,2
Milo,Yates,22,14,0,0,52,6,21,13,0,51,10,14,48,7,1,0,1,5,3,0,6,5,4,2,14,13,25,6,31,1,44,23,111,69,2,6,22,11,6,21,0,2,0,16,3,12,21,84,154,5,3,6,30,10,2,17,33,7,4,"2,196",0,0,0,60,0,0,1,5,1,2,0,1,0,2,7,37,20,0,0,0,11,96,1,6,0,107,15,0,0,0,21,13,4,1,0,0,0,0,0,0,0,31,0,2,87,0,17,3,300,0,0,0,0,0,0,0,0,0,0,0,0,36,0,0,0,0,0,1,0,0,12
Ithaca,Tompkins,51,19,48,5,159,2,58,26,4,13,46,36,78,8,3,0,1,4,10,0,10,6,26,5,7,39,13,23,98,8,41,47,18,101,7,17,22,6,6,6,1,6,1,22,4,15,52,62,32,5,9,137,"4,072",61,1,7,9,20,5,7,0,0,1,175,0,6,2,9,2,4,2,1,2,5,30,102,25,2,0,4,31,188,0,29,1,187,15,1,0,1,27,15,7,2,0,0,0,0,0,0,0,30,0,0,148,2,22,0,483,0,0,2,0,0,1,1,0,0,1,1,0,21,1,0,0,1,0,1,2,0,66
Ripley,Chautauqua,10,8,2,9,13,902,1,8,1,0,1,9,9,34,0,0,1,7,5,0,38,12,2,0,6,21,5,3,10,2,23,14,6,8,5,8,37,0,0,5,0,2,0,12,3,5,0,4,5,0,0,4,14,0,0,21,10,0,12,2,0,0,0,40,0,0,0,6,0,2,0,1,0,0,3,11,5,0,0,0,8,12,0,7,0,162,6,0,0,0,60,2,8,0,0,0,0,0,0,0,0,30,0,0,63,1,19,2,86,0,0,0,0,0,0,0,0,0,0,0,0,9,0,0,0,0,0,0,0,0,8
Martinsburg,Lewis,7,0,0,0,0,0,0,2,0,4,2,1,3,0,0,8,21,0,3,0,71,102,2,"1,519",0,3,0,27,13,3,92,7,2,2,1,8,28,0,0,6,0,0,23,6,0,13,0,2,1,0,0,0,0,4,2,8,1,1,0,0,0,0,0,27,0,0,0,3,0,0,0,0,0,1,1,85,1,0,0,0,5,3,0,7,0,3,4,0,0,0,30,1,4,0,0,0,0,0,0,0,0,30,8,0,14,8,13,0,186,0,0,0,0,0,0,0,0,0,1,0,0,2,0,0,0,6,0,36,0,0,3
Marion,Wayne,8,7,2,5,9,2,0,4,1,61,1,1,19,2,2,0,3,9,5,0,13,7,1,2,3,8,47,40,1,1,22,19,55,10,6,6,7,0,0,13,0,0,0,15,0,7,0,10,9,2,1,0,1,1,6,19,"1,153",1,0,3,0,0,0,27,0,1,0,3,2,0,0,0,0,0,0,43,11,0,0,0,5,28,0,6,0,11,16,0,0,0,24,0,4,0,0,0,0,0,0,0,0,30,0,0,102,0,24,133,26,0,0,0,0,0,0,0,0,0,0,0,0,0,0,0,0,0,0,0,0,2,8
Kingston,Ulster,66,0,1,1,4,0,1,4,2,124,5,113,362,4,1,0,0,4,243,0,7,6,59,1,0,2,3,7,429,2,19,12,0,86,0,1,13,30,2,15,11,31,1,15,5,23,1,2,2,4,39,0,8,"10,065",1,3,6,63,0,0,0,0,1,105,0,0,3,11,3,4,0,5,4,30,13,60,8,4,0,1,6,101,3,11,0,73,10,4,0,0,12,17,5,1,0,0,0,1,0,1,0,29,1,0,197,51,"1,465",0,"2,968",1,0,2,3,0,13,8,0,0,15,1,0,51,0,0,0,3,0,3,3,4,72
East Bloomfield,Ontario,3,8,1,0,12,1,0,6,1,8,4,2,10,3,1,0,1,22,0,0,15,8,3,0,26,0,49,6,6,3,11,6,"1,203",3,6,1,13,1,0,10,0,0,5,8,1,2,2,8,7,1,0,1,2,3,0,3,14,0,5,17,0,0,1,64,0,0,0,10,6,0,0,0,0,0,1,60,13,0,0,1,6,7,0,7,0,6,2,0,0,0,8,3,3,0,0,0,0,0,0,0,0,29,0,0,105,1,14,0,271,0,0,0,0,1,0,0,0,0,0,0,0,6,0,0,0,0,0,0,0,2,18
Brunswick,Rensselaer,29,0,1,0,0,1,0,0,2,30,0,0,9,0,2,0,3,0,5,0,5,11,1,0,0,0,4,9,18,1,5,2,0,0,0,1,4,1,3,"2,396",0,0,5,37,2,11,0,0,1,1,0,0,0,1,3,17,0,4,0,0,0,0,1,16,0,0,3,1,2,0,0,0,0,1,3,29,2,0,0,0,9,2,1,1,0,0,4,1,0,0,38,2,4,0,0,0,0,0,0,0,0,29,0,0,45,6,100,0,238,0,0,0,0,0,1,0,0,0,1,0,0,9,0,1,0,0,0,0,0,0,3
Castleton,Richmond,23,0,0,0,1,0,0,1,1,9,0,10,13,1,0,0,1,1,0,0,0,1,33,0,0,1,1,1,"1,003",0,4,1,3,8,0,0,0,0,28,2,"2,734",2,0,4,1,1,0,0,0,5,2,0,0,8,0,4,0,4,0,1,2,0,3,91,0,2,16,10,0,0,0,22,23,48,45,159,0,3,0,17,10,101,6,23,0,38,28,6,11,0,10,43,2,6,0,0,0,0,2,0,0,28,12,0,533,51,368,4,"1,853",3,0,4,2,11,4,2,3,0,6,3,0,87,2,1,16,9,0,7,12,0,22
Chautauqua,Chautauqua,9,7,0,15,17,"1,464",0,18,1,6,7,2,27,49,3,5,3,34,10,0,26,8,0,2,4,17,3,6,8,2,41,14,5,9,1,10,44,2,1,60,0,0,6,33,1,6,1,2,1,0,0,2,11,0,9,52,1,1,3,3,0,0,0,46,0,0,0,5,3,3,0,8,0,0,2,48,6,0,0,0,10,8,0,14,0,63,15,0,0,0,59,2,10,1,0,0,0,0,0,0,0,28,0,0,81,3,56,1,71,0,0,1,0,0,0,0,0,0,0,0,0,10,0,0,59,1,0,1,0,0,8
Portville,Cattaraugus,1,208,34,575,18,4,4,28,3,5,11,13,17,4,4,0,1,3,1,0,6,2,0,0,30,9,9,4,5,0,3,12,7,3,1,5,13,0,0,12,0,0,2,6,2,4,0,4,81,0,1,15,41,0,10,6,1,1,45,5,0,0,0,10,0,0,0,3,0,1,0,0,0,4,0,26,1,0,0,0,9,5,2,3,0,108,8,0,0,0,24,0,2,0,1,0,0,0,0,0,0,28,0,0,10,4,13,1,43,0,0,0,0,0,0,0,0,0,0,0,0,8,0,1,0,0,0,1,0,0,45
Brandt,Erie,15,0,1,11,12,50,0,4,1,0,1,5,6,628,1,0,1,8,3,1,0,2,2,0,1,4,13,5,2,3,4,1,8,3,5,0,14,0,0,12,0,0,1,10,0,1,0,1,3,0,0,0,6,0,16,11,4,1,3,0,0,0,0,20,0,0,1,0,0,2,0,1,0,0,3,15,10,0,0,0,9,2,0,8,0,11,1,0,0,0,55,1,9,0,0,0,0,0,0,0,0,28,0,0,17,2,261,0,31,0,0,0,0,0,0,0,0,0,0,0,0,5,0,0,0,0,0,0,0,0,0
Newstead,Erie,4,3,0,9,26,4,0,5,0,2,2,5,12,"1,557",3,0,7,215,6,1,23,8,3,0,15,29,53,18,10,88,30,13,21,5,36,0,36,0,0,21,0,1,3,16,2,13,0,9,9,4,0,0,5,2,1,9,8,1,23,0,0,0,0,33,0,0,0,4,1,0,0,0,1,1,4,43,24,0,0,0,18,4,0,12,0,30,2,0,0,0,85,1,4,0,0,0,0,0,0,0,0,28,0,0,74,7,240,1,164,0,0,0,0,0,1,0,0,0,4,0,0,5,0,0,0,1,0,1,0,0,29
Farmington,Ontario,16,2,1,1,14,6,0,1,1,9,1,3,21,3,0,0,2,4,9,0,14,0,2,2,3,3,41,7,9,1,4,8,931,3,4,4,2,0,0,15,0,1,1,9,3,6,1,5,6,3,0,0,0,2,0,10,110,0,1,5,0,0,1,11,0,0,0,3,3,1,0,0,0,0,7,35,10,0,0,0,5,21,0,6,0,12,5,0,0,0,11,0,9,0,0,0,0,0,0,0,0,28,0,0,81,1,28,0,165,1,0,0,0,0,0,0,0,0,0,0,0,12,0,0,0,0,0,3,0,0,3
New Albion,Cattaraugus,3,6,1,878,4,41,0,3,0,7,1,1,1,50,4,0,0,9,3,0,4,0,0,2,2,21,8,20,8,12,12,51,8,2,27,2,74,1,1,8,0,0,2,8,0,8,0,1,4,0,1,4,1,3,1,11,9,0,21,0,0,0,0,18,0,0,0,1,0,0,0,2,0,3,0,21,7,1,0,2,6,2,0,5,0,26,10,2,0,0,34,0,10,0,0,0,0,0,0,0,0,27,0,0,15,2,43,0,93,0,0,0,0,0,0,0,0,0,0,0,0,5,0,0,0,0,0,0,0,0,12
Cato,Cayuga,75,2,0,0,"1,189",0,0,3,0,6,7,2,24,1,1,0,2,5,5,0,13,5,0,1,0,10,3,31,6,1,8,188,0,5,0,31,2,1,0,14,0,0,5,44,1,16,0,4,2,0,1,5,3,31,3,18,30,9,1,2,0,0,1,37,0,0,0,0,0,2,0,1,0,0,0,27,9,0,1,0,7,31,1,6,1,8,9,0,0,0,28,0,8,0,0,0,0,0,0,0,0,27,0,0,23,0,30,0,102,0,0,0,0,0,0,0,0,0,0,0,0,1,0,0,0,0,0,1,0,0,16
Somerset,Niagara,16,3,0,5,20,1,0,3,4,8,0,1,30,8,7,2,5,30,9,0,6,9,0,1,7,14,38,5,0,843,14,35,11,2,88,3,16,1,0,6,0,0,9,23,7,2,0,9,6,6,0,0,3,0,1,7,13,2,1,1,0,0,0,36,0,0,0,2,2,1,0,0,0,2,4,17,7,0,0,1,10,14,0,0,0,4,1,0,0,0,61,0,1,0,0,0,0,0,0,0,0,27,1,0,80,0,10,0,150,0,0,0,0,0,0,0,0,0,0,0,0,10,0,0,0,0,0,1,0,0,4
Fishkill,Dutchess,53,0,2,0,4,1,0,1,0,65,0,27,"5,393",1,1,1,0,0,126,0,1,1,69,0,2,0,4,0,375,2,7,5,4,417,0,0,3,445,34,23,8,53,3,10,0,6,0,5,4,10,45,1,1,183,0,6,8,127,0,2,0,0,4,141,1,1,0,6,5,0,0,1,1,9,9,108,6,1,0,5,10,111,7,12,0,61,26,3,1,0,21,10,0,0,0,0,0,0,0,0,0,26,2,0,440,9,131,0,"1,099",1,0,1,1,1,0,2,0,0,0,0,0,94,1,0,0,1,0,10,6,2,22
Dewitt,Onondaga,96,1,0,1,16,1,2,5,1,9,15,0,32,0,2,0,7,0,7,0,20,9,2,5,4,30,3,25,4,0,35,"1,782",4,5,2,28,14,0,2,18,0,0,18,18,2,12,1,4,4,0,3,3,0,13,0,17,3,6,1,1,0,0,0,46,0,2,0,7,1,0,0,0,0,0,0,35,3,4,0,0,8,3,0,9,0,7,4,1,0,1,16,1,4,0,0,0,0,0,0,0,0,26,0,0,162,14,102,0,220,0,0,1,0,0,0,0,1,0,4,0,0,10,0,0,0,3,0,1,0,0,13
Northumberland,Saratoga,32,1,3,0,1,0,2,1,5,23,1,1,23,2,5,0,91,0,1,7,8,3,1,0,0,0,1,11,10,0,7,3,0,1,1,1,3,0,0,78,0,0,1,813,22,7,0,0,0,0,0,1,2,2,68,131,3,3,0,1,0,0,0,22,0,0,0,3,2,0,0,0,0,6,0,31,2,0,0,1,5,7,0,0,0,2,8,0,0,0,38,2,9,0,0,0,0,0,0,0,0,26,0,0,19,0,12,0,128,0,0,1,0,0,0,0,0,0,0,0,0,0,0,0,0,8,0,0,0,0,2
Florence,Oneida,44,0,0,0,0,1,0,1,0,2,2,3,3,0,0,2,0,1,17,0,50,13,5,16,0,23,1,14,12,1,"1,350",8,1,0,0,48,7,0,0,4,3,0,3,5,2,22,0,1,0,0,0,0,2,0,0,15,0,2,0,3,0,0,0,18,0,0,0,2,1,2,0,0,0,3,0,32,1,0,0,0,8,5,0,3,0,4,3,0,0,0,25,1,1,1,0,0,0,0,0,1,0,26,0,0,70,2,3,0,530,0,0,0,0,0,1,0,0,0,1,0,0,11,0,0,0,2,0,15,0,1,7
Phelps,Ontario,29,13,18,3,50,2,11,12,0,109,10,3,67,8,0,1,11,7,18,0,42,7,13,0,20,15,41,19,29,6,25,42,"2,678",39,10,1,9,17,3,32,0,5,5,29,2,17,2,157,32,4,4,9,9,28,0,4,270,10,9,61,0,0,1,79,0,0,1,3,8,1,0,1,0,5,15,121,33,0,0,2,6,82,1,28,0,61,4,0,1,0,27,5,6,0,1,0,0,0,0,0,0,26,0,0,170,17,51,1,290,0,0,0,0,0,0,0,0,0,0,0,0,26,0,1,0,10,0,5,0,1,18
Stillwater,Saratoga,86,0,2,0,5,0,0,0,1,58,0,4,43,0,6,0,2,0,1,2,2,0,0,0,0,0,1,3,12,0,4,1,0,8,0,1,0,0,1,207,0,1,0,"1,827",3,12,0,0,0,0,0,0,0,3,19,105,0,15,0,0,0,1,1,11,0,0,0,3,1,0,0,0,0,0,0,36,2,0,0,0,9,3,0,2,0,9,3,0,3,0,21,2,1,1,0,0,0,0,0,0,0,26,0,0,72,0,19,0,378,0,0,0,0,0,2,0,0,0,0,0,0,18,0,0,0,1,0,1,0,0,26
Johnstown,Fulton,107,0,2,2,6,0,0,0,5,41,2,16,49,8,4,1,"6,301",3,27,36,96,39,8,6,0,10,21,665,50,1,44,19,5,5,4,14,58,4,2,65,0,0,24,182,91,75,0,0,2,6,1,0,0,4,22,48,6,4,0,1,0,0,1,67,0,0,0,8,2,4,0,1,1,11,1,97,5,1,0,0,9,15,2,11,1,16,13,1,0,0,37,2,12,0,1,0,0,0,0,1,0,25,0,0,316,43,252,0,418,0,1,1,0,0,1,0,0,0,3,0,0,59,0,0,1,0,0,0,0,0,172
Conquest,Cayuga,50,3,1,2,"1,020",0,0,5,0,55,10,12,26,1,0,0,0,0,7,0,14,11,0,2,0,8,3,3,0,0,5,64,3,10,0,19,8,0,0,40,0,2,2,10,6,15,0,7,3,0,0,2,10,24,3,32,86,5,5,4,0,0,0,19,0,0,0,1,1,1,0,0,0,1,0,15,4,0,0,0,2,11,0,1,0,10,4,0,0,0,20,0,0,0,0,0,0,0,0,0,0,25,0,0,27,1,15,0,52,0,0,0,0,0,0,0,0,0,0,0,0,1,0,0,0,0,0,0,0,0,0
Pavillion,Genesee,7,12,2,8,20,2,2,6,0,8,3,2,18,17,2,1,2,722,1,0,6,0,0,1,86,3,20,22,5,7,17,17,12,0,5,0,8,0,0,5,1,0,4,28,3,3,0,0,2,1,1,0,0,0,0,21,2,1,69,0,0,0,0,44,0,0,0,2,2,1,0,0,0,1,2,61,7,0,0,0,17,1,0,5,0,13,0,0,0,0,48,1,4,0,0,0,0,0,0,0,0,25,0,0,39,0,15,0,105,0,0,0,0,0,1,0,0,0,0,0,0,26,0,0,0,0,0,0,0,0,6
Stafford,Genesee,5,3,0,3,5,1,0,1,0,0,0,1,5,8,2,0,0,915,1,0,0,5,0,0,25,5,39,3,3,3,9,5,4,9,9,0,1,0,0,11,0,0,0,4,1,2,0,10,1,0,1,0,3,0,1,5,4,0,23,1,0,0,0,38,0,0,1,0,0,2,0,0,0,0,0,46,5,0,0,0,9,3,0,13,0,2,1,0,0,0,26,1,3,0,0,0,0,0,0,0,0,25,0,0,334,0,43,0,93,0,0,0,0,0,0,0,0,0,0,0,0,1,0,0,0,0,0,0,0,0,15
Stephentown,Rensselaer,19,4,1,0,4,0,1,2,1,92,1,1,16,1,0,0,1,0,4,0,6,0,1,0,0,3,1,1,6,1,2,2,0,0,0,0,3,0,0,"1,484",0,0,0,9,5,3,0,0,2,0,0,0,0,0,0,2,0,2,0,0,0,0,0,31,0,0,0,1,0,1,0,0,0,0,0,134,2,0,0,0,1,6,0,0,0,4,18,0,0,0,20,0,0,0,0,0,0,0,0,0,0,25,0,0,3,1,19,0,69,0,0,0,0,0,0,0,0,0,0,0,0,4,0,0,0,0,0,0,0,0,6
Waterloo,Seneca,16,3,7,1,90,5,5,6,1,15,7,3,38,8,2,0,1,6,4,1,8,13,0,6,5,12,19,23,35,4,65,64,174,34,5,24,10,6,0,20,0,6,8,37,2,8,6,"2,194",23,1,16,15,15,9,6,20,70,13,5,42,0,0,0,46,0,0,2,8,0,1,0,0,0,6,9,41,18,0,0,1,16,68,1,14,1,91,10,0,0,0,34,5,4,0,0,0,0,0,0,5,0,25,0,1,185,0,89,0,501,0,0,0,0,0,1,0,0,0,11,0,0,23,0,0,0,10,0,9,1,0,24
Bath,Steuben,9,36,10,14,25,5,62,33,2,27,26,35,39,10,5,0,15,5,47,0,38,11,3,0,51,13,26,143,111,2,20,16,58,52,1,7,51,21,2,8,1,3,2,16,2,7,14,63,"3,542",1,3,11,94,14,0,11,6,6,10,141,0,0,1,64,0,1,5,9,3,0,3,0,0,16,11,41,15,0,1,2,15,161,1,14,0,127,7,4,0,0,53,9,6,0,0,0,0,0,0,0,0,25,0,0,78,0,60,0,417,0,0,0,0,0,0,0,0,0,0,0,0,32,1,0,0,0,0,1,0,0,74
Warsaw,Wyoming,12,45,1,13,26,7,0,8,0,10,1,9,9,28,2,0,1,98,4,0,12,5,4,1,54,9,55,1,4,7,47,11,16,2,9,2,12,1,0,7,0,0,2,16,0,6,0,1,8,0,1,5,7,2,10,79,13,1,"1,464",5,0,0,0,66,0,0,0,4,4,4,0,1,0,2,3,55,15,1,0,1,31,8,0,6,0,16,10,0,0,0,107,5,12,0,0,0,0,0,0,0,0,24,0,0,60,8,51,0,135,0,0,1,0,0,0,1,0,0,2,0,0,1,0,0,0,0,0,9,1,1,26
Randolph,Cattaraugus,2,28,9,864,11,144,3,12,1,0,17,2,8,29,4,0,0,32,0,0,15,5,0,3,9,19,25,8,5,3,12,25,26,2,0,1,13,0,2,12,0,0,2,16,0,5,0,0,10,1,3,0,2,2,3,9,5,2,18,3,0,0,0,24,0,0,0,5,3,3,0,0,0,2,0,39,2,0,0,0,15,17,0,11,0,44,11,0,0,0,71,1,9,0,0,0,0,0,0,0,0,24,2,0,23,1,8,0,78,0,0,0,0,0,0,0,0,0,0,0,0,3,0,0,0,0,0,0,0,0,18
Hudson,Columbia,55,0,7,1,2,0,0,1,4,"4,812",4,15,152,4,2,0,4,2,310,0,6,4,16,0,2,4,5,6,153,3,7,8,6,18,1,8,10,8,2,84,1,0,0,23,5,25,0,1,0,1,2,0,1,56,0,21,2,9,1,4,0,2,2,115,0,0,0,8,2,1,0,1,3,13,1,220,1,0,4,2,14,30,2,3,0,26,8,2,0,0,36,15,9,5,0,0,3,0,0,0,1,24,0,0,94,9,146,1,"1,072",1,0,0,0,0,1,0,1,0,13,0,0,15,0,0,1,0,0,6,2,2,36
West Turin,Lewis,8,0,0,0,1,1,0,1,0,6,0,0,14,2,0,0,5,0,2,0,33,18,3,"1,277",0,4,8,6,25,0,96,10,1,0,0,2,0,0,0,9,0,0,5,2,1,7,0,0,0,0,0,0,0,0,0,2,0,0,0,0,0,0,0,39,0,0,0,2,0,0,0,0,0,4,0,24,0,0,0,0,3,1,0,0,0,9,2,0,0,0,13,0,4,0,0,0,0,0,0,1,0,24,0,0,4,75,152,0,87,0,0,0,0,0,0,0,0,0,5,0,0,1,0,0,0,33,0,94,0,0,2
Camillus,Onondaga,9,1,4,1,37,0,0,13,0,5,8,5,49,3,0,0,1,4,1,2,29,5,1,0,6,21,4,36,14,3,29,"1,566",2,6,3,30,7,3,0,7,0,3,0,27,1,2,0,1,8,1,5,0,1,4,1,25,3,1,0,1,0,0,0,39,0,0,0,8,7,1,0,0,0,0,2,20,10,0,0,0,1,11,0,2,0,5,3,0,0,0,29,3,0,0,0,0,0,0,0,0,0,24,0,0,21,2,14,0,346,0,0,0,0,0,0,0,0,0,0,0,0,0,0,0,0,0,0,1,0,0,4
Clarendon,Orleans,8,3,7,2,6,7,0,10,1,17,2,1,10,9,0,2,0,103,5,0,11,8,2,0,17,9,129,17,2,22,44,29,11,4,769,3,7,0,0,16,0,0,0,19,2,5,0,3,2,0,1,0,4,11,2,8,6,0,3,9,0,0,0,42,0,0,0,5,2,7,0,0,0,11,1,27,19,0,0,0,31,10,0,6,0,5,3,0,0,0,39,0,5,0,0,0,0,0,0,0,0,24,0,0,66,5,24,1,86,0,0,0,0,0,0,0,0,0,1,0,0,5,0,0,0,0,0,0,0,0,7
Walworth,Wayne,6,2,2,0,6,0,0,9,1,42,1,1,76,4,0,0,0,1,7,0,4,1,1,3,9,16,137,13,11,0,28,11,70,4,1,3,3,0,4,7,0,0,0,4,9,9,0,8,4,0,0,0,3,4,0,16,"1,074",1,0,1,0,0,0,34,0,0,0,0,0,0,0,0,0,4,0,45,9,1,0,0,3,27,0,6,0,10,2,0,1,0,16,1,3,0,0,0,0,0,0,0,0,24,0,0,121,0,119,11,114,0,0,0,0,0,0,0,0,0,0,0,0,6,0,0,0,5,0,0,0,0,0
Salem,Washington,17,0,1,0,2,1,0,1,4,5,0,1,1,4,13,7,1,0,3,0,2,3,4,0,1,1,1,0,21,0,4,1,0,2,0,2,0,1,0,89,0,0,3,28,10,1,0,1,1,0,1,0,0,2,11,"1,967",0,0,1,0,0,0,1,12,0,0,0,3,1,0,0,0,0,6,2,51,3,1,0,0,30,3,0,1,0,17,8,0,0,0,287,1,3,2,0,0,0,0,0,0,0,23,0,0,17,2,14,0,513,0,0,1,0,0,1,0,0,1,0,0,0,6,0,0,0,0,0,6,0,0,4
Wellsville,Allegany,5,"1,170",18,14,15,15,22,51,0,1,22,24,11,43,1,0,1,1,2,0,4,1,1,1,74,30,12,5,19,4,17,14,23,29,1,1,22,0,0,12,0,0,0,6,0,11,0,16,156,6,3,22,39,4,1,12,3,1,23,9,0,0,0,39,0,0,0,6,1,0,1,1,0,5,0,41,6,0,0,0,13,27,0,5,0,176,14,0,5,0,23,1,8,0,0,0,0,0,0,0,0,23,1,0,24,1,276,2,293,0,0,0,0,0,1,0,0,0,16,0,0,6,0,0,0,0,0,0,0,1,55
Kinderhook,Columbia,59,0,1,0,1,0,0,0,2,"2,567",1,8,103,2,0,0,1,1,78,0,4,0,3,0,7,1,0,6,37,1,10,4,1,23,0,4,11,0,0,253,0,0,0,12,14,9,0,1,1,0,1,0,2,23,0,4,7,1,0,0,0,0,0,39,0,0,0,8,0,0,0,0,0,1,0,49,3,0,0,0,0,16,0,1,0,4,14,0,0,2,10,5,7,0,0,0,0,0,0,0,0,23,0,0,100,0,80,0,328,0,0,0,0,0,0,1,0,0,0,0,0,10,0,0,1,1,0,0,0,0,39
Alexander,Genesee,5,6,0,15,15,6,0,3,0,4,1,0,5,25,0,1,2,626,1,0,7,2,4,2,23,5,17,6,5,3,31,15,5,1,11,0,9,0,0,1,0,0,0,25,5,2,0,1,4,0,0,2,0,1,0,9,3,1,193,1,2,0,0,56,0,0,0,3,0,0,0,1,2,0,0,57,7,1,0,2,17,4,0,9,0,20,2,1,4,0,55,2,7,0,0,0,0,0,0,0,0,23,0,0,27,1,140,0,66,0,0,0,0,0,0,0,0,0,0,0,0,2,0,0,0,2,0,4,0,0,0
Minden,Montgomery,22,0,4,3,7,0,0,2,2,16,2,6,9,2,0,1,44,2,1,0,242,13,3,1,1,8,2,"3,281",23,0,26,14,3,1,0,14,152,0,1,10,0,0,3,17,28,51,0,1,3,0,0,0,1,6,1,6,1,2,2,0,1,3,0,13,0,0,0,0,0,4,0,0,0,5,3,19,0,0,0,0,4,6,0,5,0,6,1,0,0,0,11,0,1,0,0,0,0,0,0,0,0,23,0,0,45,7,292,0,121,1,0,0,0,0,0,1,0,0,0,0,0,17,0,0,0,0,0,1,0,0,7
Clay. ,Onondaga,68,2,0,2,17,2,0,17,1,35,16,3,16,2,3,0,1,3,5,4,62,28,1,4,2,52,3,72,11,0,55,"1,691",1,0,2,110,25,0,0,49,0,0,4,38,4,106,1,2,0,0,0,0,4,3,7,42,9,4,0,3,0,0,0,38,1,0,0,6,0,0,0,0,0,4,0,39,7,0,1,0,5,10,0,2,0,8,8,0,1,0,40,4,4,0,0,0,0,0,0,0,0,23,0,0,135,5,73,1,39,0,0,0,0,0,0,0,0,0,2,0,0,2,0,0,0,4,0,2,0,1,11
Erwin,Steuben,3,10,24,0,7,1,57,28,0,3,4,22,13,1,8,0,0,1,3,0,6,8,1,0,6,2,4,13,2,1,4,12,5,26,0,1,34,3,1,2,0,0,0,18,2,16,21,10,984,1,0,44,26,1,15,1,3,3,1,45,0,0,0,17,0,0,0,0,4,0,0,1,1,1,0,16,7,0,0,2,4,24,0,7,0,129,0,0,0,0,10,0,1,0,0,0,0,0,0,0,0,23,0,0,16,0,33,1,163,0,0,0,0,0,0,0,0,0,0,0,0,8,0,0,0,0,0,1,0,0,5
Hague,Warren,0,0,0,0,0,0,0,1,4,1,0,0,1,0,81,1,6,0,0,0,0,0,2,0,0,0,1,0,1,0,0,0,0,0,0,0,0,0,0,5,0,0,4,5,0,0,0,0,0,0,0,0,0,0,366,41,1,0,0,0,0,0,0,4,0,0,0,0,0,0,0,0,0,1,0,25,1,0,0,0,11,1,0,1,0,1,0,0,0,0,76,0,3,0,0,0,0,0,0,0,0,22,0,0,3,0,0,0,11,0,0,4,0,0,0,0,0,0,0,0,0,0,0,0,0,0,0,0,0,0,3
Whitestown,Oneida,25,1,3,3,4,4,0,16,5,12,2,5,17,1,1,0,2,4,7,0,107,33,10,15,1,40,2,32,35,2,"2,090",15,4,3,1,12,59,0,0,33,0,0,5,17,5,10,1,4,13,0,0,0,4,1,0,8,4,0,0,5,0,0,0,72,0,2,0,9,0,0,1,0,0,5,1,76,9,0,0,0,8,6,2,15,0,7,22,2,0,0,33,2,5,0,0,1,0,0,0,0,0,22,1,0,368,8,86,5,253,0,1,3,1,0,1,0,1,1,1,0,0,101,0,0,0,1,0,159,0,0,12
Cicero,Onondaga,109,1,0,1,13,0,0,11,2,27,9,4,15,3,0,1,1,1,14,0,57,17,0,5,2,132,4,76,6,0,71,"1,714",3,0,1,146,12,0,0,18,0,0,15,25,14,39,1,5,0,0,0,0,0,17,3,31,4,3,0,0,0,0,0,37,0,1,0,1,0,0,0,2,0,2,2,51,7,0,0,0,37,11,1,4,0,14,5,0,0,0,26,0,3,0,0,0,0,0,0,0,1,22,0,0,54,10,123,0,59,0,0,3,0,0,0,0,0,0,0,0,0,2,0,0,0,2,0,1,0,0,52
Vienna,Oneida,39,1,1,0,7,0,0,2,0,16,5,8,34,5,1,1,2,2,33,0,117,23,5,18,0,58,6,90,38,5,"1,932",32,0,2,2,123,41,0,1,32,1,0,6,31,7,25,0,0,0,0,1,0,6,0,0,16,2,17,0,0,0,0,0,42,0,0,0,7,11,0,0,0,0,3,2,84,5,0,0,0,23,0,0,5,0,9,8,0,0,0,38,0,1,1,0,0,0,0,0,0,0,22,0,0,96,5,57,0,139,0,0,2,0,0,2,0,0,0,0,0,0,36,0,0,0,1,0,8,0,1,4
Greenburgh,Westchester,30,0,6,0,4,0,0,9,1,12,1,10,80,6,1,0,1,2,22,0,5,6,108,2,0,3,1,10,"1,031",1,8,4,4,37,2,3,7,13,22,14,12,61,1,8,0,13,0,2,0,6,8,0,2,16,1,11,0,"3,866",0,1,6,0,0,127,0,0,6,17,12,3,0,1,5,11,16,80,6,0,1,8,10,119,3,27,0,35,6,6,3,0,20,24,1,2,1,0,1,0,0,1,0,22,0,0,278,30,397,4,"1,515",0,0,2,0,0,4,1,0,0,1,0,0,126,1,1,1,13,0,9,3,2,21
Bethlehem,Albany,"3,925",0,5,0,5,1,0,2,0,19,0,3,14,2,3,0,3,0,25,2,4,0,5,0,1,0,3,8,24,0,4,1,1,2,0,0,5,0,2,85,0,0,1,20,21,21,0,2,1,0,0,1,0,15,0,5,1,1,0,0,1,0,0,10,0,0,1,2,0,2,0,3,1,1,3,23,3,0,0,0,12,7,1,4,0,9,3,0,0,0,20,1,3,0,0,0,0,0,0,0,3,22,0,0,92,6,"1,052",20,334,0,0,0,0,0,0,0,0,0,6,0,0,14,0,0,0,6,0,0,0,1,19
Grove,Allegany,5,483,0,1,13,0,0,1,0,3,0,1,6,2,1,0,0,18,4,0,5,2,0,1,119,3,13,10,2,1,6,8,14,4,0,4,5,0,0,5,0,0,1,6,0,6,0,3,42,0,1,10,2,2,0,4,2,0,21,3,0,0,0,12,0,0,0,0,0,1,0,0,0,1,0,3,0,0,0,0,2,6,0,0,0,19,1,1,0,0,16,0,0,0,0,0,0,0,0,0,0,22,0,0,17,2,61,0,20,0,0,0,0,0,0,0,0,0,5,0,0,0,0,0,0,0,0,0,0,0,6
Great Valley,Cattaraugus,2,32,9,746,10,17,9,7,1,0,7,6,3,41,0,1,0,5,1,0,26,6,1,0,2,7,4,9,4,4,9,16,3,17,0,2,17,0,0,1,0,0,0,5,0,4,1,2,17,0,0,0,8,2,0,17,3,0,11,2,0,0,0,24,0,0,0,2,0,1,0,0,0,2,1,28,2,0,0,0,19,12,0,5,0,73,3,0,0,0,22,2,0,0,0,0,0,0,0,0,0,22,0,0,21,0,28,0,173,0,0,0,0,0,0,0,0,0,0,0,0,19,0,0,0,0,0,0,0,0,9
Bethany,Genesee,4,8,0,5,19,8,0,6,0,6,1,5,1,17,2,0,8,844,0,1,4,0,0,0,37,4,56,3,37,1,8,19,13,11,13,2,11,0,0,5,0,0,3,5,0,2,0,5,9,1,0,1,2,0,0,15,0,0,73,0,0,0,0,85,0,0,0,3,0,0,0,0,0,1,0,36,11,0,0,0,15,11,0,4,0,10,7,0,0,0,77,0,6,0,0,0,0,0,0,0,0,22,0,0,40,9,37,0,65,0,0,0,0,0,0,0,0,0,0,0,0,3,0,0,0,9,0,8,0,0,0
Elba,Genesee,7,2,0,3,6,3,0,2,2,8,1,0,11,11,1,1,3,"1,054",6,0,6,6,1,0,22,8,55,15,18,1,33,12,21,12,47,0,16,0,0,8,0,0,1,14,0,1,0,2,5,0,0,0,0,0,0,5,7,20,25,2,0,0,0,72,0,0,0,1,0,0,0,0,0,1,0,49,23,0,0,0,16,6,0,1,0,8,1,0,0,0,26,3,6,0,0,0,0,0,0,0,0,22,0,0,57,2,133,0,98,0,0,0,0,0,0,0,0,0,5,0,0,3,0,0,0,0,0,0,0,0,26
Worth,Jefferson,0,0,0,0,0,0,0,0,0,0,2,0,0,0,0,0,3,2,1,0,24,380,0,17,0,2,0,8,1,0,18,1,0,0,1,4,4,0,0,3,0,0,9,2,0,1,0,0,1,1,0,1,0,0,5,2,0,0,0,0,0,0,0,1,0,0,0,1,0,1,0,0,0,0,0,4,0,0,0,0,0,1,1,1,0,0,1,0,0,0,13,2,1,0,0,0,0,0,2,0,0,22,0,0,6,6,5,0,32,0,0,0,0,0,0,0,0,0,0,0,0,0,0,0,0,0,0,0,0,0,18
Leyden,Lewis,15,0,0,0,0,0,0,0,0,10,0,11,2,1,0,0,0,0,2,0,39,19,1,"1,078",0,5,1,8,2,0,140,1,2,6,1,5,1,0,0,4,0,2,10,2,0,2,0,0,0,0,0,0,0,14,3,0,5,0,0,0,0,0,0,86,0,0,0,3,2,0,0,0,0,0,0,20,3,0,0,0,16,4,0,4,0,10,1,0,0,0,17,2,0,0,0,0,0,0,0,1,0,22,0,0,12,37,60,0,78,0,0,0,0,0,0,0,0,0,7,1,0,6,0,0,0,3,0,38,0,0,3
Manchester,Ontario,15,11,2,6,22,5,4,6,0,67,9,0,49,12,0,0,0,1,1,0,10,7,12,1,20,15,55,22,7,6,23,18,"1,679",7,14,4,13,0,11,19,1,1,6,22,5,12,4,28,15,1,2,1,4,6,0,14,220,1,4,17,0,0,0,52,0,0,0,14,2,2,0,0,0,2,25,61,27,1,0,3,11,25,0,6,0,25,5,0,0,0,37,2,4,1,0,0,0,0,0,0,0,22,0,0,120,3,21,3,208,0,0,0,0,0,0,0,0,0,0,0,0,19,0,0,0,2,0,1,0,1,16
Orangetown,Rockland,8,1,4,0,3,3,0,1,0,17,2,5,25,5,1,0,2,3,9,2,2,2,74,1,0,2,5,4,"1,005",8,8,3,5,61,0,4,1,5,31,19,14,"2,766",0,6,2,3,0,2,1,9,0,2,0,31,1,4,0,109,0,0,1,0,2,67,0,1,0,9,2,2,0,1,1,12,6,53,1,0,1,0,18,491,1,6,0,47,0,1,0,0,8,12,1,0,0,0,0,0,4,0,0,22,2,0,103,4,288,3,595,0,0,0,0,0,2,2,0,0,11,0,0,29,0,0,0,0,0,7,2,0,37
Horicon,Warren,4,0,0,0,0,0,0,7,0,0,0,0,1,0,25,1,2,2,7,1,6,0,1,0,0,0,0,0,4,0,1,0,0,0,0,0,11,0,0,9,0,0,3,9,1,0,0,0,0,0,0,0,0,5,913,47,3,0,0,0,0,0,0,9,0,0,0,5,0,0,0,0,0,1,0,12,0,0,0,0,13,0,0,0,0,4,6,0,0,0,160,1,0,0,0,0,0,0,1,0,0,22,0,0,7,0,0,0,72,0,0,0,0,0,0,0,0,0,0,0,0,3,0,0,0,0,0,0,0,0,15
Southfield,Richmond,9,0,1,0,0,0,0,2,0,5,0,4,9,4,0,0,0,0,0,0,0,1,81,0,1,0,0,0,461,3,7,0,1,12,0,0,1,1,7,4,"1,591",1,6,7,0,0,0,0,0,1,2,1,0,2,1,0,0,30,0,0,0,0,6,17,0,2,1,0,1,0,0,7,3,3,22,61,1,0,0,2,3,43,1,1,0,38,4,2,0,0,6,13,0,2,0,0,0,3,0,0,0,21,1,0,123,28,335,0,"1,250",16,0,2,0,0,2,1,1,0,3,0,0,46,14,1,2,18,0,1,12,0,32
Belfast,Allegany,2,856,1,18,10,5,15,10,0,1,2,7,2,10,10,0,0,10,1,0,6,1,0,0,44,14,31,7,9,3,16,9,5,5,3,0,26,0,0,4,0,0,0,11,1,2,1,14,46,0,1,4,16,1,2,13,2,3,41,19,0,0,0,26,0,0,0,6,1,1,0,0,0,5,0,17,6,0,0,2,10,14,0,4,2,49,2,0,0,0,48,7,1,0,0,0,0,0,0,0,0,21,0,0,13,0,0,0,102,0,0,0,0,0,0,0,0,0,0,0,0,3,0,0,0,0,0,0,0,0,29
Harrisburgh,Lewis,7,1,1,0,1,0,0,0,0,1,0,0,5,0,0,1,21,3,0,0,21,86,0,743,0,1,1,23,4,0,18,4,0,0,0,4,0,0,0,6,0,0,10,4,0,2,0,0,0,0,0,0,0,5,0,2,0,0,2,0,0,0,0,7,0,0,0,1,0,0,0,0,0,0,0,21,4,0,0,0,3,0,0,0,0,4,0,0,0,0,14,0,0,0,0,0,0,0,0,0,0,21,0,0,7,1,15,0,148,0,0,0,0,0,0,0,0,0,3,0,0,4,0,0,0,3,0,5,0,0,0
Dix,Schuyler,16,28,15,1,35,3,675,15,0,5,14,17,20,0,1,1,0,2,11,0,21,7,9,1,9,17,16,14,26,2,27,21,49,57,0,6,20,7,3,5,1,2,1,18,4,9,512,84,355,1,3,36,371,21,5,4,11,9,2,129,0,0,2,72,0,0,1,3,1,5,0,0,0,2,5,28,12,2,0,1,5,87,0,15,0,98,4,0,3,0,26,5,8,1,0,0,0,0,0,0,0,21,2,0,36,2,6,0,193,0,0,0,0,0,1,1,0,0,1,0,0,6,0,0,0,0,0,1,0,0,52
Genesee Falls,Wyoming,1,74,1,3,11,0,2,3,0,4,1,4,12,13,1,0,5,12,3,0,10,4,0,0,102,6,12,11,0,5,13,14,18,2,4,1,10,0,0,3,0,0,0,29,0,2,0,1,15,0,1,2,1,0,0,5,3,7,338,1,0,0,0,9,0,0,0,1,1,2,0,0,0,0,0,12,2,0,0,0,11,6,0,5,0,11,2,0,0,0,23,1,2,0,0,0,0,0,0,0,0,21,0,0,20,2,4,0,157,0,0,0,0,0,0,0,0,0,0,0,0,7,0,0,0,0,0,0,0,0,1
Ossining,Westchester,36,2,1,1,6,0,3,7,2,5,0,5,86,1,0,0,3,3,27,0,5,10,57,0,0,1,1,8,777,0,7,2,1,51,2,2,3,60,50,26,10,35,0,10,14,3,1,0,2,6,5,0,0,38,1,4,1,"2,794",0,1,0,0,1,91,0,2,3,5,0,1,0,4,5,5,11,60,2,0,0,0,10,98,5,9,0,59,13,4,4,0,13,22,5,2,0,0,0,1,0,1,0,20,3,1,199,25,153,1,"1,065",4,2,5,0,1,4,3,1,0,7,1,0,45,0,3,0,12,0,2,4,1,49
Coeymans,Albany,"2,316",0,1,0,1,0,0,1,0,35,0,12,45,0,4,1,3,1,217,0,2,0,1,0,0,3,0,9,8,0,3,3,0,3,2,0,1,0,0,31,0,0,0,15,1,21,0,0,0,0,1,0,0,17,1,1,2,9,0,0,0,0,0,7,0,0,0,1,0,0,0,0,0,0,0,9,1,0,0,0,3,6,0,0,0,3,5,2,0,0,8,0,0,0,0,0,0,0,0,0,3,20,0,0,32,1,74,0,303,0,0,0,0,0,0,0,0,0,4,0,0,5,0,0,0,1,0,0,0,0,5
Salamanca,Cattaraugus,6,64,10,616,12,46,24,0,0,0,4,6,0,74,2,0,0,15,7,0,0,1,0,1,9,8,8,8,11,7,6,6,5,12,4,9,5,2,1,1,0,0,4,2,1,4,0,2,58,0,5,4,5,3,1,3,3,1,15,6,0,0,0,8,0,0,0,3,0,4,0,1,0,5,2,51,11,3,0,0,17,13,0,14,0,135,2,0,0,0,29,2,3,0,0,0,0,0,0,0,0,20,0,0,14,2,41,1,284,0,0,0,0,0,0,0,0,0,1,0,0,5,0,0,0,4,0,0,0,2,17
Portage,Livingston,1,99,0,2,28,0,4,1,0,11,0,6,14,3,0,0,0,8,15,0,9,1,0,0,595,3,14,13,1,2,8,10,12,2,4,0,6,0,0,4,0,0,0,18,1,1,0,5,15,0,1,0,6,2,0,20,1,5,72,5,0,0,0,53,0,0,0,6,1,1,0,0,0,5,0,41,11,0,0,0,12,15,0,9,0,20,0,0,0,2,26,1,2,0,0,0,0,0,0,0,0,20,0,0,20,0,25,5,79,0,0,0,0,0,0,0,0,0,0,0,0,19,0,0,0,0,0,0,0,0,6
New Hartford,Oneida,19,0,0,1,0,0,0,22,0,4,2,5,13,1,3,1,2,4,6,0,153,15,5,11,1,45,9,18,65,1,"1,902",9,1,1,2,18,80,0,0,4,0,0,2,11,1,29,0,2,2,4,0,1,2,2,0,1,1,3,1,0,0,1,0,78,0,0,0,12,1,0,0,1,0,9,0,49,3,0,0,0,9,11,1,2,0,11,11,1,0,0,14,4,1,0,0,0,0,0,0,0,0,20,4,0,277,19,104,2,276,0,0,0,0,0,0,0,0,0,0,0,0,90,0,1,0,11,0,135,0,0,11
Paris,Oneida,14,1,0,1,10,2,1,30,0,6,18,8,20,2,1,1,8,13,15,3,160,21,1,4,1,71,3,16,18,7,"1,840",7,0,2,0,24,146,0,0,21,0,0,4,12,5,31,0,2,1,0,0,2,4,6,0,6,1,3,3,0,0,0,0,115,0,0,0,1,2,0,0,0,1,9,3,72,9,0,0,1,8,25,1,4,0,13,40,0,0,0,19,3,7,0,0,0,0,0,0,0,0,20,0,0,141,3,47,0,308,0,0,0,0,0,0,0,0,0,0,0,0,31,1,0,0,0,0,111,0,1,23
Schaghticoke,Rensselaer,48,4,0,0,0,1,0,0,1,17,0,0,19,0,0,1,2,0,4,0,2,0,1,0,0,2,4,6,7,0,4,4,1,3,0,5,3,0,1,"1,969",0,1,1,105,5,3,0,0,0,0,0,2,0,1,5,130,0,0,0,1,0,0,0,18,0,0,0,2,1,0,0,0,0,0,0,43,2,1,0,4,8,4,0,1,0,1,7,1,0,0,51,5,0,0,0,0,0,0,0,0,0,20,0,0,31,0,38,0,427,0,0,0,0,0,0,0,0,0,4,0,0,14,0,0,0,4,0,0,0,0,4
Savannah,Wayne,33,1,1,2,165,0,1,4,0,38,3,3,24,1,0,0,1,4,0,0,7,5,1,3,1,28,6,14,8,1,7,78,10,6,0,16,8,2,0,22,0,1,1,24,6,5,0,62,8,0,1,0,2,11,0,11,960,2,2,3,0,0,0,29,0,0,0,2,3,2,0,0,0,1,0,22,14,1,0,0,2,30,0,2,0,4,2,0,0,0,6,2,2,0,0,0,0,0,0,0,0,20,0,0,25,0,14,0,122,0,0,0,0,0,0,0,0,0,0,0,0,2,0,0,0,0,0,0,0,0,28
Harrietstown,Franklin,0,0,0,0,0,0,0,0,33,0,0,0,2,0,71,111,0,0,0,0,0,0,0,0,0,0,0,0,0,0,0,0,0,0,0,0,0,0,0,2,0,0,8,1,0,0,0,0,0,0,0,0,0,0,0,3,0,0,0,0,0,0,0,0,0,0,0,1,0,0,0,0,0,1,0,2,0,0,0,0,2,0,0,0,0,0,0,0,0,0,34,0,2,0,0,0,0,0,0,0,0,19,0,0,4,0,0,0,3,0,0,2,0,0,0,0,0,0,0,0,0,0,0,0,0,0,0,0,0,0,4
Portland,Chautauqua,8,21,1,11,12,948,1,36,3,19,7,5,34,25,1,0,0,13,11,0,18,4,2,0,1,21,6,5,7,2,29,14,5,1,4,0,36,1,0,9,0,0,3,10,0,7,0,2,2,0,0,1,2,10,7,17,0,0,4,0,0,0,0,36,0,0,0,3,3,0,0,0,0,1,0,44,5,3,0,0,19,2,0,15,0,74,8,0,0,0,50,2,15,0,0,0,0,0,0,0,0,19,0,0,45,1,5,0,49,0,0,0,0,0,0,0,0,0,0,0,0,3,0,0,24,0,0,0,0,0,2
Wilmington,Essex,0,0,0,0,0,0,0,0,0,0,0,0,0,0,0,0,0,0,0,0,0,0,0,0,0,0,0,0,0,0,0,0,0,0,0,0,0,0,0,0,0,0,0,0,0,0,0,0,0,0,0,0,0,0,0,0,0,0,0,0,0,0,0,7,0,0,0,0,0,0,0,0,0,0,0,6,0,0,0,0,20,0,0,1,0,0,1,3,0,0,65,0,0,0,0,0,0,0,0,0,0,19,0,0,8,0,0,0,29,0,0,0,0,0,0,0,0,0,0,0,0,0,0,0,0,0,0,0,0,0,15
Augusta,Oneida,5,1,2,2,14,5,1,28,0,3,6,8,2,0,0,0,3,3,8,1,30,8,0,3,0,228,3,10,13,0,"1,131",13,0,1,0,10,15,0,0,8,0,0,0,13,0,2,0,2,2,0,0,1,2,5,1,4,1,3,0,2,0,0,0,74,0,0,0,6,2,2,0,1,0,4,2,47,1,1,0,0,5,0,0,3,0,4,6,0,0,0,35,0,3,0,0,0,0,0,0,0,0,19,0,0,74,11,24,0,116,0,0,0,0,0,0,0,0,0,0,0,0,1,0,0,0,0,0,14,0,1,2
Jamaica,Queens,17,0,2,0,0,1,0,2,0,12,0,2,12,1,0,0,0,0,0,0,4,1,520,2,0,1,1,3,514,2,5,0,0,15,0,0,1,1,"3,605",13,7,6,0,0,0,1,0,6,0,134,1,2,2,16,0,0,1,33,0,1,1,0,0,53,1,0,3,8,1,0,0,1,2,8,14,37,1,0,0,2,0,117,3,10,0,35,4,1,4,1,14,29,0,0,0,0,0,0,0,1,0,19,2,0,138,56,498,0,697,0,0,0,0,0,1,0,1,0,7,0,0,26,0,2,0,13,0,0,3,0,5
Cortlandt,Westchester,33,2,1,0,2,1,0,3,0,16,1,15,111,3,0,2,2,2,14,0,1,0,61,0,1,1,2,3,355,0,6,2,1,77,0,2,2,233,8,8,5,63,0,3,0,4,0,0,1,4,0,1,0,23,1,7,0,"6,331",2,2,0,0,0,108,0,0,3,5,0,1,0,0,3,18,4,41,3,1,0,0,19,97,0,27,0,24,8,3,0,1,12,8,3,0,0,0,1,0,0,0,0,19,1,0,141,4,189,0,"1,125",1,0,0,0,0,7,0,0,0,4,1,0,39,0,0,1,9,0,2,3,1,37
Pike,Wyoming,3,111,8,29,4,2,0,3,1,0,7,3,5,19,0,0,2,28,3,0,18,0,1,0,70,12,7,34,1,6,23,9,14,4,4,0,51,7,0,9,0,0,3,7,1,22,0,3,5,4,1,1,1,2,0,25,2,1,854,2,0,0,0,26,0,0,0,5,0,1,0,0,0,6,0,44,6,0,0,0,17,3,0,2,0,13,3,0,1,0,94,3,8,0,0,0,0,0,0,0,0,19,0,0,29,1,9,0,61,0,0,0,0,0,0,0,0,0,1,0,0,3,0,0,0,0,0,7,0,0,14
Flushing,Queens,8,0,1,1,1,2,0,0,2,8,0,16,35,3,1,0,0,2,6,0,2,1,240,0,0,0,4,0,"1,280",2,6,0,0,6,1,1,0,1,"4,740",10,5,0,0,3,1,2,0,1,2,50,1,0,2,11,0,3,0,56,0,0,1,0,0,112,0,1,2,2,1,1,0,2,12,14,22,17,1,3,0,1,10,158,10,7,0,93,36,11,7,3,11,50,1,0,0,0,0,0,1,0,0,18,4,0,256,42,"1,168",2,"1,805",1,1,6,1,1,9,5,2,0,3,2,0,55,2,1,0,14,0,0,16,0,118
Newtown,Queens,13,0,0,0,1,0,0,1,0,14,1,2,37,6,8,1,1,1,6,0,1,5,595,0,4,4,3,2,"1,654",14,8,5,5,43,0,0,1,3,"4,731",19,30,3,0,7,3,0,0,0,3,99,8,1,1,4,0,8,4,93,1,0,1,0,2,103,0,1,10,2,2,5,0,7,6,30,43,136,2,1,3,14,10,226,7,28,0,75,15,8,2,0,17,23,12,0,0,0,0,0,0,7,16,18,6,0,526,52,"1,950",0,"2,528",2,2,3,0,1,8,1,1,0,12,5,0,148,7,2,0,10,0,15,9,0,318
Kirkland,Oneida,14,0,4,2,3,9,1,59,5,5,5,7,11,5,1,0,10,2,0,1,73,18,8,17,4,64,2,4,28,1,"2,257",17,3,0,2,17,49,0,0,19,0,0,4,13,2,7,1,6,0,0,1,1,1,0,3,12,2,1,3,0,0,0,2,120,0,0,1,12,0,4,0,1,0,5,5,94,3,1,0,1,5,8,2,11,0,11,15,0,1,0,35,3,6,1,0,1,0,0,0,0,0,18,0,0,166,11,70,0,559,0,1,1,0,0,1,0,0,0,7,0,0,40,0,0,0,6,0,22,0,0,10
Allegany,Cattaraugus,4,42,5,836,8,28,8,5,0,2,5,31,4,141,0,0,0,7,4,0,6,2,1,0,6,9,4,3,25,6,3,35,10,14,1,0,19,2,0,3,0,0,1,4,0,6,0,2,20,0,7,4,18,2,2,16,0,2,24,1,0,0,0,12,0,0,0,5,3,0,0,1,1,1,3,40,8,0,0,1,1,3,0,2,0,35,0,0,0,0,25,0,4,0,0,0,0,0,0,0,0,18,0,0,8,8,327,0,218,10,0,0,2,0,0,0,0,0,0,0,0,5,0,0,0,0,0,0,1,0,15
Cortlandville,Cortland,33,17,46,3,86,2,4,125,3,33,"2,449",61,24,4,1,0,0,6,21,0,41,4,4,0,8,102,2,39,34,3,65,173,12,46,0,16,114,1,0,31,0,0,0,12,2,32,0,6,6,3,2,23,181,15,3,13,13,8,0,4,0,0,0,209,0,0,1,11,2,0,0,1,4,5,1,159,9,2,1,6,17,18,0,9,0,46,28,0,0,0,67,2,2,0,0,0,0,0,0,0,0,18,0,0,82,3,4,0,201,0,0,0,1,0,1,0,0,0,5,0,0,15,0,0,8,3,0,1,0,0,128
Amity,Allegany,1,"1,044",8,24,12,3,12,15,3,1,11,10,8,8,3,1,1,4,5,0,3,2,2,2,33,12,9,8,18,1,4,15,27,12,0,5,14,0,0,25,0,0,2,11,0,3,2,15,61,0,0,10,40,2,8,40,2,2,10,13,0,0,0,19,0,0,0,14,2,0,0,5,0,18,1,28,10,0,0,3,10,13,1,4,0,96,9,0,0,0,52,0,1,0,0,0,0,0,0,0,0,18,0,0,23,0,10,0,126,0,0,0,0,0,1,0,0,0,0,0,0,7,0,0,0,0,0,0,0,0,14
Colesville,Broome,40,1,"1,696",1,4,1,0,311,0,24,9,138,44,0,0,2,0,0,9,0,7,5,0,1,0,17,0,3,9,0,10,5,1,7,0,2,134,0,0,17,0,0,0,5,0,98,3,18,9,1,6,12,5,15,2,13,3,20,1,3,0,0,0,101,0,0,0,12,0,0,0,2,0,3,0,58,8,0,0,0,20,13,1,4,0,84,12,0,0,0,22,0,1,0,0,0,0,0,0,0,0,18,0,0,18,0,2,1,61,0,0,0,0,0,0,0,0,0,0,0,0,4,0,0,0,0,0,0,0,1,24
Fleming,Cayuga,3,2,0,0,746,0,1,1,0,6,17,4,12,2,1,0,1,2,1,0,1,1,1,0,8,2,5,8,14,0,10,14,7,5,0,8,7,0,0,11,0,0,1,11,0,1,0,8,1,1,0,1,21,4,0,10,4,2,0,2,0,0,0,25,0,0,0,0,0,0,0,0,0,0,10,25,2,0,0,2,3,8,0,0,0,11,4,0,0,0,6,2,0,0,0,0,0,0,0,0,0,18,0,0,44,0,14,0,99,0,0,0,0,0,0,0,0,0,0,0,0,6,0,0,0,0,0,0,0,0,2
Veteran,Chemung,3,4,4,1,15,1,"1,312",11,0,9,5,16,25,0,0,0,8,0,0,0,10,14,4,0,1,7,2,15,14,7,3,11,5,94,0,4,8,1,0,56,0,2,2,5,1,2,62,29,47,0,11,24,112,3,0,5,10,7,0,20,0,0,2,59,0,0,1,2,1,0,0,0,0,5,1,15,7,0,0,0,4,64,0,11,0,94,2,0,0,0,16,4,0,0,0,0,0,0,0,0,0,18,0,0,32,1,12,12,54,0,0,0,0,0,0,0,0,0,0,0,0,4,0,0,0,0,0,0,0,0,10
Durham,Greene,336,1,3,0,2,1,0,0,0,36,5,24,40,2,5,0,8,0,"1,554",0,1,0,3,0,0,0,2,1,34,1,3,0,1,6,0,0,4,3,1,10,2,1,0,5,3,120,0,0,1,2,3,0,1,17,0,2,1,2,1,0,0,0,0,41,0,0,0,4,0,0,0,0,0,0,1,8,0,0,0,0,1,5,0,0,0,4,0,0,1,0,6,0,1,0,0,0,0,0,0,0,0,18,0,0,14,0,9,0,37,0,0,0,0,0,1,0,0,0,0,0,0,3,0,0,0,0,0,2,0,0,8
Herkimer,Herkimer,16,0,0,2,9,0,0,8,4,12,5,2,1,4,0,0,31,0,3,0,"1,947",17,0,4,1,12,3,41,11,1,79,13,1,0,0,18,36,0,0,14,0,0,8,13,15,22,0,2,0,0,3,0,0,4,3,6,1,4,0,1,0,0,0,19,0,0,0,4,0,0,0,0,0,1,0,26,9,1,0,0,12,9,0,4,0,8,5,0,0,0,20,3,2,0,0,0,0,0,0,1,0,18,0,0,34,2,175,0,169,0,0,0,0,0,1,0,0,0,2,0,0,13,0,0,0,3,0,2,0,0,10
Eaton,Madison,10,6,6,1,14,4,0,94,0,23,16,10,4,1,2,1,4,1,2,0,42,11,0,6,0,"2,256",2,24,2,0,172,35,2,1,1,17,49,0,0,17,0,0,7,12,1,4,0,1,5,0,3,0,4,0,0,9,6,3,0,0,0,0,0,103,0,0,0,4,0,0,0,2,1,2,2,121,9,0,0,0,19,6,0,7,0,9,31,0,0,0,41,1,7,0,0,45,0,0,0,0,0,18,0,0,171,8,8,0,193,0,0,0,0,0,0,0,0,0,0,0,0,18,0,1,0,0,0,139,0,0,24
Gorham,Ontario,22,4,0,3,13,0,1,2,0,38,0,2,13,0,0,0,4,3,15,4,13,2,0,0,14,1,17,31,9,2,20,8,"1,187",16,2,0,6,6,0,16,0,3,2,13,4,6,0,43,27,0,1,3,4,18,0,7,31,3,3,229,0,0,0,21,0,0,0,7,2,0,0,0,0,1,3,25,11,3,0,1,4,40,0,7,0,27,3,0,1,0,17,1,0,0,0,0,0,0,0,0,0,18,0,0,88,10,26,4,104,0,0,0,0,0,0,0,0,0,2,0,0,12,0,0,0,1,0,0,0,0,31
Owego,Tioga,218,5,347,1,12,4,40,62,14,39,31,47,132,4,1,1,3,2,23,0,12,2,3,1,1,11,2,17,131,0,13,11,5,185,4,1,132,6,1,39,0,2,0,73,68,180,8,5,27,4,18,"4,472",63,33,1,37,6,16,0,5,0,0,0,190,0,0,1,5,2,5,0,0,0,17,18,238,12,3,0,0,22,128,3,15,1,593,25,2,0,1,78,14,7,0,0,0,0,0,0,0,0,18,0,0,108,4,42,6,501,0,0,0,0,0,0,0,0,0,4,0,0,9,1,0,0,23,0,0,0,0,138
Rosendale_W,Wayne,7,1,7,4,36,4,0,6,1,33,4,1,46,2,0,0,2,9,9,1,7,8,3,8,3,32,13,4,8,1,35,16,30,7,4,17,4,4,0,37,0,3,1,27,2,9,0,41,3,9,0,7,1,1,1,29,"1,178",7,1,10,0,0,0,36,1,0,0,1,2,0,0,0,0,4,2,50,13,0,0,0,17,12,0,2,0,11,8,0,0,0,38,0,5,0,0,0,0,0,0,0,0,18,0,0,108,9,68,0,48,0,0,0,0,0,0,0,0,0,0,0,0,0,0,0,0,0,0,0,0,2,10
Attica,Wyoming,13,2,0,5,6,5,2,4,0,23,3,0,1,53,1,0,0,140,6,1,2,4,1,0,16,5,22,3,54,3,30,2,4,1,12,0,5,1,0,2,0,0,0,7,0,7,0,2,11,0,0,2,0,0,0,6,2,0,"1,223",0,0,0,0,29,0,0,0,8,0,0,0,1,0,1,1,62,4,0,0,0,13,11,0,8,0,8,0,0,0,0,47,0,4,0,0,0,0,0,0,0,0,18,0,0,13,46,291,0,61,0,0,0,0,0,0,0,0,0,2,0,0,3,0,0,0,4,0,39,0,0,1
Bennington,Wyoming,4,5,0,15,8,3,0,5,5,10,1,2,3,108,12,1,0,89,10,0,10,8,1,1,3,7,20,6,7,4,21,9,4,0,12,0,8,1,0,3,0,1,5,4,0,1,0,3,2,0,0,1,0,0,1,4,1,2,"1,158",0,0,0,0,51,0,0,0,2,2,0,0,2,0,1,0,28,10,1,0,0,39,5,0,6,0,10,14,0,0,0,65,1,11,0,1,0,0,0,0,0,0,18,0,0,44,13,483,1,17,0,0,0,0,0,1,0,0,0,10,0,0,6,0,0,0,0,0,0,0,0,14
Perry,Wyoming,6,19,0,21,70,5,5,17,0,9,5,6,17,15,2,1,0,41,3,0,13,4,2,0,132,6,41,4,13,5,38,15,38,15,4,2,21,2,0,12,0,0,2,9,1,5,1,6,10,0,0,6,9,18,0,19,12,2,"1,092",3,0,0,0,59,0,0,0,7,0,1,0,0,0,2,0,56,21,0,0,0,22,17,0,11,0,24,5,0,1,0,104,1,5,0,0,43,0,0,0,0,0,17,0,0,88,0,1,0,95,0,0,0,1,0,2,0,0,0,0,0,0,8,0,0,0,0,0,0,0,0,13
Little Valley,Cattaraugus,4,13,0,483,3,11,6,7,0,4,1,2,1,23,0,0,0,14,1,0,13,2,0,0,5,7,12,10,4,2,6,10,4,1,4,2,13,1,0,4,0,0,1,6,0,3,0,3,5,0,1,1,2,0,3,10,5,0,7,3,0,0,0,14,0,0,0,1,0,2,0,0,0,5,0,45,1,2,0,0,5,5,0,11,0,27,5,0,0,0,36,0,1,0,0,0,0,0,0,0,0,17,0,0,17,0,16,0,65,0,0,0,0,0,0,0,0,0,0,0,0,4,1,0,0,1,0,0,0,0,6
Groveland,Livingston,1,21,0,3,11,0,1,0,0,6,1,2,6,6,0,0,0,1,1,0,4,0,1,1,912,2,21,4,2,0,0,3,5,2,0,0,0,2,1,19,0,0,0,2,0,0,0,4,18,0,1,0,2,1,0,5,0,0,9,3,0,0,1,12,0,0,0,5,0,0,0,0,0,0,3,10,7,0,0,0,2,44,0,4,0,67,1,0,0,0,3,0,0,1,0,0,0,0,0,1,0,17,0,0,23,0,10,0,125,0,0,0,0,0,0,0,0,0,0,0,0,8,0,0,0,0,0,0,0,0,2
Westmoreland,Oneida,9,0,3,0,1,0,2,9,0,7,2,2,19,0,0,0,3,0,10,0,80,28,0,26,1,33,2,10,39,3,"1,753",10,1,1,3,11,25,1,1,20,0,0,1,15,0,3,0,2,2,5,3,1,2,2,0,18,0,0,1,1,0,0,0,92,0,1,0,1,0,0,0,1,0,2,2,71,3,3,0,0,3,6,0,5,0,5,14,1,0,0,23,3,7,0,0,0,0,0,0,0,0,17,0,0,243,19,31,5,189,0,0,0,0,0,3,0,0,0,0,0,0,10,0,0,0,0,0,28,1,0,16
Corinth,Saratoga,12,0,0,0,2,0,0,0,1,12,0,0,13,1,3,1,4,1,1,2,10,2,0,0,0,0,0,2,10,4,0,0,0,0,0,1,1,0,0,20,0,0,4,"1,033",2,8,0,0,0,1,0,0,0,0,136,32,0,1,0,0,1,0,0,9,0,0,0,0,0,0,0,0,0,1,0,29,1,0,0,0,7,4,0,0,0,0,6,0,0,0,40,0,0,0,0,0,0,0,0,0,0,17,0,0,11,1,1,0,41,0,0,0,0,0,0,0,0,0,0,0,0,2,0,0,0,0,0,0,0,0,0
Covert,Seneca,7,2,8,0,44,2,6,3,0,2,4,20,38,2,0,2,0,0,6,0,2,0,0,4,1,1,7,3,10,1,2,2,3,15,0,0,2,9,1,4,2,2,0,5,0,4,24,"1,326",9,4,1,3,167,5,2,2,2,10,0,6,0,0,0,32,0,0,0,0,1,0,0,0,0,0,5,11,6,0,0,0,1,103,0,9,0,18,0,0,0,0,5,1,2,0,0,0,0,0,0,0,0,17,0,0,71,1,5,0,178,0,0,0,0,0,0,0,0,0,0,0,0,6,0,0,0,0,0,0,0,1,1
Addison,Steuben,3,6,29,1,7,2,47,92,0,2,23,24,14,3,0,1,1,1,2,0,0,2,1,0,8,13,4,3,9,0,5,11,10,37,2,6,35,1,0,1,0,2,0,11,1,8,15,0,848,3,2,19,33,1,2,8,1,1,3,24,0,0,0,25,0,0,0,5,0,0,0,1,0,6,2,27,2,1,0,0,5,23,1,3,0,130,5,0,0,0,19,1,2,0,0,0,0,0,0,0,0,17,0,0,25,0,12,0,103,0,0,0,0,0,0,0,0,0,0,0,0,2,0,0,0,0,0,1,0,0,13
Hebron,Washington,2,0,0,0,2,0,0,0,1,3,0,0,3,0,2,0,0,0,0,0,0,1,0,0,0,0,0,0,58,0,1,1,0,1,0,5,0,0,0,7,0,0,1,6,0,1,0,0,0,0,0,0,0,0,13,"1,884",0,0,0,1,0,0,0,9,0,0,0,0,0,2,0,0,0,0,1,31,1,0,0,0,3,5,0,1,0,7,6,0,0,0,170,0,1,0,0,0,0,0,0,0,0,17,0,0,4,0,2,0,290,0,0,0,0,0,0,0,0,0,0,0,0,6,0,0,0,0,0,19,0,0,22
Huron,Wayne,8,0,1,4,54,0,0,1,0,52,2,4,22,3,1,0,0,1,6,4,12,11,3,7,4,8,18,14,5,2,15,46,24,17,2,25,7,4,0,14,1,16,2,13,1,16,0,63,5,3,0,0,10,6,0,14,"1,092",1,0,1,0,0,0,42,1,0,0,0,5,0,0,0,0,7,0,51,9,0,0,0,5,15,0,2,0,6,1,3,0,0,18,1,1,0,0,0,0,0,0,0,0,17,0,0,57,1,39,0,38,0,0,0,0,0,0,0,0,0,0,0,0,0,0,0,0,1,0,0,0,0,6
Castile,Wyoming,5,47,5,13,66,3,0,4,0,7,1,6,46,10,0,0,1,7,6,0,3,7,1,3,146,9,25,8,3,1,14,9,21,2,1,1,19,1,0,6,0,0,0,47,7,5,1,9,28,0,1,0,4,1,0,51,5,0,921,7,0,0,0,74,0,0,0,2,1,0,0,0,0,3,0,38,22,0,0,0,12,18,0,8,0,24,10,0,0,0,93,2,5,3,0,0,0,0,0,0,1,17,0,0,87,1,5,0,51,0,0,0,0,0,0,0,0,0,0,0,0,7,0,0,0,0,0,0,0,0,3
Oakfield,Genesee,11,8,1,3,10,2,0,4,0,2,3,1,11,30,5,0,5,711,6,0,7,0,0,0,15,8,40,15,0,10,14,4,10,5,52,2,3,0,4,5,2,0,5,2,3,4,0,6,4,0,0,1,2,2,1,9,5,1,10,8,0,0,0,34,0,0,0,1,1,0,0,0,0,1,0,16,7,0,0,0,11,9,0,3,0,16,3,0,0,0,29,0,1,0,0,0,0,0,0,0,0,16,0,0,99,1,85,0,95,0,0,1,0,0,0,0,0,0,0,0,0,0,0,0,0,0,0,0,0,0,10
Hempstead,Queens,17,0,2,0,0,0,0,0,0,0,0,0,17,4,0,0,0,0,3,0,1,2,294,0,0,2,1,2,515,0,4,0,0,4,0,0,1,2,"9,084",7,5,1,0,0,0,9,0,1,1,194,5,0,0,6,8,0,0,44,0,0,0,0,2,44,1,0,3,3,3,0,0,0,0,6,10,33,3,0,0,0,5,75,2,4,0,26,5,2,2,0,2,11,0,0,0,0,0,0,0,0,0,16,6,0,143,7,462,7,451,0,0,1,0,0,3,1,0,0,11,3,0,16,2,1,0,2,0,1,11,2,137
Hume,Allegany,10,985,2,24,15,0,3,26,0,1,12,11,8,19,4,0,2,24,0,0,22,8,0,0,60,23,24,21,2,1,11,15,16,3,1,1,51,1,0,5,0,0,5,11,1,3,0,2,13,0,0,2,7,6,1,13,4,0,121,3,0,0,0,46,2,0,0,4,2,2,0,0,0,1,0,42,4,0,0,0,20,1,0,2,0,33,9,0,0,0,82,4,3,0,0,0,0,0,0,0,0,16,0,0,19,2,14,0,63,0,0,0,0,0,0,0,0,0,0,0,0,2,0,0,0,0,0,0,0,0,40
Aurelius,Cayuga,12,5,5,2,"1,323",5,3,3,0,18,23,1,28,2,0,0,1,1,6,0,11,1,3,1,5,7,10,5,26,1,20,52,18,3,3,6,3,0,0,11,1,3,0,16,5,5,0,49,4,1,0,3,24,11,0,15,19,15,1,2,0,0,0,27,0,0,0,4,0,1,0,0,1,0,1,37,10,0,0,0,8,50,0,5,0,14,4,0,0,1,17,1,2,0,0,0,0,0,0,0,0,16,0,0,108,2,10,0,328,0,0,0,0,0,0,0,0,0,0,0,0,11,0,0,0,0,0,0,1,0,13
Sheridan,Chautauqua,5,2,3,48,5,837,2,6,0,5,10,14,6,35,2,1,0,9,2,0,16,4,0,4,13,33,4,2,4,4,44,11,12,0,3,4,21,0,0,18,0,0,1,5,0,4,0,0,1,0,1,1,2,1,1,10,0,1,7,0,0,0,0,26,0,0,0,12,4,0,0,0,0,0,0,38,3,0,0,0,7,8,0,11,0,47,6,0,0,0,28,1,12,0,0,0,0,0,0,0,2,16,0,0,14,4,113,2,79,0,0,0,0,0,0,10,0,0,3,0,0,8,3,0,0,1,0,3,0,0,3
Chitawauga,Erie,4,0,0,4,2,0,0,2,1,0,0,0,0,"1,485",0,0,0,11,2,0,4,1,0,1,3,0,3,2,3,4,5,7,0,0,0,0,5,0,0,6,0,0,0,0,0,0,0,0,3,0,0,0,0,0,0,1,0,0,1,0,0,0,0,9,0,0,0,2,1,1,0,0,0,1,0,5,2,0,0,0,1,0,0,9,0,25,4,0,0,0,16,3,2,0,0,0,0,0,0,0,0,16,1,0,47,273,551,0,67,0,0,0,0,0,0,0,0,0,2,0,0,3,0,0,0,43,0,0,0,0,13
Stockbridge,Madison,21,1,4,1,8,0,2,21,1,5,7,3,0,0,0,0,2,0,12,0,46,4,0,1,0,"1,075",4,29,2,0,208,15,1,6,2,7,15,0,0,4,0,0,4,1,0,11,0,0,1,0,3,1,0,0,0,9,1,1,0,0,0,0,1,68,0,0,2,2,0,0,0,1,0,0,1,36,1,0,0,0,12,1,0,1,0,6,12,0,0,0,16,1,0,0,0,0,0,0,0,0,0,16,0,0,80,6,6,0,99,0,0,0,0,0,0,0,0,0,0,0,0,2,0,0,0,0,0,1,0,0,14
Mohawk,Montgomery,28,1,1,0,1,0,0,0,2,10,1,0,14,1,0,0,66,0,2,0,14,5,4,1,1,1,1,"2,302",37,0,19,3,0,1,0,1,2,0,0,8,0,0,1,10,28,10,0,0,0,0,0,0,2,1,0,3,1,0,0,0,0,0,0,7,0,0,0,2,0,0,0,0,0,2,0,12,2,0,0,2,0,2,0,4,0,1,6,2,0,0,4,1,2,0,0,0,0,0,0,0,8,16,0,0,37,1,49,8,186,1,0,0,0,0,0,0,0,0,2,0,0,5,0,0,0,3,0,0,0,0,0
Marcellus,Onondaga,0,0,1,2,32,1,0,2,1,3,10,2,40,0,0,2,1,0,1,0,4,14,5,1,0,23,5,13,13,0,22,"1,534",6,8,4,17,13,6,0,9,0,0,4,24,5,4,1,5,0,2,2,0,9,1,0,15,4,4,1,1,0,0,0,73,0,0,1,2,0,1,0,1,1,3,1,52,3,0,0,0,0,7,0,5,0,5,6,0,0,0,28,1,12,0,0,0,0,0,0,0,0,16,0,0,185,0,1,0,266,0,0,0,0,0,0,0,0,0,0,0,0,6,0,0,0,0,0,18,0,0,6
Pompey,Onondaga,16,4,1,4,9,2,1,55,1,17,72,5,34,3,0,0,9,3,3,0,30,15,0,3,0,203,4,20,3,2,44,"2,066",5,1,2,26,22,1,1,30,0,2,0,43,1,9,0,1,2,1,2,4,4,2,2,9,6,1,0,3,0,0,0,107,0,0,0,5,2,1,0,0,0,2,0,58,8,0,0,0,6,2,0,5,0,10,8,2,0,0,31,2,0,0,0,0,0,0,0,0,0,16,0,0,62,1,6,0,310,0,0,0,0,0,0,0,0,0,0,0,0,3,0,0,0,1,0,1,0,0,44
Sharon,Schoharie,45,0,0,0,4,0,0,0,0,15,2,4,7,0,0,0,8,0,2,0,33,0,1,0,0,0,5,258,16,0,14,0,5,0,5,6,113,0,0,14,0,0,1,3,8,"1,839",0,0,3,0,0,0,0,1,3,1,1,8,1,0,0,0,0,6,0,0,0,2,0,0,0,0,0,5,1,6,3,0,0,0,2,7,0,3,0,3,2,0,0,0,10,1,4,0,0,0,0,0,0,0,0,16,0,0,13,1,26,1,54,0,0,0,0,0,0,0,0,0,1,0,0,0,0,0,0,1,0,0,0,0,7
Fayette,Seneca,0,4,1,0,70,1,3,3,0,6,3,1,10,0,1,0,4,5,2,0,2,0,5,2,6,4,11,10,23,6,23,31,63,15,0,1,3,0,3,4,1,1,4,3,0,2,6,"2,277",18,0,1,3,12,10,1,2,17,0,0,17,1,0,0,12,0,0,2,6,0,1,0,0,0,0,2,9,16,0,0,0,1,104,0,14,0,288,1,0,0,0,8,3,0,0,0,3,0,0,0,0,0,16,1,0,48,9,78,0,78,0,0,0,0,0,0,0,0,0,0,0,0,22,0,0,0,0,0,0,0,0,85
Prattsburgh,Steuben,15,11,1,0,22,1,13,12,3,14,5,8,18,2,0,0,15,4,8,0,10,2,5,5,11,12,4,35,14,1,19,24,89,20,1,5,4,16,0,7,0,0,0,21,5,18,3,17,"1,461",0,0,1,11,15,1,2,22,6,1,179,0,0,0,47,0,0,0,2,0,5,0,0,0,3,0,35,17,0,2,0,3,31,0,5,0,23,2,0,0,0,23,0,2,0,0,0,0,0,0,0,0,16,0,0,43,0,3,0,59,0,0,0,0,0,0,0,0,0,0,0,0,13,0,0,0,0,0,0,0,0,61
Argyle,Washington,3,0,1,1,0,0,0,0,0,8,0,0,10,0,8,0,0,0,0,0,0,0,0,0,2,1,0,0,9,0,5,0,0,1,0,0,1,0,2,29,0,0,0,19,1,8,0,0,3,0,3,0,0,0,33,"2,434",3,0,0,0,0,0,0,2,0,0,0,4,0,0,0,0,0,0,1,19,1,0,0,0,2,2,0,2,0,4,1,1,0,0,18,0,0,0,0,0,0,0,0,0,0,15,0,0,15,0,1,0,350,0,0,1,0,0,1,0,0,0,0,0,0,29,0,0,0,0,0,0,0,0,2
Montezuma,Cayuga,7,0,0,0,736,5,9,4,0,19,4,0,20,0,0,0,0,0,2,1,6,2,0,1,4,7,17,11,7,3,6,18,5,3,3,3,10,0,0,14,0,0,0,9,0,2,0,45,5,0,2,0,10,28,0,12,38,2,0,4,0,0,0,12,0,0,0,0,1,0,0,0,0,1,0,10,11,0,0,0,0,39,0,1,0,14,2,1,1,0,11,0,0,0,0,0,0,0,0,0,0,15,0,0,22,2,9,7,61,0,0,0,1,0,1,0,0,0,0,0,0,1,0,0,0,0,0,0,0,0,0
Caneadea,Allegany,4,995,4,28,20,5,8,26,0,6,9,8,1,9,0,3,0,2,1,0,14,2,2,0,85,18,21,10,9,5,14,10,29,2,0,1,19,0,0,8,0,0,2,18,7,3,2,5,30,0,0,5,15,3,1,8,12,1,37,7,0,0,0,30,0,1,0,4,0,3,0,0,0,3,0,32,4,0,0,0,7,9,0,15,0,41,8,0,0,0,52,5,3,1,0,0,0,0,0,0,0,15,0,0,11,0,48,0,103,0,0,0,0,0,0,0,0,0,0,0,0,4,0,0,0,1,0,2,0,0,5
Cuba,Allegany,4,885,5,73,11,8,11,29,0,5,18,8,7,26,1,1,3,12,4,0,45,4,1,1,25,33,23,7,15,10,10,17,8,7,2,1,26,4,0,5,0,0,0,4,4,3,2,15,32,0,4,6,34,0,2,10,3,1,28,8,0,0,0,58,0,0,0,9,6,0,0,0,0,2,3,46,7,0,0,0,15,23,0,19,0,41,11,0,0,0,40,2,0,0,2,0,0,0,0,0,0,15,0,0,11,0,13,0,103,0,0,0,0,0,0,0,0,0,0,0,0,14,0,0,0,0,0,0,0,0,26
Yorkshire,Cattaraugus,0,30,1,786,11,10,0,6,1,7,6,5,9,108,9,0,2,25,3,0,37,2,0,1,9,12,10,6,3,2,15,11,3,2,5,1,15,0,0,2,0,0,1,15,0,3,0,10,4,1,0,2,20,0,6,16,7,2,105,4,0,0,0,11,0,0,0,3,0,3,0,0,0,5,0,60,2,3,0,0,20,2,0,4,0,27,18,0,0,0,83,5,2,0,0,0,0,0,0,1,0,15,0,0,4,0,21,1,18,0,0,0,0,0,0,0,0,0,1,0,0,2,0,0,0,0,0,0,0,0,8
Sennett,Cayuga,5,0,0,1,791,1,1,3,0,8,9,1,20,0,0,0,0,1,3,0,9,3,0,1,1,8,1,7,9,3,14,160,3,9,1,3,8,2,4,6,1,1,1,19,4,2,0,5,3,0,2,1,5,9,0,15,11,1,0,2,0,0,0,42,0,0,0,2,0,2,0,0,0,0,2,47,9,0,0,0,6,17,1,9,0,5,0,0,0,0,13,0,1,0,0,59,0,0,0,0,0,15,0,0,106,2,10,2,106,1,0,0,0,0,0,0,0,0,1,0,0,6,0,0,0,0,0,0,0,0,81
Victory,Cayuga,72,0,3,0,"1,142",1,2,3,1,50,2,4,24,2,0,0,0,0,9,0,16,3,0,4,0,5,14,31,9,2,10,51,11,15,0,22,3,1,0,16,0,0,2,37,1,16,0,0,1,1,5,0,4,11,0,32,123,7,0,3,0,0,0,24,0,0,0,0,2,0,0,0,0,0,0,17,8,0,0,0,4,10,0,2,0,9,3,0,0,0,39,1,7,0,0,0,0,0,0,0,0,15,0,0,13,0,5,0,43,0,0,0,0,0,0,0,0,0,2,0,0,1,0,0,0,0,0,0,0,0,4
Poland,Chautauqua,1,11,0,63,6,866,2,9,0,2,3,0,8,10,8,3,1,16,1,0,11,5,0,7,6,5,19,7,1,6,27,7,12,4,3,2,55,0,1,11,0,0,3,7,3,0,0,4,3,0,0,0,6,1,6,6,7,2,1,1,0,0,0,11,0,0,0,6,1,1,0,0,0,1,0,28,2,0,0,0,8,2,0,6,0,46,5,0,0,0,59,1,4,0,0,0,0,0,0,0,0,15,0,0,32,1,0,0,70,0,0,0,0,0,0,3,0,0,0,0,0,0,0,0,22,3,0,0,0,0,4
Marilla,Erie,0,3,0,15,21,1,0,10,1,0,1,2,5,846,3,0,2,86,0,0,4,2,0,0,9,9,8,10,1,2,16,11,6,2,3,0,6,0,0,5,0,0,4,11,0,7,0,2,3,0,1,0,2,1,4,1,1,0,59,0,0,0,0,25,0,0,0,1,0,0,0,0,0,2,0,32,2,2,0,0,11,7,0,7,0,19,7,0,0,0,35,1,1,0,0,0,0,0,0,0,0,15,0,0,26,1,142,1,72,0,0,0,0,0,0,0,0,0,0,0,0,0,0,0,1,0,0,0,0,0,25
Livonia,Livingston,0,14,3,3,50,2,6,6,0,2,9,1,6,19,2,0,0,16,19,0,5,4,0,5,"1,375",7,72,7,6,1,19,10,177,6,9,2,8,2,0,3,0,0,1,20,3,11,0,14,28,0,0,0,7,7,0,14,5,15,16,9,0,0,0,52,1,1,7,4,2,0,0,1,0,3,0,34,14,0,0,0,13,39,0,9,0,39,9,0,0,0,44,1,1,1,0,0,0,0,0,0,0,15,0,0,31,0,15,0,216,0,0,0,0,0,0,0,0,0,2,0,0,8,0,0,0,2,0,1,0,0,14
Deerpark,Orange,8,3,44,1,2,0,5,6,0,17,3,31,54,1,0,0,3,2,26,0,2,0,28,0,1,2,11,2,209,0,8,0,9,"3,096",3,0,8,7,3,8,3,108,0,2,4,10,0,11,4,2,398,16,7,105,0,6,3,15,0,0,0,0,0,72,4,0,2,13,0,7,0,0,5,16,4,79,9,1,0,1,20,901,2,7,0,404,12,2,0,0,7,10,8,0,0,0,0,0,0,2,0,15,2,0,149,9,387,2,921,2,0,0,0,0,1,1,0,0,6,2,0,12,0,0,0,5,0,3,2,2,9
Wilton,Saratoga,8,0,1,0,0,1,0,1,1,23,0,0,30,1,4,0,8,1,1,4,10,0,0,0,0,0,0,3,9,2,1,1,0,0,0,0,2,1,0,113,0,0,2,864,9,22,0,0,0,0,0,0,0,0,22,84,3,3,2,0,0,0,0,9,0,0,0,3,0,0,0,0,0,0,1,14,0,0,0,0,0,4,0,0,0,1,5,0,0,0,25,2,0,1,0,0,0,0,0,0,0,15,0,0,9,4,4,0,25,0,0,0,0,0,0,0,0,0,0,0,0,0,0,0,0,0,0,0,0,0,3
Putnam,Washington,0,0,0,0,0,0,0,0,1,0,0,0,1,0,21,2,0,0,0,0,1,0,0,0,0,0,2,0,1,0,0,0,0,0,1,0,0,0,0,8,0,0,2,6,0,0,0,0,0,0,0,0,0,0,12,536,0,0,0,0,0,0,0,3,0,0,0,0,0,0,0,0,0,3,0,7,3,0,0,0,3,0,0,5,0,4,0,0,0,0,56,0,4,0,0,0,0,0,0,0,0,15,0,0,4,0,0,0,12,0,0,0,0,0,0,0,0,0,0,0,0,42,0,0,0,0,0,0,0,0,1
Brighton_F,Franklin,0,0,0,0,0,0,0,0,29,0,0,0,0,0,24,50,0,0,0,0,0,0,0,0,0,0,0,0,0,0,0,0,0,0,0,0,0,0,0,1,0,0,1,0,0,0,0,0,0,0,0,0,0,0,0,0,0,0,0,0,0,0,1,0,0,0,0,1,0,2,0,0,0,0,0,1,0,0,0,0,6,0,0,0,0,1,0,0,0,0,19,0,0,0,0,0,0,0,0,0,0,14,0,0,8,0,0,0,1,0,0,2,0,0,0,0,0,0,0,0,0,0,0,0,0,0,0,0,0,0,0
South Valley,Cattaraugus,0,0,0,306,0,88,0,1,0,0,2,1,3,4,0,0,0,2,0,0,1,1,4,0,0,0,2,2,2,0,3,2,4,3,0,0,2,0,1,4,0,0,2,1,0,1,0,0,3,0,0,0,2,2,3,3,0,0,3,0,0,0,0,3,0,0,0,0,2,0,0,0,0,1,0,8,2,0,0,0,0,6,0,6,0,55,0,0,0,0,9,1,0,0,0,0,0,0,0,0,0,14,0,0,3,0,0,0,64,0,0,0,0,0,0,0,0,0,0,0,0,0,0,0,0,0,0,0,0,0,7
Arkwright,Chautauqua,1,0,1,11,2,699,1,6,1,1,10,4,13,18,0,0,0,5,1,1,22,2,0,0,3,12,3,2,0,1,13,1,8,1,3,1,10,0,0,0,2,0,0,2,0,0,0,0,2,0,0,0,0,0,1,1,11,0,11,1,0,0,0,21,0,0,1,2,6,0,0,0,0,2,0,29,2,2,2,1,5,4,0,14,0,26,6,0,0,0,34,0,0,0,0,0,0,0,0,0,0,14,0,0,14,12,17,0,3,0,0,0,0,0,0,0,0,0,1,0,0,1,0,0,0,1,0,0,0,0,7
New Lebanon,Columbia,33,0,3,1,2,0,0,3,1,954,0,5,24,2,2,1,0,0,6,0,3,2,15,2,2,2,2,1,83,0,4,0,2,1,0,1,6,0,2,217,0,0,1,3,0,8,0,0,0,0,0,0,0,3,2,5,2,1,1,0,0,0,0,60,0,0,0,6,1,0,0,3,1,2,0,220,6,0,0,0,6,8,1,6,0,19,23,2,0,0,20,1,1,1,0,0,0,0,0,0,0,14,0,0,45,3,21,0,189,0,0,0,0,0,1,0,0,0,0,0,0,7,0,0,0,2,0,0,1,0,8
Tompkins,Delaware,50,1,176,4,3,0,6,56,0,8,9,"2,625",25,1,0,0,0,0,117,0,2,2,0,2,1,2,3,8,23,8,16,3,3,14,0,2,159,0,0,9,0,1,1,13,6,89,0,1,5,0,25,2,7,35,5,8,0,10,0,2,0,0,0,57,0,0,0,3,0,4,0,0,0,1,2,47,3,0,1,1,12,31,0,4,0,123,4,0,0,0,17,0,5,0,0,0,0,0,0,0,0,14,0,0,28,2,11,0,103,0,0,0,0,0,0,0,0,0,0,0,0,20,0,0,0,5,0,0,0,0,17
Colden,Erie,0,3,0,26,2,4,0,5,14,1,1,4,2,843,1,1,0,8,0,0,3,1,6,0,1,4,5,2,0,3,15,3,5,0,3,0,7,0,0,2,0,0,8,5,1,1,0,1,3,0,0,1,0,4,5,12,5,0,4,1,0,0,0,14,0,0,0,1,3,0,0,2,0,3,0,22,1,5,0,0,11,0,0,6,0,5,7,0,0,0,43,0,1,0,0,0,0,0,0,0,0,14,0,0,70,14,87,5,23,0,0,0,0,0,0,0,0,0,3,0,0,11,0,4,0,0,0,0,0,0,5
Concord,Erie,9,9,3,130,19,17,0,7,0,26,18,11,7,"1,560",5,0,0,18,11,0,62,6,0,0,2,14,4,15,4,1,21,11,18,7,3,5,29,0,0,9,0,0,4,7,0,5,0,1,2,0,0,6,6,5,5,14,8,0,16,0,0,0,0,30,0,0,0,7,2,2,0,0,0,1,1,83,7,1,0,0,33,4,0,3,0,15,17,0,0,0,119,0,3,0,0,0,0,0,0,0,0,14,0,0,12,15,229,0,53,0,0,0,0,0,1,0,0,0,9,0,0,5,0,0,0,0,0,2,0,0,3
Athens,Greene,62,0,2,0,0,0,0,0,1,138,1,21,27,0,1,1,0,2,"2,127",0,5,3,11,0,3,0,0,1,51,0,4,0,2,7,1,1,2,5,3,27,1,0,2,2,1,41,0,0,1,0,7,0,0,1,41,1,1,15,0,0,0,0,0,33,0,0,1,0,0,0,0,0,0,1,4,22,2,0,0,0,1,22,0,3,0,6,3,1,2,2,4,3,4,1,0,0,0,0,0,0,0,14,1,0,28,0,25,0,164,0,0,0,0,0,0,0,0,0,0,0,0,2,0,0,0,0,0,1,0,0,5
New Utrecht,Kings,13,0,1,0,0,0,0,1,1,9,0,0,7,5,0,0,0,0,6,0,0,0,"1,417",0,0,0,0,0,212,2,3,0,0,7,0,0,3,2,31,6,20,0,0,6,0,0,0,0,0,15,1,0,0,4,0,1,0,27,0,0,0,3,0,20,1,4,3,4,0,1,0,6,2,7,19,39,0,1,0,3,6,77,3,12,0,32,6,5,3,8,10,16,0,1,2,0,0,0,0,1,0,14,2,0,138,11,229,1,839,2,1,0,0,2,2,0,0,0,0,0,0,35,0,1,4,4,0,1,7,2,4
Leicester,Livingston,6,24,3,6,13,2,0,3,0,4,0,3,13,7,1,0,0,15,1,2,3,0,0,0,807,1,26,15,5,2,9,5,28,8,2,1,2,0,0,7,0,1,1,7,13,9,0,7,18,1,0,1,1,2,0,16,4,1,103,5,0,0,0,57,0,0,0,1,2,0,0,0,0,5,1,30,6,0,0,0,77,5,0,9,0,24,4,0,0,0,50,0,1,0,0,0,0,0,0,0,0,14,0,0,40,1,25,5,100,0,0,0,0,0,0,0,0,0,0,0,0,23,0,0,0,0,0,0,0,0,17
West Bloomfield,Ontario,5,3,1,1,4,0,1,4,0,6,5,3,12,8,0,0,0,11,5,1,5,5,0,0,87,5,119,0,2,2,10,6,767,7,0,0,8,3,0,11,0,0,4,5,1,2,0,3,6,0,1,0,1,0,1,4,5,0,5,7,0,0,0,57,0,0,0,0,3,0,0,0,0,1,0,45,11,1,0,0,6,9,1,3,0,8,6,0,0,0,31,1,1,0,0,0,0,0,0,0,0,14,0,0,64,0,10,10,139,0,0,0,0,0,1,0,0,0,0,0,0,4,0,0,0,0,0,0,0,0,2
Greenfield,Saratoga,29,2,2,0,0,0,0,2,7,9,2,0,30,5,3,1,28,6,10,3,8,4,5,0,2,1,8,12,30,0,19,1,0,2,0,4,8,1,1,54,0,0,5,"1,887",13,26,0,0,2,5,0,0,0,0,55,53,2,6,1,1,0,0,0,30,0,0,0,4,0,1,0,0,0,2,2,40,4,0,0,0,7,6,0,2,0,9,24,0,1,0,70,0,3,0,0,0,0,0,0,0,0,14,0,0,29,5,13,0,216,0,0,0,0,0,0,1,0,0,0,0,0,5,0,0,0,0,0,3,0,0,45
Romulus,Seneca,2,0,4,1,35,1,8,3,0,0,1,1,13,1,0,0,0,0,2,0,1,4,0,0,7,0,4,1,2,2,2,2,16,41,0,0,3,2,0,2,0,4,0,3,0,12,1,"1,298",23,0,0,2,39,2,0,4,3,1,0,14,0,0,0,16,0,0,0,3,1,0,0,0,0,0,0,4,11,0,0,0,1,96,0,2,0,30,0,0,0,0,2,3,4,0,0,0,0,0,0,0,0,14,0,0,18,3,1,0,193,0,0,0,0,0,0,0,0,0,0,0,0,4,0,0,0,0,0,0,0,0,3
Avoca,Steuben,8,12,2,0,3,2,7,17,0,4,6,2,11,0,1,0,13,6,6,0,30,1,1,2,34,5,18,260,8,0,8,8,25,6,1,0,15,2,2,2,0,0,1,14,3,2,2,5,982,0,0,0,7,1,0,21,4,1,8,12,0,0,0,16,0,0,0,2,0,0,0,1,0,1,1,11,8,2,0,0,1,10,0,3,0,27,5,0,0,0,16,2,2,0,0,0,0,0,0,0,0,14,0,0,20,4,17,0,42,0,0,0,0,0,0,0,0,0,4,0,0,5,0,0,0,0,0,0,0,0,2
Caldwell,Warren,5,0,0,0,1,0,0,0,0,8,0,2,2,0,4,1,0,0,3,1,0,0,1,0,0,0,1,0,14,0,1,0,1,1,2,0,1,0,0,18,0,0,1,28,0,3,0,0,0,0,0,0,0,0,652,93,4,0,0,0,0,0,0,9,0,0,0,0,0,0,0,0,0,0,0,18,1,0,0,0,10,1,0,1,0,2,1,0,0,0,40,0,0,0,0,0,0,0,0,0,0,14,0,0,2,0,0,0,25,0,0,0,0,0,1,0,0,0,0,0,0,2,0,0,0,2,0,0,0,0,2
Persia,Cattaraugus,0,7,5,553,9,55,0,1,3,1,2,0,2,151,0,0,4,15,0,0,5,1,1,0,4,19,3,2,4,10,11,12,2,1,6,1,13,0,0,2,0,0,1,3,0,4,0,2,10,0,0,2,2,0,5,12,1,1,12,0,0,0,0,18,0,0,0,5,0,4,0,0,0,0,0,18,8,0,0,0,7,2,0,3,0,38,2,0,0,0,52,1,3,0,0,0,0,0,0,0,0,13,1,1,11,3,75,0,26,0,0,1,0,0,0,0,0,0,0,0,0,2,0,0,0,0,0,0,0,0,37
New Hudson,Allegany,3,633,2,54,13,2,0,21,0,3,14,9,0,8,1,3,2,2,0,0,3,0,2,0,14,18,8,0,3,5,6,8,8,11,1,0,23,0,0,1,0,0,0,3,2,2,0,7,19,0,0,3,44,1,2,16,0,9,9,6,0,0,0,15,0,0,0,3,0,0,0,0,0,3,0,22,2,1,0,0,14,12,0,1,0,23,4,0,0,0,33,0,1,0,0,0,0,0,0,0,0,13,0,0,14,0,1,0,44,0,0,0,0,0,0,0,0,0,0,0,0,0,0,0,0,0,0,0,0,0,8
Genoa,Cayuga,8,8,2,1,"1,299",2,23,2,0,4,18,5,24,1,1,0,11,1,7,0,5,4,2,0,2,5,5,5,6,0,15,23,1,20,0,0,7,0,6,15,0,1,1,5,0,0,4,19,14,1,0,7,273,10,0,10,5,16,0,3,0,0,0,57,0,0,0,5,0,0,0,0,2,3,0,44,8,0,0,0,5,41,0,8,0,81,5,0,0,0,16,0,2,0,0,0,0,0,0,0,0,13,0,0,64,0,0,0,108,0,0,0,0,0,0,0,0,0,0,0,0,2,0,0,0,0,0,0,0,0,2
Mentz,Cayuga,16,6,0,4,"1,264",3,3,8,0,6,5,1,41,3,2,1,7,1,15,1,17,1,5,3,7,16,9,27,17,2,20,63,9,31,0,17,6,2,0,26,0,2,3,33,14,2,5,21,4,1,0,1,12,54,1,39,68,5,0,4,0,0,3,35,0,0,0,1,5,0,0,0,1,1,0,20,17,0,0,0,3,30,0,6,0,18,1,0,0,4,27,6,0,0,0,0,0,0,0,0,0,13,0,0,44,0,26,0,146,0,0,0,0,0,0,1,0,0,0,0,0,7,0,2,0,0,0,2,0,0,16
Owasco,Cayuga,3,0,0,0,762,1,0,1,0,2,7,1,6,4,6,0,0,0,1,0,5,3,1,2,6,4,0,8,5,0,15,62,6,12,2,1,2,1,2,8,0,0,0,6,2,5,0,3,1,2,3,0,7,25,1,3,12,2,1,4,2,0,1,13,0,0,0,7,0,1,0,0,0,1,0,10,5,0,0,0,3,21,0,3,0,8,2,0,0,0,3,0,0,0,0,0,0,0,0,0,0,13,0,0,71,0,3,3,84,0,0,0,0,0,1,0,0,0,0,0,0,9,4,0,0,0,0,0,0,0,0
Homer,Cortland,28,5,19,3,95,7,2,56,1,15,"1,998",19,18,3,2,0,6,5,14,0,48,6,6,5,1,53,10,12,23,4,38,163,0,16,4,5,80,0,2,31,0,1,1,8,2,11,0,6,8,0,6,5,68,15,0,44,9,8,2,5,0,0,3,150,0,0,1,10,0,3,0,3,0,1,0,141,8,1,0,2,25,9,0,18,0,29,28,0,0,0,39,0,5,0,1,0,8,0,0,0,0,13,0,0,102,1,17,0,170,0,0,0,0,0,0,4,0,0,1,0,0,15,1,0,0,4,0,0,0,2,34
Byron,Genesee,7,4,0,11,18,0,2,1,1,10,0,5,4,15,0,1,0,790,1,0,2,6,0,13,15,43,57,3,2,7,52,2,9,0,20,0,16,0,0,8,0,1,2,5,0,5,0,4,4,0,0,0,3,1,0,2,2,0,16,0,0,0,0,46,0,0,0,1,0,0,0,0,0,7,1,53,10,0,0,0,6,8,0,3,0,7,8,0,0,0,25,0,3,0,0,0,0,0,0,0,1,13,0,0,92,0,75,0,68,0,0,0,0,0,0,0,0,0,0,0,0,11,0,0,0,30,0,7,0,0,0
Russia,Herkimer,2,0,0,0,3,0,1,0,0,6,1,3,17,1,0,0,13,0,0,3,"1,167",16,1,9,0,7,0,24,9,0,243,9,0,0,1,6,13,0,0,45,0,0,12,13,18,11,0,0,0,4,0,0,0,1,0,9,0,2,0,0,0,0,0,40,0,0,0,1,0,0,0,2,0,2,0,30,0,0,0,0,3,3,0,4,0,10,16,0,0,0,12,0,2,0,0,0,0,0,0,0,0,13,0,0,54,6,79,0,23,0,0,0,0,0,1,0,0,0,0,0,0,17,0,0,0,0,0,37,0,1,1
High Market,Lewis,13,0,0,0,0,0,1,0,0,3,0,2,0,1,1,7,0,0,0,0,6,2,9,651,0,1,1,1,1,0,33,3,0,0,0,1,0,0,2,1,0,0,0,0,0,0,0,0,0,0,0,0,0,0,0,0,0,0,0,0,0,0,0,2,0,0,0,0,1,0,0,0,0,0,0,4,0,0,0,0,0,0,0,0,0,3,1,0,2,0,1,0,0,0,0,0,0,0,0,0,0,13,0,0,4,27,36,0,252,0,0,0,0,0,0,0,0,0,0,0,0,0,0,0,0,19,0,24,0,0,7
New Bremen,Lewis,1,0,0,0,1,0,0,1,0,0,4,4,4,0,2,1,6,0,16,0,27,54,0,"1,017",0,12,3,31,4,0,55,5,0,0,0,9,3,0,1,4,0,0,8,12,1,3,0,0,0,0,0,0,1,2,1,2,0,0,0,0,0,0,0,4,0,0,0,0,3,0,0,0,0,0,0,16,0,0,0,0,7,1,0,3,0,4,3,0,0,0,5,0,2,0,0,0,0,0,0,0,0,13,0,0,2,368,150,0,26,0,0,0,0,0,0,0,0,0,10,0,0,0,0,0,0,47,0,5,0,0,1
La Fayette,Onondaga,10,3,1,1,13,3,1,5,0,8,32,2,23,1,0,0,0,1,7,2,6,4,1,0,0,28,1,9,8,0,25,"1,651",1,17,0,23,11,0,0,3,2,2,3,36,1,8,0,1,4,0,1,3,3,8,0,7,2,5,0,1,0,0,0,40,0,0,0,4,0,0,0,0,0,2,0,76,6,0,0,0,2,2,0,1,0,7,4,0,0,0,26,0,0,0,0,0,0,0,0,0,0,13,0,0,36,0,20,0,153,0,0,0,0,0,0,0,0,0,0,0,0,1,0,0,0,0,0,1,0,0,15
Junius,Seneca,22,4,0,3,12,1,0,1,0,10,1,0,22,8,0,0,0,0,3,0,0,5,1,1,0,6,8,6,3,1,7,15,82,10,0,5,6,3,0,12,0,15,0,27,0,4,0,718,1,1,0,2,1,4,0,22,126,13,1,5,0,0,0,11,0,0,0,0,1,0,0,0,0,1,2,9,9,0,0,0,0,21,0,4,0,8,3,0,0,0,8,0,0,0,0,0,0,0,0,0,0,13,0,0,83,0,11,0,41,0,0,0,0,0,0,0,0,0,0,0,0,0,0,0,0,0,0,0,0,0,19
Butler,Wayne,26,1,0,1,206,0,3,3,0,34,2,0,28,3,1,0,0,0,10,0,13,28,2,3,1,19,3,22,14,1,14,82,15,8,0,16,15,2,0,45,0,0,3,62,2,6,0,12,5,12,0,1,6,0,1,26,"1,084",5,1,1,0,0,0,42,0,0,0,4,0,2,0,0,0,0,1,23,10,0,0,0,2,10,0,5,0,9,8,0,0,0,17,3,6,0,0,0,0,0,0,0,0,12,0,0,21,0,2,0,44,0,0,9,0,0,0,0,0,0,0,0,0,1,0,0,0,0,0,1,0,0,12
Ramapo,Rockland,7,0,4,0,0,2,1,0,0,1,0,1,27,0,0,0,1,0,2,0,2,0,33,0,0,1,0,8,321,0,7,0,4,260,0,0,4,5,2,9,0,"2,554",0,3,0,0,0,1,0,12,8,1,0,17,0,0,0,41,0,0,0,0,0,28,0,0,0,4,0,0,0,0,1,3,5,20,3,0,0,0,1,426,1,2,0,28,0,0,2,0,3,6,2,0,0,0,0,0,0,0,0,12,2,1,53,7,101,2,245,1,0,2,1,0,3,0,0,0,2,0,0,11,0,0,4,1,0,3,0,0,2
Darien,Genesee,7,8,1,15,13,12,0,5,4,11,3,0,11,153,0,0,1,944,0,0,16,4,1,1,12,13,26,12,7,6,24,14,2,3,23,3,5,0,0,14,0,0,4,10,2,21,0,1,5,0,0,4,14,1,0,13,0,0,114,4,0,0,0,58,0,0,2,7,1,0,0,1,0,1,1,48,9,1,0,0,30,7,0,11,0,27,7,0,0,0,69,1,5,0,0,0,0,0,0,0,0,12,0,0,60,6,119,0,89,0,0,2,0,0,0,0,0,0,3,0,0,5,0,0,1,6,0,1,0,0,11
Brookhaven,Suffolk,13,0,0,0,1,0,0,0,1,12,1,14,11,1,0,0,1,1,10,0,1,1,130,1,6,3,0,0,487,0,3,4,1,32,1,0,93,8,135,8,13,3,1,3,1,1,2,0,2,"7,891",10,0,3,10,0,4,4,40,0,0,0,0,0,128,0,1,0,2,2,2,0,2,0,9,7,41,4,0,0,0,10,80,20,3,0,25,18,3,1,0,8,19,2,0,0,0,0,0,0,0,0,12,2,0,187,8,123,1,234,4,0,2,0,2,2,0,0,0,5,0,0,22,0,0,0,1,0,4,5,0,279
West Chester,Westchester,11,0,0,0,0,0,0,3,0,6,0,7,16,3,0,1,0,0,2,0,0,0,34,3,0,1,2,2,493,1,2,4,1,8,0,0,0,0,24,5,4,4,1,3,3,1,0,5,0,2,2,0,0,2,0,1,1,"1,675",0,0,3,0,5,54,0,2,3,0,2,1,0,1,3,9,4,25,6,0,0,1,10,56,3,6,0,31,10,5,2,1,7,5,3,0,2,0,0,0,0,1,1,12,1,0,187,14,142,2,843,0,0,1,0,0,10,1,0,0,7,0,0,53,6,1,0,5,0,5,13,0,28
Ellicottsville,Cattaraugus,2,16,2,954,6,14,2,18,0,0,3,5,1,82,1,0,0,17,3,0,17,6,0,0,3,2,8,21,14,12,20,7,7,0,1,2,19,0,0,4,0,1,5,5,1,5,0,4,7,0,1,1,3,4,0,4,4,0,18,0,0,0,0,14,6,0,0,6,0,0,0,0,0,1,1,53,2,0,0,0,6,2,0,6,0,17,7,0,0,0,31,1,3,0,0,0,0,0,0,0,0,12,0,0,10,2,52,0,281,0,0,0,0,0,1,0,0,0,0,0,0,7,0,0,0,0,0,0,0,0,9
Farmersville,Cattaraugus,2,89,1,597,6,0,1,7,0,4,7,0,0,11,2,0,0,16,4,0,15,2,0,4,6,9,12,4,1,4,12,3,5,2,1,0,49,0,0,3,0,0,1,11,0,0,0,4,3,0,0,0,10,0,0,16,3,0,36,1,0,0,0,31,0,0,0,1,0,0,0,0,0,2,0,21,4,0,0,0,7,1,0,4,0,15,6,0,0,0,36,0,0,0,0,0,0,0,0,0,0,12,0,0,8,0,0,0,20,0,0,0,0,0,0,0,0,0,0,0,0,8,0,0,0,0,0,34,0,0,23
Ledyard,Cayuga,14,1,12,1,"1,081",2,4,2,0,1,21,7,45,3,0,0,1,3,4,0,5,1,2,1,9,9,2,9,27,1,5,15,1,7,3,15,9,1,8,5,0,0,0,9,1,3,4,30,2,0,4,9,42,3,2,16,2,11,0,4,0,0,0,24,0,0,0,1,0,0,0,3,1,0,6,83,8,0,0,1,5,61,2,11,0,49,11,0,0,0,19,8,1,0,0,0,0,0,0,0,0,12,0,0,94,1,2,0,175,1,0,0,0,0,0,0,0,0,0,0,0,2,0,1,0,0,0,0,0,0,3
Truxton,Cortland,4,3,0,0,16,0,0,39,0,6,919,4,1,2,1,0,0,0,1,0,12,1,1,0,0,32,2,7,14,0,16,107,0,1,0,1,7,0,0,2,0,0,0,5,10,5,1,1,1,0,1,1,9,0,0,11,3,2,1,0,0,0,0,20,0,0,0,2,0,0,0,1,0,3,0,57,0,0,0,0,7,5,1,5,0,6,6,0,0,0,23,2,2,0,0,0,0,0,0,0,0,12,0,0,78,0,5,0,156,0,0,0,0,0,7,0,0,0,5,0,0,16,0,0,0,0,0,7,1,1,11
Wales,Erie,2,7,2,11,10,5,0,3,0,4,3,2,3,709,1,0,1,13,7,0,14,3,0,5,2,2,2,10,9,4,20,14,3,2,4,1,6,1,0,7,0,0,1,15,0,0,2,1,8,2,0,0,7,25,4,3,0,2,83,1,0,0,0,12,0,0,0,3,2,0,0,0,0,3,0,18,5,0,0,1,9,0,0,5,0,4,8,0,0,0,31,0,5,0,0,0,0,0,0,0,0,12,0,0,54,13,85,0,17,0,0,0,0,0,0,0,0,0,3,0,0,1,0,0,0,2,0,7,1,0,4
Keene,Essex,4,0,0,0,0,1,0,0,28,0,0,0,1,0,520,4,0,1,0,1,0,0,0,0,0,0,0,0,0,0,1,1,0,0,0,0,0,0,0,1,0,0,7,2,0,0,0,0,0,0,0,0,0,0,1,3,0,8,0,0,0,0,0,2,0,0,0,0,0,0,0,0,0,2,0,8,0,0,0,0,28,0,0,0,0,0,1,0,0,0,51,0,3,0,0,0,0,0,0,0,0,12,0,0,4,0,1,0,71,0,0,0,0,0,0,0,0,0,0,0,0,1,0,0,0,0,0,0,0,0,2
Lebanon,Madison,5,0,4,4,4,0,0,140,0,14,10,4,7,4,0,0,0,0,3,1,4,1,0,1,1,929,0,31,2,1,31,8,1,0,0,5,17,0,0,13,0,0,4,6,0,4,0,0,0,0,0,0,1,1,0,6,2,0,0,0,0,0,0,49,0,0,0,2,0,0,0,0,0,0,2,45,2,0,0,0,6,0,0,2,0,4,21,0,0,0,13,2,2,0,0,0,0,0,0,0,0,12,0,0,11,2,2,0,80,0,0,0,0,0,0,0,0,0,0,0,0,4,0,0,0,0,0,16,0,0,11
Western,Oneida,6,0,2,0,2,0,1,11,1,3,7,0,11,0,0,1,3,0,3,0,32,19,0,32,1,14,1,50,6,0,"1,654",4,1,0,0,7,11,0,0,13,0,0,4,36,7,4,0,0,0,0,0,0,0,0,0,4,2,7,0,0,0,0,0,31,0,0,0,2,0,0,0,1,0,0,0,27,2,0,0,0,4,2,0,0,0,8,2,0,0,0,11,3,2,0,0,0,0,0,0,0,0,12,0,0,32,13,61,0,48,0,0,0,0,0,0,0,0,0,2,0,0,2,0,0,0,15,0,95,0,0,17
Monroe,Orange,2,1,3,0,6,0,3,1,0,3,2,1,34,0,0,0,0,0,2,0,0,0,9,1,0,1,1,0,147,0,1,0,1,"3,476",0,0,1,10,8,0,0,113,1,1,1,0,0,1,3,1,12,0,1,25,0,3,3,23,0,0,1,0,0,20,0,0,0,0,0,0,0,0,1,1,1,12,1,0,0,1,5,147,1,2,0,24,0,0,0,0,3,0,1,0,0,0,0,0,0,0,0,12,1,0,52,2,23,0,451,1,0,0,0,0,0,0,0,0,1,0,0,16,0,0,0,0,0,0,0,0,50
Wawarsing,Ulster,9,2,2,2,2,0,2,0,0,12,2,34,146,5,0,0,4,1,93,2,0,4,13,1,1,0,1,5,119,4,5,1,2,205,1,1,6,32,1,10,0,6,10,8,0,4,0,2,1,2,543,1,3,"5,476",1,2,0,56,0,0,0,0,0,101,0,0,0,5,0,0,0,0,1,5,5,38,3,0,4,0,15,66,0,5,0,84,4,0,0,0,9,1,0,0,0,0,0,0,0,0,0,12,1,0,137,27,516,56,350,0,0,0,0,0,1,0,0,0,7,1,0,14,0,0,0,5,0,3,0,1,13
Bolton,Warren,2,0,0,0,0,1,0,0,2,1,0,1,1,0,17,0,0,0,0,0,2,1,0,0,0,0,0,0,6,0,1,0,1,0,0,0,0,0,0,3,0,0,0,25,0,0,0,0,2,0,0,0,0,0,885,103,0,0,0,1,0,0,0,8,0,0,0,1,0,0,0,0,0,0,0,22,1,0,0,0,8,0,0,2,0,1,8,0,0,0,75,0,0,0,0,0,0,0,0,0,0,12,0,0,5,1,0,0,12,0,0,0,0,0,0,0,0,0,0,0,0,0,0,0,0,0,0,0,0,0,10
Luzerne,Warren,11,0,0,0,0,0,0,1,3,4,0,2,3,2,10,0,1,1,1,2,2,0,0,0,0,0,0,1,1,0,1,0,0,0,0,0,0,0,0,11,0,0,1,95,0,4,0,0,0,0,0,0,0,0,733,60,0,0,0,0,0,0,0,9,0,0,0,0,0,0,0,0,0,0,0,9,1,0,0,0,11,0,0,0,0,0,0,0,0,0,56,0,2,0,0,0,0,0,0,0,0,12,0,0,32,0,0,0,46,0,0,0,0,0,0,0,0,0,0,0,0,0,0,0,0,0,0,0,0,0,8
Hampton,Washington,3,0,0,0,0,0,0,0,2,1,0,0,1,0,21,2,0,0,0,0,0,1,0,0,1,0,0,1,2,0,0,2,0,0,0,0,0,0,0,6,0,0,2,6,0,0,0,0,0,0,0,0,0,0,2,482,0,1,1,0,0,0,0,6,0,0,0,6,0,0,0,0,0,1,0,13,1,0,0,0,3,0,0,0,0,0,1,0,0,0,211,1,0,0,0,0,0,0,0,0,0,12,0,0,3,0,3,0,174,0,0,0,0,0,0,0,0,0,0,0,0,1,0,0,0,0,0,8,0,0,4
Eastchester,Westchester,11,0,3,0,3,1,0,1,0,5,0,1,21,2,0,0,0,2,6,0,1,0,89,0,0,0,6,0,"1,098",4,2,2,7,34,2,0,2,5,20,6,10,5,0,3,1,6,0,1,1,6,4,0,1,11,1,4,1,"1,901",0,1,1,0,0,100,0,2,3,9,1,0,1,1,11,4,6,52,2,0,0,2,8,95,2,9,0,24,3,10,3,0,14,14,5,1,0,0,0,0,0,0,0,12,0,0,193,48,601,4,986,3,0,0,0,0,2,0,1,0,3,0,0,47,0,2,4,8,0,1,14,0,12
White Creek,Washington,14,0,1,7,1,0,0,0,4,2,2,1,9,1,1,5,4,2,4,0,2,1,3,1,1,0,0,1,11,0,4,3,0,1,1,2,4,2,0,237,0,0,1,27,1,5,0,2,0,0,0,1,1,1,10,"1,592",5,2,0,0,2,0,0,15,0,0,0,3,0,0,0,0,0,3,1,71,1,0,0,0,22,6,0,4,0,4,4,0,0,0,255,2,1,1,0,0,0,0,0,0,0,11,0,0,7,0,1,0,276,0,0,3,0,0,1,0,0,0,0,0,0,0,0,1,0,0,0,0,1,0,11
Huntington,Suffolk,1,1,1,0,1,0,0,0,0,7,1,3,20,0,2,0,0,0,19,0,3,2,241,2,0,6,2,2,412,1,3,1,4,15,0,1,1,1,335,3,4,3,0,0,0,2,0,0,1,"5,449",0,2,2,6,0,5,1,49,0,0,1,0,2,100,0,4,1,7,0,0,0,5,0,17,6,38,2,1,0,0,10,93,18,5,0,28,4,2,1,0,10,13,1,0,1,0,0,0,1,2,0,11,2,0,161,8,129,4,432,0,0,2,0,0,7,1,0,0,10,1,0,23,0,0,0,2,0,2,2,0,25
Coldspring,Cattaraugus,3,11,3,345,6,6,0,4,1,0,2,3,5,18,0,0,1,17,2,1,3,2,0,1,2,3,9,4,13,0,8,12,15,0,2,1,9,0,0,1,0,0,0,4,0,5,1,0,1,0,1,1,1,2,4,6,2,0,5,0,0,0,0,12,0,0,0,0,0,0,0,0,1,1,0,9,1,0,0,0,9,1,0,10,0,23,1,0,0,0,11,0,1,0,0,0,0,0,0,0,0,11,0,0,9,0,0,0,20,0,0,0,0,0,0,0,0,0,0,0,0,0,0,0,0,0,0,0,0,0,0
East Otto,Cattaraugus,0,2,0,604,3,12,1,1,2,1,2,0,0,70,2,0,0,8,0,0,32,5,1,0,0,12,1,5,0,12,23,5,1,0,1,3,21,0,0,7,0,0,0,1,0,5,0,1,1,0,0,0,1,0,0,35,5,0,17,0,0,0,0,13,0,0,0,3,0,0,0,0,0,3,0,62,0,0,0,0,3,2,0,4,0,13,8,0,0,0,71,2,0,0,0,0,0,0,0,0,6,11,0,0,7,0,38,2,0,0,0,0,0,0,0,0,0,0,0,0,0,0,0,0,0,0,0,0,0,1,0
Charlotte,Chautauqua,3,5,1,15,1,922,1,12,0,3,2,4,6,9,1,0,1,28,5,0,15,5,0,4,4,18,11,9,11,8,20,14,8,5,1,0,26,0,3,9,0,0,3,8,0,1,0,0,4,4,0,1,12,1,0,16,10,1,6,1,0,0,0,52,0,0,0,1,0,0,0,1,0,3,1,64,4,0,0,0,22,7,0,12,0,28,6,0,0,0,45,1,2,0,0,0,0,0,0,0,2,11,2,0,42,23,29,0,35,0,0,0,0,0,0,0,0,0,0,0,0,8,0,0,1,0,0,1,1,0,2
Florida,Montgomery,55,0,0,0,1,1,0,0,0,7,1,2,6,3,1,0,47,0,2,1,19,1,8,0,4,2,3,"1,952",22,3,11,5,1,7,1,5,3,0,0,13,1,0,1,28,194,36,0,0,0,0,0,1,0,0,2,4,1,1,0,0,0,0,0,10,0,0,0,2,0,0,0,0,0,0,1,11,0,0,0,0,2,14,0,2,2,6,3,0,0,0,13,0,2,0,0,0,0,0,0,0,0,11,0,0,30,1,91,4,168,0,0,0,0,2,0,0,0,0,11,0,0,17,0,0,0,2,0,0,0,0,24
Trenton,Oneida,8,0,0,1,0,2,0,7,0,2,4,1,6,1,0,2,3,1,3,0,217,24,4,22,3,13,3,7,16,1,"1,920",9,1,1,1,9,15,0,0,22,0,0,4,3,8,10,0,0,2,0,0,0,0,0,0,8,2,2,0,1,0,0,0,82,0,0,0,4,1,0,0,0,0,7,0,56,1,3,0,0,5,8,0,6,0,8,2,0,0,2,20,1,2,0,0,0,0,0,0,0,0,11,0,0,58,3,78,0,155,0,0,0,0,0,0,0,0,0,0,0,0,5,0,0,0,2,0,296,0,0,14
Fabius,Onondaga,6,7,18,3,3,1,1,34,0,11,168,2,10,5,1,0,0,1,1,0,21,7,0,0,0,108,4,14,3,1,16,"1,238",6,4,2,19,15,0,0,19,0,0,2,11,4,5,0,2,1,0,0,2,4,1,0,9,7,1,2,0,0,0,0,59,0,0,0,3,3,1,0,1,0,1,0,52,9,2,0,0,3,3,0,3,0,11,10,0,0,0,29,1,5,0,0,0,0,0,0,0,0,11,0,0,11,0,5,0,156,0,0,0,0,0,0,0,0,0,0,0,0,0,0,0,0,0,0,0,0,0,21
Bristol,Ontario,4,7,1,4,14,2,1,3,0,9,2,0,9,1,0,0,0,0,1,0,2,8,0,1,18,5,15,9,1,3,4,6,"1,144",12,0,1,4,0,0,2,0,1,1,18,2,3,1,4,10,0,0,1,1,0,2,1,5,0,3,8,0,0,0,36,0,0,0,1,1,0,0,1,0,0,2,55,22,0,0,0,3,10,0,4,0,7,5,0,0,0,13,0,2,0,0,0,0,0,0,0,0,11,0,0,23,0,3,0,78,0,0,0,0,0,0,0,0,0,0,0,0,1,0,0,0,0,0,0,0,1,5
Canadice,Ontario,0,5,1,2,10,0,0,1,0,0,1,0,3,0,0,0,1,2,0,0,3,2,0,3,64,0,0,2,0,0,1,7,552,5,0,0,3,1,0,0,0,0,1,3,0,1,3,1,13,0,2,2,3,0,0,3,0,0,0,38,0,0,0,20,0,0,0,1,0,0,0,0,0,0,0,6,4,0,0,0,5,47,0,2,0,2,2,0,0,0,10,0,0,0,0,0,0,0,0,0,0,11,0,0,6,0,2,0,17,0,0,0,0,0,0,0,0,0,0,0,0,1,0,0,0,0,0,0,0,0,14
Cameron,Steuben,7,11,14,0,10,0,10,23,0,5,3,13,9,0,1,0,0,2,1,0,9,1,0,0,5,9,2,22,4,0,4,6,11,11,2,0,34,3,2,0,0,0,1,2,11,0,1,18,866,0,0,8,25,2,1,3,0,1,2,51,0,0,0,18,1,0,0,2,1,0,0,0,0,0,0,10,5,0,0,0,17,24,0,3,0,39,4,0,0,0,17,1,1,0,1,0,0,0,0,0,0,11,0,0,14,1,0,0,36,0,0,0,0,0,0,0,0,0,0,0,0,0,0,0,0,0,0,0,0,0,8
Cambridge,Washington,18,0,0,1,2,0,0,1,3,1,0,0,1,3,4,3,2,0,5,1,5,2,5,1,1,0,4,2,12,2,2,3,0,0,0,3,2,0,0,178,0,0,0,33,2,7,0,1,0,0,0,0,2,1,11,"1,644",1,2,0,0,0,0,0,7,0,0,0,2,1,0,0,0,0,0,1,24,2,0,0,2,19,2,0,3,0,5,13,0,1,0,68,1,0,0,0,0,0,0,0,0,0,11,0,0,4,1,2,0,290,0,0,0,0,0,0,0,0,0,0,0,0,11,0,0,0,0,0,0,0,1,11
Middlesex,Yates,1,9,0,0,9,0,2,2,0,8,4,3,3,2,1,1,1,1,3,14,1,2,1,0,4,0,3,7,1,0,7,5,106,6,0,0,6,0,0,11,0,0,0,11,2,1,4,20,23,0,1,2,10,1,1,1,5,0,0,754,0,0,0,19,0,0,0,1,2,2,0,0,0,1,2,17,14,0,0,0,4,14,0,4,0,8,8,0,0,0,58,1,1,0,0,0,0,0,0,0,0,11,0,0,9,0,6,0,25,0,0,0,0,0,0,0,0,0,0,0,0,1,0,0,0,0,0,0,0,0,19
Java,Wyoming,5,4,0,6,12,1,0,6,0,7,0,0,1,72,0,0,0,16,2,0,12,1,2,0,7,6,12,2,23,2,6,4,4,0,0,0,11,0,0,5,0,0,0,3,3,1,0,1,3,1,0,0,2,1,0,10,0,1,"1,300",2,0,0,0,28,0,0,0,0,0,0,0,0,2,4,0,58,4,0,0,0,21,11,0,2,0,6,7,0,0,0,45,0,5,0,0,0,0,0,0,0,2,10,0,0,16,3,17,0,310,0,0,3,1,0,0,0,0,0,2,0,0,3,0,0,0,0,0,2,0,0,1
Middletown_R,Richmond,13,0,0,0,1,0,0,0,4,4,1,4,4,2,0,0,0,0,1,0,0,1,62,0,0,0,1,0,814,0,2,2,0,2,0,1,0,0,4,1,"2,708",0,0,0,1,0,0,0,0,1,0,0,0,4,0,3,0,21,0,0,0,0,0,26,0,1,1,7,0,0,0,4,10,3,32,37,2,1,0,6,1,98,1,4,0,38,4,3,5,0,7,15,2,3,0,0,0,0,0,0,2,10,4,0,263,46,"1,040",7,"1,376",10,0,2,1,3,5,4,0,0,12,6,0,38,2,0,3,10,0,4,7,0,38
Dover,Dutchess,4,0,0,1,1,1,0,5,0,35,0,0,"1,505",0,0,0,0,0,0,0,1,2,11,3,1,0,1,0,33,0,2,1,0,4,0,0,1,19,3,5,0,1,3,2,0,3,0,0,0,0,0,0,0,3,0,0,0,13,0,0,0,0,0,134,0,0,2,0,0,1,0,0,0,1,0,18,1,0,0,0,0,5,0,1,0,11,4,0,4,0,5,1,0,0,0,0,0,0,0,0,0,10,0,0,17,0,2,0,209,0,0,1,0,0,0,0,0,0,0,0,0,1,0,0,0,0,0,0,0,0,5
Sardinia,Erie,1,3,1,88,10,7,1,2,1,4,0,1,0,"1,029",1,1,0,13,1,0,28,12,1,1,4,13,7,9,2,5,21,8,5,1,0,4,10,0,0,3,0,0,3,3,0,7,0,7,0,0,0,1,6,1,0,17,0,0,101,3,1,0,0,23,0,0,0,6,0,1,0,0,0,3,1,32,6,1,0,0,15,7,0,4,0,4,47,1,0,0,88,2,2,0,0,0,0,0,0,0,0,10,0,0,10,8,53,0,16,0,0,1,0,0,1,0,0,0,6,0,0,4,0,0,1,0,0,0,0,0,24
Fairfield,Herkimer,2,0,0,0,0,2,0,2,0,1,3,0,7,0,0,0,20,0,0,0,"1,099",10,0,5,0,4,0,16,4,0,51,7,1,1,0,12,10,0,0,2,0,0,5,6,1,1,0,1,0,0,0,0,0,1,0,8,2,0,0,0,0,0,0,21,0,0,0,1,1,1,0,0,0,4,2,18,1,0,0,0,2,4,0,4,0,1,14,0,0,0,7,0,2,0,0,0,0,0,0,0,0,10,0,0,43,0,12,0,208,0,0,1,0,0,0,0,0,0,0,0,0,0,0,0,0,0,0,7,0,0,0
Cazenovia,Madison,28,9,7,1,24,5,0,80,0,16,81,2,22,3,1,0,6,9,2,0,37,8,2,3,5,"2,309",5,40,26,1,91,265,5,2,0,24,25,0,1,16,0,0,2,10,9,9,0,3,12,1,1,2,13,0,0,11,2,8,1,1,0,0,0,146,0,0,0,10,0,4,0,1,0,1,6,121,11,0,0,3,19,22,2,7,0,30,27,0,0,0,60,0,12,1,0,0,1,0,0,0,0,10,0,0,53,2,6,0,303,0,0,1,0,0,0,0,0,0,2,0,0,2,0,0,0,0,0,20,1,2,25
China,Wyoming,15,20,2,85,10,17,2,4,0,5,6,6,2,87,0,0,0,13,3,0,21,1,2,2,15,17,28,5,8,1,15,21,9,1,3,0,14,0,0,11,0,0,1,3,0,8,0,5,5,0,0,2,6,6,4,4,0,0,878,0,0,0,0,22,0,0,0,6,2,0,0,1,2,7,2,42,3,0,0,1,13,3,0,2,0,24,9,0,0,0,95,0,2,0,0,0,0,0,0,0,0,10,0,0,13,1,8,0,226,0,0,1,0,0,1,0,0,0,0,0,0,3,0,0,0,0,0,20,0,0,11
Rye,Westchester,10,0,2,0,2,0,0,4,2,4,5,1,13,1,1,0,0,1,1,0,0,1,58,1,0,1,0,0,583,0,2,0,1,12,0,0,1,15,24,12,9,2,2,4,0,0,0,0,0,8,2,0,0,6,2,2,1,"2,058",0,0,1,0,1,424,0,0,1,3,1,0,0,1,0,9,12,87,2,0,0,1,8,61,1,7,0,34,3,6,0,0,16,4,1,1,0,0,0,0,0,0,0,10,3,0,75,6,147,1,827,2,0,0,2,0,2,0,0,0,1,0,0,23,0,0,0,5,0,3,3,1,15
Flatbush,Kings,6,0,0,0,2,1,0,0,1,1,0,0,12,0,1,0,0,1,0,0,1,2,"1,376",0,0,1,0,0,215,0,0,0,0,13,0,0,1,0,47,2,6,1,0,5,1,2,0,5,0,17,1,0,0,2,2,7,0,7,0,0,0,0,0,19,1,0,2,0,0,0,0,1,0,1,6,12,2,0,0,0,1,52,0,6,0,10,0,3,0,0,6,8,2,0,2,0,0,0,0,0,0,10,0,2,188,21,102,1,528,0,0,0,1,0,2,0,0,0,0,0,0,26,0,4,0,7,0,3,6,0,4
Allen,Allegany,2,460,0,1,11,1,1,4,0,2,8,0,7,0,0,0,0,3,0,0,0,3,0,2,38,6,6,0,1,1,19,4,7,4,2,0,7,0,0,3,0,0,1,2,0,0,0,3,26,0,6,1,10,0,3,1,1,0,13,3,0,0,0,18,0,0,0,3,0,0,0,0,0,0,0,33,1,0,0,0,5,19,0,0,0,12,1,0,0,0,18,0,2,0,0,0,0,0,0,0,0,10,0,0,26,1,33,0,8,0,0,0,0,0,0,0,0,0,0,0,0,7,0,0,0,0,0,0,0,0,0
Ashford,Cattaraugus,7,1,1,952,2,2,1,3,0,3,2,1,5,143,3,4,1,14,4,0,85,3,0,0,4,4,4,55,3,7,9,7,5,2,0,12,11,0,0,7,0,0,0,4,7,5,0,0,4,0,0,1,1,0,0,3,1,0,18,2,0,0,0,16,0,0,0,3,1,0,0,0,0,0,0,46,6,0,0,0,9,1,0,1,1,3,3,0,0,0,68,1,1,0,0,0,0,0,0,0,0,10,0,0,1,6,209,0,14,0,0,0,0,1,0,0,0,0,0,0,0,4,0,0,0,0,0,0,0,0,15
Conewango,Cattaraugus,3,2,1,630,7,7,0,6,1,1,6,1,3,11,0,0,0,34,4,0,8,11,0,0,6,21,11,14,1,0,15,5,19,1,1,0,18,0,0,7,0,0,3,2,0,0,0,2,0,0,0,1,1,0,0,6,0,0,3,2,0,0,0,26,0,0,0,1,0,1,0,0,0,1,0,36,6,0,0,0,11,4,1,4,0,26,19,0,0,0,46,0,1,0,0,0,0,0,0,0,0,10,1,0,10,0,23,0,28,0,0,0,0,0,0,0,0,0,0,0,0,0,0,0,0,0,0,0,0,0,2
Machias,Cattaraugus,1,29,1,537,19,2,0,5,0,3,3,2,6,52,3,0,0,49,1,0,8,4,1,0,16,6,2,9,3,0,12,2,6,1,2,0,16,0,0,2,0,0,2,4,0,1,3,5,4,1,1,0,5,2,2,12,8,0,54,3,0,0,0,16,0,0,0,0,3,4,0,0,0,0,0,33,1,2,0,1,15,1,0,3,0,7,2,0,0,0,37,0,1,0,0,0,0,0,0,0,0,10,0,0,2,0,15,2,21,0,0,0,0,0,4,0,0,0,0,0,0,8,0,0,0,0,0,15,0,0,77
Ellington,Chautauqua,4,3,1,76,26,880,4,12,1,1,12,2,2,16,2,0,1,41,1,0,20,5,2,13,12,35,4,20,1,2,29,11,2,0,1,4,25,1,0,33,0,2,4,12,1,2,0,3,4,0,0,4,19,0,1,8,4,0,9,1,0,0,0,28,0,0,0,2,0,2,0,1,0,2,0,72,9,0,0,0,13,3,0,14,0,65,11,0,0,0,69,2,4,0,0,0,0,0,0,0,0,10,2,0,7,3,12,0,0,0,0,0,0,0,0,0,0,0,1,0,0,1,0,0,2,0,0,0,0,0,6
Boston,Erie,1,6,0,20,2,2,0,0,3,6,0,0,4,"1,113",0,0,0,7,0,0,2,0,0,0,0,2,1,7,7,1,1,2,2,0,0,0,6,0,0,4,0,3,2,8,1,2,0,1,1,0,0,0,0,0,0,7,0,0,6,1,0,0,0,16,0,0,0,2,0,1,0,0,0,0,0,23,2,1,0,0,4,4,0,3,0,10,2,0,0,0,34,0,2,0,0,0,0,0,0,0,0,10,0,0,20,39,291,0,27,0,0,0,0,0,0,0,0,0,2,0,0,1,0,0,0,0,0,0,0,0,9
Turin,Lewis,16,0,0,1,0,0,0,1,0,21,0,3,10,1,2,0,3,0,1,0,32,28,0,"1,121",0,2,0,20,4,0,92,3,1,2,0,6,4,0,0,9,0,0,4,4,1,12,0,0,0,3,0,0,1,0,0,4,2,0,0,0,0,0,0,42,0,0,0,1,3,0,0,1,0,3,0,34,0,0,0,0,8,1,0,2,0,5,1,0,0,0,13,0,5,0,0,0,0,0,0,0,0,10,0,0,19,18,2,0,9,0,0,0,0,0,0,0,0,0,1,0,0,1,0,0,0,4,0,82,0,0,4
Lee,Oneida,11,0,0,2,2,1,0,6,0,18,3,1,21,0,1,0,2,0,3,1,46,16,0,49,0,19,2,15,7,1,"1,939",11,0,0,0,19,15,0,0,11,0,0,15,18,3,3,0,5,0,4,0,0,0,4,0,10,2,5,0,0,0,0,0,53,0,0,0,1,0,0,0,0,0,0,0,65,0,0,0,0,4,6,0,4,8,0,13,0,0,0,30,0,3,0,0,0,0,0,0,0,0,10,0,0,38,33,49,0,49,0,0,0,0,0,0,0,0,0,1,0,0,7,0,0,0,33,0,17,0,0,4
Day,Saratoga,5,0,0,1,0,0,0,0,9,4,0,5,1,2,0,0,10,2,2,7,0,0,0,1,0,0,0,2,0,2,1,0,0,0,0,0,3,0,0,4,0,0,2,951,3,2,0,0,1,1,0,0,0,0,31,20,0,0,0,0,0,0,0,14,0,0,0,0,0,0,0,0,0,2,0,14,1,0,0,0,0,3,0,0,0,0,3,0,0,0,28,0,0,0,0,0,0,0,0,0,0,10,0,0,1,0,0,34,0,0,0,0,0,0,0,0,0,0,0,0,0,0,0,0,0,0,0,0,0,1,2
Wayland,Steuben,0,21,2,3,5,5,4,5,2,1,10,3,3,10,0,2,2,7,1,0,4,0,1,1,150,2,19,20,0,0,7,42,41,1,1,0,12,0,0,2,0,0,4,11,0,2,1,6,"1,396",1,1,4,5,3,1,3,2,2,8,18,0,0,0,9,0,0,0,1,0,0,0,0,0,2,0,12,6,0,0,0,2,10,0,1,0,46,0,0,0,0,16,0,4,0,0,0,0,0,0,0,0,10,0,0,7,2,565,0,12,0,0,0,0,0,3,0,0,0,3,0,0,1,0,0,0,1,0,0,0,0,41
Ulysses,Tompkins,7,2,32,3,53,1,9,19,3,7,9,53,71,1,2,0,0,3,11,0,3,0,1,0,11,10,4,4,41,0,8,8,13,42,0,8,13,16,7,8,0,0,1,11,3,6,173,263,29,2,9,27,"1,776",10,0,5,1,25,1,8,0,0,2,75,0,0,0,7,1,1,0,0,0,1,2,21,8,0,0,0,9,119,0,4,0,58,4,0,0,0,14,3,3,1,0,27,0,0,0,0,0,10,0,0,65,0,3,1,190,0,0,0,0,0,0,0,0,0,0,0,0,11,0,0,0,0,0,0,0,0,33
Warrensburgh,Warren,1,0,0,0,0,0,0,1,2,2,1,0,8,0,17,5,2,2,8,0,1,1,0,0,0,0,0,0,3,0,0,1,0,0,0,0,1,0,0,12,0,0,4,28,1,0,0,0,0,0,0,0,2,2,"1,126",88,0,0,0,1,0,0,0,8,0,0,0,0,1,0,0,0,0,0,0,10,0,1,0,0,36,2,0,0,0,1,4,0,0,0,87,1,0,0,0,0,0,0,0,0,0,10,0,0,18,1,12,0,57,0,0,0,0,0,1,0,0,0,0,0,0,3,0,0,0,0,0,0,0,0,12
Jackson,Washington,2,0,0,0,0,0,0,0,1,1,0,1,1,0,4,0,0,1,0,0,0,1,1,0,0,0,0,4,33,0,1,1,0,3,3,2,1,0,0,40,0,0,0,10,0,0,0,0,0,0,0,0,0,0,4,"1,255",0,0,0,0,1,0,1,4,0,0,1,1,0,2,0,0,0,0,1,16,0,0,0,0,8,0,0,3,0,1,3,0,0,0,52,1,3,0,0,0,0,0,0,0,0,10,0,0,13,0,4,0,251,0,0,0,0,0,0,0,0,0,0,0,0,6,0,0,0,0,0,0,0,0,5
White Plains,Westchester,10,0,0,0,0,0,0,1,0,3,0,3,3,0,0,0,0,0,4,0,0,0,1,0,0,0,0,2,453,0,2,0,1,8,0,1,0,4,0,0,0,7,0,1,3,0,0,0,1,0,1,0,0,2,0,1,1,961,0,0,0,0,1,55,0,0,1,3,0,0,0,4,1,1,4,15,0,0,0,0,9,19,0,1,0,8,6,3,0,1,3,6,1,0,0,6,0,0,0,0,1,10,0,0,38,2,34,0,348,0,0,0,0,0,3,2,0,0,3,0,0,15,0,0,0,0,0,0,1,0,43
Potter,Yates,8,7,1,1,29,10,6,3,1,68,1,0,16,1,0,1,4,4,3,0,5,1,0,0,12,4,4,11,20,2,10,8,185,30,3,1,7,0,2,18,0,0,1,9,2,3,3,14,53,0,2,0,5,3,2,6,5,1,1,"1,185",0,0,0,24,0,0,0,4,1,1,0,0,0,6,1,23,8,0,0,0,8,15,1,12,0,18,21,0,0,0,22,5,0,0,0,0,0,0,0,0,0,10,0,0,33,62,23,0,42,0,0,0,0,0,0,0,0,0,1,0,0,10,0,0,0,0,0,0,0,0,4
Candor,Tioga,56,5,53,0,26,0,43,33,0,9,17,61,28,1,0,0,0,1,22,0,29,1,3,1,3,17,1,13,10,0,12,11,4,79,1,1,64,19,0,26,0,1,1,5,14,37,6,2,13,5,11,"2,257",360,57,0,10,1,13,1,13,0,0,0,138,0,0,0,2,2,1,0,0,0,2,1,37,2,2,2,0,10,54,0,7,0,142,7,0,0,0,33,14,17,0,0,0,0,0,0,0,0,9,0,0,29,5,7,1,75,0,0,3,1,0,0,0,0,0,0,0,0,1,0,0,0,0,0,0,0,3,28
Springport,Cayuga,4,4,5,5,"1,217",1,7,4,1,3,9,2,31,4,3,0,13,1,3,0,1,11,1,1,17,17,9,7,17,0,16,13,12,4,1,7,6,2,1,15,3,0,0,23,2,0,0,62,1,0,1,5,34,10,2,11,11,8,0,3,0,0,0,18,0,0,0,4,3,0,0,0,2,1,1,41,11,0,0,0,4,58,2,3,0,28,5,0,2,0,18,2,2,0,0,0,0,0,0,0,0,9,0,0,16,1,3,0,246,0,0,2,0,0,0,0,0,0,0,0,0,1,0,0,0,0,1,0,0,0,59
Friendship,Allegany,11,882,16,23,11,9,7,40,4,4,28,18,3,6,0,0,5,5,0,0,13,1,0,0,20,30,4,11,3,3,13,20,16,3,2,3,27,0,0,8,0,0,4,8,0,8,4,17,32,0,1,3,22,4,0,4,5,6,10,12,0,0,0,36,0,0,0,7,0,2,0,0,0,2,1,39,3,1,0,0,12,11,0,10,0,38,17,0,0,0,55,0,2,0,1,0,0,0,0,0,0,9,1,0,2,0,0,0,79,0,0,1,1,0,0,0,0,0,0,0,0,1,0,0,0,0,0,0,0,0,6
Groton,Tompkins,18,4,20,4,283,4,3,45,1,5,198,10,19,8,0,0,0,1,4,0,5,7,1,0,5,19,2,8,9,1,13,72,2,23,0,5,21,1,0,3,0,0,2,15,2,9,2,7,14,1,2,19,"1,924",5,0,12,3,11,1,1,0,0,0,98,0,0,0,3,1,5,1,0,0,3,0,79,10,1,0,0,7,57,0,9,0,69,9,0,0,0,39,1,2,0,0,0,0,0,0,0,0,9,0,0,16,1,1,0,70,0,0,1,0,0,0,0,0,0,0,0,0,14,0,0,0,0,0,0,0,1,40
Northampton,Fulton,18,0,3,0,5,0,2,1,0,7,1,6,24,2,0,0,937,0,3,195,6,9,1,0,0,2,1,33,9,7,3,3,1,0,2,0,8,3,0,30,0,0,6,220,24,11,0,1,0,0,2,0,0,3,28,26,4,0,0,0,0,0,0,31,0,0,1,0,0,1,0,1,1,0,2,42,4,0,0,0,8,5,0,0,0,6,12,0,0,0,53,4,2,0,0,0,0,0,0,0,0,9,0,0,23,0,6,0,29,0,0,0,1,0,1,0,0,0,0,0,0,1,0,0,0,0,0,0,0,0,13
Stockton,Chautauqua,3,2,1,13,12,988,0,7,1,7,7,3,3,15,1,2,0,14,1,0,20,2,2,0,1,14,4,3,1,5,34,20,2,1,3,1,3,3,0,21,0,0,3,10,1,1,0,1,2,0,0,1,3,0,7,2,3,2,8,0,0,0,0,33,0,0,0,4,1,2,0,0,0,1,1,101,6,0,0,0,13,1,0,14,0,49,4,0,0,0,95,1,6,0,0,0,0,0,0,0,0,9,0,0,17,1,3,2,14,0,0,0,0,0,0,0,0,0,1,0,0,2,0,0,2,2,0,0,1,1,14
Solon,Cortland,5,0,10,1,11,0,0,37,0,1,595,7,5,0,0,0,0,0,0,0,15,0,4,0,0,9,0,10,23,0,2,25,1,1,0,1,21,0,0,7,0,0,0,1,0,19,0,0,0,0,1,2,3,1,0,6,0,0,0,0,0,0,0,18,0,0,0,2,0,0,0,0,0,0,0,19,4,0,0,0,5,5,0,5,0,8,2,0,0,0,5,0,5,0,0,0,0,0,0,0,0,9,0,0,2,0,0,1,76,0,0,0,0,0,0,0,0,0,0,0,0,0,0,0,0,0,0,0,0,0,5
Schroon,Essex,0,0,0,0,0,0,0,0,57,0,0,0,0,0,133,19,0,1,0,0,0,0,0,0,0,0,0,0,0,0,0,0,0,0,0,0,0,0,0,0,0,0,4,0,0,0,0,0,0,0,0,0,0,0,4,3,0,0,0,0,0,0,0,2,0,0,0,0,0,0,0,0,0,1,0,8,0,0,0,0,9,1,0,1,0,0,0,0,1,0,41,0,0,0,0,0,0,0,0,0,0,9,0,0,1,0,0,0,1,0,0,0,0,0,0,0,0,0,0,0,0,0,0,0,0,0,0,0,0,0,3
Catskill,Greene,144,0,5,0,0,0,0,5,2,248,0,76,99,0,0,1,1,2,"4,255",0,1,8,14,2,0,6,5,1,135,1,7,2,0,23,0,7,9,3,0,14,1,15,0,5,60,98,0,6,0,1,1,0,2,286,0,3,0,14,0,2,0,0,0,88,0,0,1,2,2,1,0,0,0,3,4,63,4,0,0,0,3,45,9,8,0,15,15,0,0,0,12,1,0,0,0,0,0,0,0,0,0,9,2,0,164,7,165,1,364,0,0,0,0,1,1,5,0,0,2,1,0,2,1,0,0,0,0,0,0,0,58
Conesus,Livingston,2,12,3,3,18,1,0,1,0,8,5,1,12,0,0,0,0,1,3,0,6,1,0,3,850,6,23,3,5,1,9,12,22,2,6,1,4,0,0,5,0,0,0,10,0,1,0,1,28,0,0,0,2,0,0,25,1,0,3,5,0,0,0,8,0,0,0,1,0,0,0,0,0,0,0,5,17,0,0,1,6,30,0,1,0,23,3,0,0,0,23,0,0,0,1,0,0,0,0,0,1,9,0,0,31,0,6,0,64,0,0,0,0,0,0,0,0,0,0,0,0,2,0,0,0,0,0,0,0,0,9
Sangerfield,Oneida,8,2,1,1,1,2,0,34,5,22,6,1,9,0,1,0,0,2,2,0,36,10,6,6,1,229,3,9,15,2,"1,240",21,1,0,1,8,44,2,0,9,0,0,2,3,0,3,0,3,3,0,0,1,1,0,3,2,5,0,1,0,0,0,0,49,0,0,0,2,0,0,0,0,0,0,0,66,7,0,0,0,5,3,0,8,0,4,30,0,0,0,14,0,3,0,0,0,0,0,0,0,0,9,0,0,120,1,11,0,217,0,0,0,0,0,0,0,0,0,0,0,0,1,0,0,0,0,0,37,0,0,3
Amboy,Oswego,8,0,1,0,0,0,0,2,1,6,0,1,7,1,0,0,0,1,6,0,112,18,0,5,0,9,5,17,4,0,86,22,0,2,0,766,47,0,0,16,0,2,0,7,1,9,0,0,1,0,0,0,0,2,0,7,3,0,0,0,0,0,0,14,0,0,0,1,0,0,0,0,0,0,0,25,4,3,0,0,4,1,0,4,0,9,1,0,0,0,7,1,0,0,0,0,0,0,0,0,0,9,0,0,13,0,29,0,60,0,0,0,0,0,0,0,0,0,0,0,0,60,0,0,0,0,0,0,0,0,3
Sand Lake,Rensselaer,45,0,0,0,0,0,0,1,4,68,0,1,52,0,3,0,6,0,7,0,3,2,3,0,0,1,2,4,11,1,6,1,3,0,0,0,1,0,0,"1,838",0,0,0,18,6,17,0,3,0,0,2,0,0,8,1,2,1,5,0,0,0,0,0,11,0,0,0,1,0,0,0,0,0,0,3,30,1,0,0,1,5,3,0,2,0,0,4,0,0,0,7,0,0,0,0,0,0,0,0,0,0,9,0,0,33,1,315,0,24,0,0,0,0,0,1,0,0,0,1,0,0,10,0,0,0,0,0,1,0,0,17
Malta,Saratoga,16,0,0,0,0,0,0,0,1,11,0,0,33,0,3,0,2,0,0,0,5,1,8,0,0,1,0,6,5,0,4,0,0,0,0,1,0,0,0,42,0,0,0,813,7,2,0,0,1,0,0,0,0,1,2,25,3,4,4,0,0,0,0,15,0,0,0,0,0,1,0,1,0,0,0,7,4,0,0,0,3,5,0,1,0,1,2,0,0,0,21,1,1,0,0,0,0,0,0,0,0,9,0,0,17,1,3,1,92,0,0,0,0,0,0,0,0,0,0,0,0,0,0,0,0,0,0,0,0,0,3
Stony Creek,Warren,5,0,0,1,0,0,0,0,1,1,0,0,4,0,2,1,8,0,1,12,1,4,0,0,0,0,0,2,2,0,3,0,0,0,0,0,0,0,0,4,0,1,1,125,0,0,0,0,0,0,0,0,0,0,623,31,0,0,0,0,0,0,0,2,0,0,0,0,0,0,0,0,0,2,1,13,1,0,0,0,10,0,0,0,0,0,1,0,0,0,35,2,0,0,0,0,0,0,0,0,0,9,0,0,4,0,0,0,17,0,0,0,0,0,0,0,0,0,0,0,0,1,0,0,0,0,0,0,0,0,5
Westfield_R,Richmond,8,0,4,1,2,0,2,0,0,2,0,5,17,1,1,0,0,0,5,0,2,0,58,4,0,0,1,0,378,0,7,0,0,11,0,0,1,2,19,8,"2,388",2,0,2,0,1,0,0,0,4,0,0,0,5,0,1,0,6,1,0,0,0,1,30,0,0,2,3,3,0,0,11,1,9,46,34,3,0,0,0,12,250,10,7,0,40,1,1,0,0,4,19,1,2,0,0,0,0,0,0,0,8,7,0,82,10,100,6,352,2,1,2,0,0,4,0,0,0,7,0,0,19,1,0,1,0,0,9,0,0,2
Eden,Erie,4,3,0,17,7,15,0,0,0,4,1,3,2,"1,469",3,3,0,3,0,0,4,0,0,0,0,3,8,0,0,1,7,6,3,0,0,0,21,0,0,5,0,0,1,3,0,0,0,3,0,0,0,0,0,1,5,30,4,0,3,1,0,0,0,12,0,0,0,1,3,5,0,0,0,3,0,39,5,0,0,0,4,23,0,2,0,8,2,0,0,0,35,2,0,0,0,0,0,0,0,0,1,8,0,0,27,18,525,0,8,0,0,1,0,0,0,0,0,0,0,0,0,0,0,0,0,0,0,4,0,0,13
Salisbury,Herkimer,4,2,1,4,2,3,0,1,0,9,6,0,9,0,3,1,159,2,11,8,"1,187",8,1,15,0,5,1,65,3,0,51,3,1,1,0,5,17,0,0,9,0,0,12,29,1,20,1,0,1,0,0,1,3,2,7,8,0,1,0,0,0,0,0,51,0,0,0,4,0,0,0,0,0,1,1,28,0,0,0,0,9,8,0,3,0,11,1,0,0,0,16,0,0,0,0,0,0,0,0,0,0,8,0,0,23,1,90,0,151,0,0,1,0,0,1,0,0,0,2,0,0,0,0,0,0,0,0,17,0,0,13
Madison,Madison,6,1,3,2,5,3,0,43,1,4,4,3,3,0,0,0,0,0,3,1,33,0,0,2,5,"1,495",5,6,3,0,222,29,1,0,0,5,20,1,0,7,0,1,3,3,0,3,0,0,2,0,0,0,1,0,10,8,3,0,1,0,0,0,0,47,0,0,0,2,0,0,0,0,0,1,0,60,2,0,0,0,4,1,0,0,0,10,21,1,0,0,19,0,3,0,0,0,0,0,0,0,0,8,0,0,129,3,19,0,77,0,0,1,0,0,0,0,0,0,0,0,0,1,0,0,0,1,0,31,0,0,22
Schodack,Rensselaer,220,0,0,2,1,0,0,3,0,327,0,2,52,2,0,0,6,0,27,0,3,1,4,1,0,14,2,14,21,2,2,1,1,2,0,3,5,2,3,"2,502",0,0,1,34,4,16,4,0,1,0,0,0,0,8,4,4,2,4,0,1,0,0,0,30,0,0,1,2,0,3,0,1,0,7,0,24,0,0,1,1,2,9,0,3,0,8,6,1,1,4,9,6,0,0,0,0,0,0,0,0,0,8,0,0,53,1,213,16,250,0,0,1,0,0,2,0,0,0,0,0,0,16,0,0,0,1,0,0,0,0,27
Easton,Washington,37,0,0,0,1,1,0,0,3,10,0,0,13,0,6,3,2,1,4,0,3,1,3,0,0,0,0,3,2,0,2,2,0,0,0,1,3,0,0,232,0,0,0,149,3,4,0,0,0,0,0,1,0,0,39,"1,895",0,0,0,3,0,0,0,10,0,0,0,0,1,1,0,0,0,2,0,23,4,0,0,0,9,0,0,0,0,1,19,0,0,0,27,2,0,0,0,0,0,0,0,0,0,8,0,0,21,0,3,0,355,0,1,1,0,0,0,0,0,0,0,0,0,7,0,0,0,0,0,0,0,0,7
Chatham,Columbia,61,0,0,0,1,0,0,0,2,"1,275",0,7,73,0,0,1,0,2,12,1,7,2,2,1,1,1,1,3,0,0,2,1,8,4,0,1,9,0,0,161,0,0,0,17,2,12,0,0,0,0,0,0,2,5,7,5,3,0,1,0,0,0,0,48,0,0,0,1,2,0,0,0,1,5,2,107,5,0,0,1,7,10,1,3,0,9,13,0,0,0,14,3,3,0,0,0,0,0,0,0,0,8,0,0,35,62,62,0,433,0,0,0,0,0,4,0,0,2,0,0,0,8,0,0,0,0,0,0,0,0,30
Carrolton,Cattaraugus,2,64,8,323,10,10,7,1,0,2,4,7,1,19,2,0,0,3,4,0,4,0,3,1,10,8,3,1,6,1,7,4,3,5,0,0,4,0,1,0,0,4,0,2,0,5,1,0,10,0,26,15,2,7,2,1,7,1,17,0,0,0,0,3,0,0,0,2,1,5,0,0,0,2,0,3,6,1,0,0,4,2,0,3,0,108,2,0,0,0,8,1,0,0,0,0,0,0,0,0,0,8,0,0,6,0,28,0,196,0,0,0,0,0,0,0,0,0,0,0,0,2,0,0,0,0,0,0,0,0,6
Dayton,Cattaraugus,4,2,13,635,10,39,0,2,2,0,0,2,4,131,3,0,0,11,1,1,11,1,0,0,2,13,0,4,14,1,16,19,3,2,1,4,11,0,0,10,0,1,1,6,0,10,0,2,0,0,0,0,0,0,2,14,1,1,0,2,0,0,0,14,0,0,0,2,1,1,0,1,0,2,0,11,1,0,0,0,2,4,1,4,0,15,1,0,0,0,34,0,5,0,0,0,0,0,0,0,0,8,0,0,6,2,89,0,19,0,0,0,0,0,0,0,0,0,0,0,0,1,0,0,0,0,0,0,0,0,10
Humphrey,Cattaraugus,3,11,1,443,8,4,5,9,0,0,4,10,1,52,0,0,1,6,0,0,7,0,0,0,3,3,3,0,7,5,13,39,9,2,3,0,6,0,0,2,0,0,1,4,0,0,0,1,14,0,0,1,13,1,0,10,5,0,16,1,0,0,0,5,0,0,0,2,0,0,0,0,0,0,0,10,3,0,0,0,5,3,0,1,0,17,3,0,0,0,23,0,0,0,0,0,0,0,0,0,0,8,0,0,2,0,11,0,120,0,0,0,0,0,0,0,0,0,0,0,0,9,0,0,0,0,0,0,0,0,0
Moravia,Cayuga,13,2,0,0,"1,212",5,6,14,1,3,40,10,24,5,0,0,0,0,4,0,23,1,2,2,1,4,0,5,14,0,10,35,3,14,1,6,9,0,0,4,0,0,1,12,0,15,1,2,3,0,0,9,69,7,1,9,5,7,0,0,0,0,0,47,0,0,1,0,0,3,0,1,0,0,0,37,10,0,0,0,1,21,2,15,0,8,4,1,0,0,12,1,5,0,0,0,0,0,0,0,0,8,0,0,27,1,3,0,48,0,0,0,0,0,0,0,0,0,0,0,0,3,0,0,0,0,0,1,0,0,7
French Creek,Chautauqua,1,5,0,4,2,481,1,10,1,0,1,6,8,3,15,0,0,9,0,0,10,1,0,4,1,5,3,0,1,4,7,5,2,1,1,0,21,1,0,1,0,0,1,2,0,0,0,0,0,1,0,0,2,0,1,12,0,0,2,0,0,0,0,10,0,0,0,0,0,0,0,0,0,0,0,8,3,0,0,0,4,0,0,5,0,80,0,0,0,0,43,0,0,0,0,0,0,0,0,0,0,8,0,0,8,0,4,45,21,0,0,0,0,0,0,0,0,0,0,0,0,1,0,0,0,0,0,0,0,0,25
Kiantone,Chautauqua,0,0,0,10,3,298,0,3,0,2,0,1,6,7,0,2,2,4,0,0,3,0,0,0,1,0,0,3,1,4,5,4,1,2,5,0,14,0,0,7,0,0,0,3,0,0,0,0,2,0,0,0,1,0,2,4,1,0,0,0,0,0,0,5,0,0,0,0,4,0,0,0,0,0,0,17,2,0,0,0,4,1,0,3,0,61,1,0,0,0,24,0,1,0,0,0,0,0,0,0,0,8,0,0,8,0,7,0,22,0,0,0,0,0,0,0,0,0,0,0,0,0,0,0,3,0,0,0,0,0,2
Mina,Chautauqua,3,5,0,1,1,667,2,3,0,1,0,10,3,3,2,0,2,13,0,5,16,0,0,5,1,1,0,5,0,1,13,2,4,3,3,2,13,0,0,5,0,1,0,2,3,1,0,1,2,0,3,0,2,1,0,37,0,0,0,0,0,0,0,14,0,0,0,2,0,4,1,0,0,5,0,14,1,0,0,0,5,0,0,11,0,99,5,0,0,0,26,0,3,0,0,0,0,0,0,0,0,8,0,0,38,0,41,19,13,0,0,0,0,0,0,7,0,0,0,0,0,7,0,0,13,0,0,1,0,0,3
Sherman,Chautauqua,1,1,4,6,4,733,0,15,1,4,4,3,8,8,0,0,3,11,2,0,19,2,0,0,3,7,10,13,5,7,26,10,4,7,3,0,16,3,0,3,0,1,2,18,3,1,0,0,1,0,0,1,4,0,1,13,7,0,6,3,0,0,1,62,0,0,0,3,0,0,0,1,0,1,1,32,8,0,0,0,6,4,0,6,0,48,2,0,0,1,35,1,15,0,0,0,0,0,0,0,0,8,0,0,65,0,25,20,0,0,0,0,0,0,0,0,0,0,0,0,0,0,0,0,0,1,0,0,0,0,0
Horseheads,Chemung,11,14,14,3,10,4,"1,539",12,0,4,8,37,13,0,0,0,1,1,6,0,12,0,0,0,3,9,6,9,16,0,8,11,10,190,1,1,12,0,0,16,0,1,0,2,1,13,43,10,52,4,11,38,100,16,1,2,7,2,1,27,0,0,0,35,0,0,1,5,0,0,0,1,1,1,5,14,7,1,0,0,2,85,1,4,0,128,3,0,0,0,16,2,4,1,0,0,0,0,0,0,0,8,0,0,28,0,6,6,130,0,0,0,0,0,0,0,0,0,0,0,0,5,0,0,0,0,0,2,0,0,19
North Norwich,Chenango,3,0,7,0,2,0,0,768,0,3,19,6,40,0,0,0,2,2,0,0,5,1,0,2,0,26,2,6,1,0,5,3,1,0,0,0,37,0,0,3,0,0,1,1,0,0,0,0,2,0,0,3,3,0,1,1,4,1,0,0,0,0,0,31,0,0,0,0,0,0,0,0,0,0,0,12,1,0,0,0,3,2,0,0,0,7,10,0,0,0,2,0,0,0,0,0,0,0,0,0,0,8,0,0,4,2,1,0,33,0,0,0,0,0,0,0,0,0,0,0,0,0,0,0,0,0,0,0,0,0,1
Canaan,Columbia,22,0,3,2,0,0,0,0,0,"1,304",0,1,32,4,0,0,2,2,21,0,2,2,8,1,0,4,1,1,31,1,7,4,0,1,0,0,7,2,0,40,0,0,0,1,0,1,0,0,0,3,1,0,0,5,1,2,1,5,0,0,0,0,0,49,0,0,0,2,0,0,0,0,1,3,0,150,3,1,0,0,3,2,0,1,0,8,2,0,0,0,8,1,0,1,0,0,0,0,0,0,0,8,0,0,22,74,74,0,116,0,0,0,0,0,0,0,0,0,1,0,0,1,0,0,0,0,0,5,2,0,8
Holland,Erie,5,6,1,32,3,4,0,0,0,0,2,0,4,916,4,0,0,16,0,0,10,5,1,0,3,4,2,2,2,1,3,4,4,1,1,0,16,0,0,9,0,0,0,2,1,18,0,2,1,0,0,0,2,3,1,9,7,0,93,0,0,0,0,7,0,0,0,7,0,0,0,0,0,0,0,6,3,0,0,0,37,3,0,5,0,7,5,0,1,0,91,0,4,0,0,0,0,0,0,0,1,8,0,0,6,1,62,37,22,0,0,0,0,0,1,0,0,0,0,0,0,2,0,0,0,2,0,2,0,0,3
Mayfield,Fulton,32,0,1,0,1,0,0,0,0,23,0,0,24,0,0,0,"1,549",0,9,16,11,15,2,0,0,4,1,102,4,0,9,1,2,0,2,7,10,0,1,35,0,0,4,129,17,23,0,1,0,0,1,2,0,11,14,19,0,2,0,0,0,0,0,16,0,0,0,0,0,0,0,0,0,3,0,4,6,0,0,0,4,2,0,0,0,1,6,0,0,0,24,0,1,0,0,0,0,0,0,0,0,8,0,0,22,0,12,0,39,0,0,0,0,0,0,0,0,0,3,0,0,13,0,0,0,0,0,0,0,0,32
Indian Lake,Hamilton,0,0,0,0,0,1,0,0,1,0,0,0,0,0,24,0,0,1,0,46,0,0,0,0,0,0,0,0,0,1,4,0,0,0,0,0,3,0,0,0,0,0,2,3,0,0,0,0,0,0,0,0,0,0,36,12,0,0,0,0,0,0,0,0,0,0,0,0,0,0,0,0,0,0,0,5,0,0,0,0,3,0,0,0,0,3,0,0,0,0,15,0,0,0,0,0,0,0,0,0,0,8,0,0,4,0,0,0,0,0,0,0,0,0,0,0,0,0,0,0,0,0,0,0,0,0,0,0,0,0,2
Ossian,Livingston,2,32,0,2,10,0,0,0,0,2,0,2,5,1,0,0,2,0,2,0,4,1,0,0,569,1,12,4,0,0,0,5,8,7,0,0,1,0,0,1,0,1,0,12,0,7,0,6,40,1,0,1,5,0,0,1,0,0,6,3,0,0,0,13,0,0,0,1,0,0,0,0,0,1,0,7,2,0,0,0,3,4,0,1,0,21,0,0,0,0,11,0,0,0,0,0,0,0,0,0,0,8,0,0,11,0,13,0,23,0,0,0,0,0,0,0,0,0,0,0,0,6,0,0,0,0,0,3,0,0,0
Sparta,Livingston,1,18,0,0,11,0,0,0,0,3,1,0,1,1,0,1,0,1,0,0,1,2,0,0,816,0,6,0,2,1,2,0,10,2,2,0,0,0,0,1,0,0,0,2,0,1,1,6,25,0,1,0,0,1,0,2,2,0,1,0,0,0,0,3,0,0,0,3,0,0,0,0,0,0,1,2,4,1,0,0,3,16,0,3,0,135,0,0,0,0,10,0,0,0,0,0,0,0,0,0,0,8,0,0,2,2,33,0,31,0,0,0,0,0,0,0,0,0,0,0,0,0,0,0,0,0,0,0,0,0,1
Springwater,Livingston,6,30,2,8,43,4,6,4,1,5,5,2,10,10,0,1,3,2,6,0,7,0,1,0,"1,229",7,30,12,3,0,12,26,138,13,3,2,15,0,0,5,0,0,0,8,1,5,0,4,128,0,1,0,9,2,0,32,5,1,8,53,0,0,0,21,0,0,0,2,5,0,0,0,0,2,1,35,9,0,0,1,7,29,2,6,0,54,6,0,0,0,39,0,4,0,0,0,0,0,0,0,0,8,0,0,5,0,20,0,44,0,0,0,0,0,0,0,0,0,5,0,0,2,1,0,0,0,0,0,0,0,10
Annsville,Oneida,31,0,0,0,3,0,0,0,0,9,9,0,9,0,5,3,2,0,23,1,42,25,1,23,0,16,3,23,11,0,"1,700",7,2,1,1,19,25,0,0,22,0,0,3,12,0,22,0,2,0,0,0,0,1,5,2,20,1,0,0,0,0,0,0,33,0,0,0,1,0,0,0,0,0,1,1,66,1,0,0,0,2,2,0,0,0,7,2,0,0,0,29,0,1,0,0,0,0,0,0,0,0,8,0,0,97,1,57,0,267,0,0,0,0,0,0,0,0,0,0,0,0,1,0,0,0,7,0,6,0,0,11
Marcy,Oneida,5,0,0,0,1,1,0,1,0,1,0,0,5,1,1,0,0,0,0,3,44,0,0,6,0,6,2,8,16,0,910,2,1,0,0,2,11,0,0,16,1,0,3,2,3,4,0,0,1,0,0,0,0,2,0,1,0,1,0,0,0,0,0,16,0,0,0,1,0,3,0,0,0,3,0,11,1,0,1,0,1,0,0,0,0,3,4,0,0,0,5,0,0,0,0,0,0,0,0,0,0,8,0,0,44,15,88,0,52,0,0,0,0,0,0,0,0,0,0,0,0,16,0,0,0,0,0,178,0,0,5
Otisco,Onondaga,13,1,3,0,9,4,0,13,0,3,34,3,9,1,0,0,1,2,2,4,11,3,0,2,1,8,6,14,1,0,7,"1,003",0,2,0,5,24,0,0,8,0,1,1,22,0,0,0,1,2,0,0,4,3,0,0,21,2,0,0,1,0,0,2,47,0,0,0,2,0,0,1,0,0,0,1,77,6,2,0,0,2,3,0,3,0,2,10,0,0,0,13,1,2,0,0,0,0,0,0,0,0,8,0,0,47,1,78,0,128,0,0,0,0,0,0,0,0,0,0,0,0,2,0,0,0,1,0,0,0,0,2
Blooming Grove,Orange,6,0,1,0,0,0,4,1,0,3,0,2,16,0,0,0,0,0,8,1,2,0,11,0,0,0,0,1,69,0,1,0,1,"1,709",0,0,1,17,4,4,0,11,0,4,1,0,0,1,0,0,8,4,1,38,0,0,0,6,0,0,0,1,0,6,0,1,0,1,0,0,0,0,4,0,2,4,1,1,0,2,0,51,3,0,0,12,0,1,0,0,1,2,3,0,0,0,0,0,0,0,0,8,0,0,18,1,26,0,302,0,0,0,0,0,0,0,0,0,1,0,0,4,0,0,0,2,0,0,0,0,10
Cornwall,Orange,14,1,0,1,2,0,0,0,3,9,0,4,90,2,0,0,0,0,7,0,0,0,34,0,0,0,10,0,220,0,4,7,8,"2,751",0,3,0,77,0,7,1,35,0,8,0,0,0,0,3,7,5,1,1,76,0,1,2,49,0,1,1,0,1,37,0,1,0,2,1,2,0,4,3,13,14,48,1,0,2,2,12,54,3,3,1,29,10,1,1,0,8,2,2,0,1,0,1,0,0,0,0,8,0,0,79,34,240,0,499,0,0,0,0,0,1,0,0,0,1,0,0,17,2,0,0,2,0,2,7,1,13
West Monroe,Oswego,8,2,0,0,4,0,2,17,0,7,3,3,4,0,0,0,0,0,10,0,37,14,0,6,0,32,5,15,0,0,65,99,0,0,0,629,24,1,0,7,0,0,5,11,7,7,1,3,3,0,4,0,1,0,5,2,5,0,2,0,0,0,0,9,0,0,0,4,0,0,0,0,0,1,0,18,3,0,0,2,12,1,0,1,0,1,4,0,0,0,24,0,1,0,0,0,0,0,0,0,0,8,0,0,15,39,47,0,11,0,0,0,0,0,0,0,0,0,0,0,0,0,0,0,0,22,0,0,0,0,7
Northfield,Richmond,1,0,0,0,0,0,0,0,0,0,0,1,1,0,0,0,0,0,1,0,0,0,9,0,0,0,0,1,43,0,2,0,0,3,0,0,0,0,2,1,"4,181",1,0,1,0,0,0,0,0,4,0,0,0,0,0,1,0,3,0,0,0,0,0,21,0,1,1,0,0,0,0,4,2,4,7,35,0,0,0,0,0,51,0,2,0,16,1,2,0,0,8,17,0,0,0,0,0,0,0,0,0,8,0,0,124,5,153,0,451,2,0,0,0,3,1,0,0,0,2,0,0,17,4,0,0,0,0,1,2,0,0
Clifton Park,Saratoga,95,0,0,0,3,2,0,0,3,32,1,4,38,1,1,1,10,0,15,1,5,2,2,0,0,0,5,28,10,0,5,0,0,3,0,6,21,0,2,209,0,0,0,"1,630",123,12,0,4,1,0,0,1,0,0,5,19,7,6,0,1,0,0,0,11,0,0,0,0,0,0,0,2,3,3,1,10,4,0,0,0,2,5,0,4,0,4,2,0,0,0,22,0,7,0,0,0,0,0,0,0,0,8,0,0,55,1,50,0,148,0,0,0,0,2,0,0,0,0,0,0,0,6,0,0,0,6,0,0,0,0,41
Galway,Saratoga,24,0,0,0,0,0,0,0,0,0,0,0,3,0,0,0,31,0,0,0,1,6,0,0,0,0,0,27,19,0,4,0,0,11,0,1,9,0,0,15,0,0,0,"1,713",3,4,0,0,0,0,0,0,0,0,0,14,0,4,0,0,0,0,0,18,0,0,0,0,0,0,0,0,4,1,0,28,0,0,0,0,0,1,0,1,0,1,2,0,0,0,8,0,0,0,0,0,0,0,0,0,0,8,0,0,52,0,43,0,104,0,0,0,0,0,0,0,0,0,0,0,0,38,0,0,0,0,0,0,0,0,4
Hector,Schuyler,17,16,5,2,62,3,103,13,4,10,24,66,87,5,0,1,1,7,17,1,11,1,1,0,2,12,9,1,27,1,14,15,5,98,2,5,14,50,0,29,0,4,0,7,1,16,"1,040",322,107,5,8,22,"1,948",55,0,11,4,28,0,47,0,0,0,68,2,0,0,5,0,3,0,0,0,1,2,25,17,1,1,3,7,210,1,5,0,70,9,0,0,0,22,10,11,1,0,0,1,0,0,0,0,8,3,0,53,0,3,0,82,0,0,0,0,0,0,0,0,0,0,0,0,11,0,0,0,0,0,0,1,0,45
Lansing ,Tompkins,7,8,9,3,197,2,17,2,0,2,28,2,15,0,0,0,0,1,0,0,17,4,1,0,3,5,2,1,2,1,2,20,2,21,1,2,4,2,0,10,0,0,0,12,0,8,8,15,1,0,3,23,"2,079",11,0,3,6,12,1,1,0,0,0,27,0,0,0,5,0,0,0,0,1,1,0,24,18,0,0,0,5,66,1,6,0,98,0,0,0,0,10,1,0,0,0,0,0,0,0,0,0,8,0,0,16,0,4,0,71,0,0,0,0,0,0,0,0,0,0,0,0,1,0,0,0,0,0,0,0,0,1
Thurman,Warren,0,0,0,0,0,0,0,1,3,1,0,0,2,0,1,0,0,0,0,0,0,1,0,0,0,0,0,1,2,0,0,0,0,0,0,1,0,0,0,2,0,0,0,25,0,0,0,0,0,0,0,0,0,1,844,31,0,0,0,0,0,0,0,1,1,0,0,0,0,0,0,0,0,0,0,5,0,0,0,0,8,1,0,2,0,1,6,3,0,0,30,0,0,0,0,0,0,0,0,0,0,8,0,0,4,0,1,0,19,0,0,0,0,0,0,0,0,0,0,0,0,1,0,0,0,0,0,0,0,0,0
Torrey,Yates,2,6,1,1,11,3,8,2,0,10,5,1,11,0,0,0,0,1,3,0,2,0,5,1,0,1,8,2,6,0,8,10,51,6,3,2,0,2,1,9,0,0,0,10,0,8,8,53,52,4,0,3,5,4,0,0,8,0,3,772,0,0,0,13,0,0,0,0,0,0,0,0,0,0,5,7,6,0,0,0,0,27,0,3,0,13,3,0,0,0,5,0,1,3,0,0,0,0,0,0,0,8,0,0,45,0,9,0,51,0,0,0,0,0,0,0,0,0,0,0,0,4,0,0,0,0,0,0,0,0,7
New Lots,Kings,9,0,1,0,1,1,0,0,1,6,0,1,11,5,0,0,8,0,6,0,0,0,"1,600",0,0,3,1,6,776,0,9,1,0,4,0,0,0,3,157,1,10,6,0,0,0,1,0,0,0,55,2,2,2,3,0,1,0,9,0,0,2,1,2,45,3,1,4,5,1,0,0,1,2,9,6,29,2,2,1,0,6,80,1,14,0,28,7,2,0,1,6,7,1,0,3,0,0,0,0,0,2,7,1,0,168,24,"1,337",4,389,2,0,4,0,2,2,1,0,0,5,1,0,29,3,1,2,11,0,5,7,1,27
Parish,Oswego,11,1,1,0,1,3,0,6,0,12,4,1,10,0,0,2,0,2,10,0,126,29,0,1,0,34,1,13,3,0,67,50,0,1,3,"1,026",87,0,0,11,0,0,9,6,2,40,1,1,4,0,1,0,0,1,0,8,0,1,1,5,0,0,0,21,0,1,0,1,5,0,0,0,0,1,1,32,6,0,5,0,5,1,0,1,0,0,6,0,0,0,29,3,3,1,0,0,0,0,0,0,0,7,0,0,14,6,12,0,21,0,0,1,0,0,0,0,0,0,0,0,0,8,0,0,0,1,0,4,0,0,22
New Rochelle,Westchester,4,0,0,0,0,0,0,1,0,3,0,0,9,7,0,0,1,1,3,0,0,0,68,2,0,2,0,0,520,0,3,0,0,4,0,0,2,1,28,0,3,3,1,0,0,2,1,0,0,8,0,0,1,6,1,1,0,"1,796",0,1,3,0,1,101,0,2,1,12,0,0,0,2,0,6,10,28,3,0,0,5,8,54,12,11,0,27,9,6,0,0,4,11,1,1,0,0,1,0,0,0,0,7,1,2,91,6,190,2,807,0,2,0,2,0,1,0,0,0,2,0,0,27,2,4,0,7,1,3,3,1,5
Andover,Allegany,6,931,11,10,8,0,8,15,0,1,10,9,7,3,0,0,0,0,6,0,6,2,4,1,27,28,25,1,10,0,2,14,12,10,0,1,34,0,0,31,0,0,0,1,0,0,0,10,101,0,1,9,47,0,1,8,0,0,7,5,0,0,0,24,0,0,0,1,0,0,0,0,0,1,2,33,4,0,0,0,8,8,0,3,0,50,12,0,0,0,15,1,0,0,0,0,0,0,0,0,0,7,0,0,10,0,3,0,203,0,0,0,0,0,0,0,0,0,0,0,0,1,0,0,0,0,0,0,0,1,1
Birdsall,Allegany,3,399,0,0,3,0,0,8,0,2,2,0,2,1,0,0,0,3,3,0,0,0,0,0,31,4,10,0,12,0,1,7,13,3,0,0,1,1,0,3,0,0,0,13,1,5,0,0,22,0,1,1,5,0,2,11,1,1,4,2,0,0,0,2,0,0,0,0,0,0,0,0,0,1,0,15,2,0,0,0,1,27,0,2,0,13,2,2,0,0,5,0,0,0,0,0,0,0,0,0,0,7,0,0,1,0,2,0,95,0,0,0,0,0,0,0,0,0,0,0,0,4,0,0,0,2,0,0,0,0,2
Rushford,Allegany,4,824,4,88,10,3,3,3,0,4,1,7,4,14,0,2,7,8,6,0,40,4,1,4,32,21,13,4,3,3,9,6,17,1,8,2,34,0,0,0,0,0,7,6,1,1,0,11,10,0,2,3,26,1,1,4,6,4,53,1,0,0,0,38,0,0,0,3,2,0,0,0,0,3,0,38,4,0,0,0,15,8,0,7,0,28,6,0,0,0,92,0,2,0,0,0,0,0,0,0,0,7,0,0,29,0,1,1,19,0,0,0,0,0,0,0,0,0,0,0,0,3,0,0,0,0,0,27,0,0,16
Scio,Allegany,4,863,24,12,16,6,19,36,0,4,38,17,3,4,0,0,2,2,3,0,4,1,0,1,39,9,6,5,9,3,10,9,15,1,1,2,9,0,0,21,0,0,1,19,0,2,1,8,89,0,0,17,19,1,1,7,0,0,10,19,0,0,0,31,0,0,0,1,0,0,0,0,0,5,0,26,5,0,0,0,3,19,0,1,0,77,11,0,0,0,32,0,1,0,0,0,0,0,0,0,0,7,0,0,23,0,5,0,66,0,0,0,0,0,0,0,0,0,0,0,0,0,0,0,0,0,0,0,1,0,14
Leon,Cattaraugus,9,1,0,670,6,34,0,6,1,5,4,1,2,80,9,0,0,27,5,0,16,0,0,2,3,25,17,5,2,1,16,25,11,2,1,1,24,0,0,10,0,0,2,3,0,8,0,5,0,0,1,0,6,2,0,21,0,2,3,2,0,0,0,16,0,0,0,3,0,1,0,0,0,2,0,30,1,1,0,0,17,5,0,4,0,18,4,0,0,0,39,0,2,0,0,0,0,0,0,0,0,7,0,0,16,0,39,0,24,0,0,0,0,0,0,0,0,0,0,0,0,1,0,0,0,0,0,1,0,0,3
Perrysburgh,Cattaraugus,12,9,8,680,5,136,2,6,0,3,1,1,14,77,4,1,3,7,7,0,0,6,4,4,6,28,0,2,5,3,30,15,6,8,1,1,7,0,0,2,0,0,3,30,2,2,0,4,11,0,0,0,3,2,7,13,0,0,11,6,0,0,0,20,0,0,0,2,3,4,0,0,0,0,3,36,0,0,0,0,6,4,0,7,0,17,5,0,0,0,81,1,8,0,0,0,0,0,0,0,0,7,0,0,7,4,23,0,24,0,0,0,0,0,0,0,0,0,0,0,0,0,0,1,0,0,0,1,0,0,1
Clymer,Chautauqua,2,2,0,9,9,653,0,16,3,2,1,7,1,14,7,0,0,18,1,1,11,7,2,1,2,19,8,8,2,2,11,16,0,5,3,0,32,1,0,5,0,2,1,2,1,1,0,0,2,0,0,0,3,0,2,2,1,0,0,0,0,0,0,24,0,0,0,2,0,0,0,0,0,0,1,22,2,0,0,0,4,2,0,6,0,80,5,0,0,0,40,0,1,0,0,0,0,0,0,0,0,7,0,0,14,0,3,184,4,0,0,0,0,0,0,0,0,0,0,0,0,1,0,0,0,0,0,0,0,0,22
Southport,Chemung,20,8,29,0,10,2,"1,495",42,1,7,19,60,15,2,0,0,0,3,18,1,8,4,4,1,5,15,11,5,20,0,4,13,12,160,2,13,18,1,2,3,1,4,1,3,0,17,22,11,81,4,51,40,111,8,0,8,3,4,0,17,0,0,0,32,3,0,0,0,5,1,0,0,0,3,2,19,15,0,0,0,2,79,2,7,0,432,3,0,0,0,15,4,0,0,0,0,1,0,0,0,0,7,0,0,58,0,93,93,188,0,0,0,0,0,0,0,0,0,0,0,0,0,0,0,0,0,0,0,0,1,23
Stockport,Columbia,26,0,0,0,0,0,0,0,0,855,0,3,36,0,0,0,0,0,56,0,1,0,3,0,0,0,0,0,20,8,0,3,0,2,0,2,5,1,1,20,0,0,0,2,4,4,0,0,0,0,0,0,0,14,0,2,1,2,0,0,0,0,0,18,0,0,0,0,0,0,0,0,0,1,0,17,0,0,0,0,0,4,0,1,0,3,3,0,0,0,3,0,0,0,0,0,0,0,0,0,0,7,0,0,71,0,50,1,74,0,0,0,0,0,0,5,0,0,0,0,0,8,0,0,0,0,0,0,0,0,18
Preble,Cortland,7,0,3,1,22,2,1,7,0,5,643,31,5,2,0,0,1,0,52,0,33,20,2,1,1,7,0,20,4,0,9,118,0,2,0,2,3,0,0,7,0,0,4,3,2,21,0,0,0,3,0,1,11,5,0,14,0,1,0,0,0,0,0,43,0,0,0,1,0,0,0,0,0,0,0,15,0,0,0,0,2,2,0,3,0,3,2,0,0,0,11,0,0,0,0,0,0,0,0,0,0,7,0,0,35,0,5,0,53,0,0,0,0,0,0,0,0,0,0,0,0,6,0,0,0,0,0,0,0,0,3
Coxsackie,Greene,185,0,0,0,5,0,0,1,0,72,0,5,46,0,0,0,0,0,"2,731",0,0,0,3,0,1,1,0,2,34,0,2,3,1,1,1,5,12,1,0,11,2,0,0,15,4,19,0,0,0,9,3,3,0,23,1,4,1,6,0,0,0,0,0,20,0,0,0,5,2,0,0,0,0,1,3,14,0,0,0,0,3,5,1,3,0,0,0,0,0,0,9,5,0,0,0,0,0,0,0,0,0,7,0,0,10,0,12,0,239,0,0,0,0,0,0,0,0,0,1,0,0,37,0,0,2,2,0,0,0,0,1
New Baltimore,Greene,369,0,1,0,0,0,1,1,0,36,0,8,43,0,0,0,0,0,"1,690",0,0,1,7,0,0,1,0,2,15,2,12,7,0,4,0,1,3,3,6,28,0,0,1,4,14,50,0,2,0,3,0,0,0,17,1,3,0,3,0,0,0,0,0,11,0,0,0,3,0,0,0,0,0,0,0,10,0,0,0,0,1,12,0,0,0,3,6,0,0,0,9,2,1,0,0,0,0,0,0,0,0,7,0,0,7,1,26,6,142,0,0,0,0,0,1,0,0,0,0,0,0,2,0,0,0,2,0,0,0,0,30
Schuyler,Herkimer,5,0,0,1,5,0,0,2,0,0,1,2,3,0,0,0,1,0,1,0,"1,120",18,0,6,0,0,5,11,3,0,107,4,1,0,0,4,11,0,0,1,0,0,2,2,3,2,0,0,1,0,0,0,0,0,1,1,0,1,0,0,0,0,2,9,0,0,0,0,1,0,0,0,0,0,0,11,0,0,0,0,0,1,2,0,0,0,10,2,0,0,2,0,4,0,0,0,0,0,0,0,0,7,0,0,17,2,57,0,94,0,0,0,0,0,0,0,0,0,0,0,0,1,0,0,0,0,0,42,0,0,0
Hamilton,Madison,17,0,8,5,4,6,0,274,5,13,27,16,8,1,1,0,0,6,5,0,19,12,0,6,0,"1,907",3,8,15,2,174,25,5,0,0,14,71,0,0,17,0,2,5,8,0,16,0,1,0,2,5,3,3,0,3,18,3,1,0,0,1,0,6,148,0,2,0,13,2,0,0,0,1,6,2,108,12,1,0,0,8,4,1,5,0,22,46,0,1,0,42,2,2,0,0,0,6,0,0,0,0,7,0,0,81,0,8,0,123,0,0,0,0,0,0,1,0,0,3,0,0,5,0,0,0,0,0,4,0,0,17
Nelson,Madison,1,5,0,0,2,0,0,19,0,16,9,1,12,3,0,0,0,2,0,0,8,3,6,6,0,"1,094",0,6,10,0,53,30,1,11,0,11,2,0,0,6,0,0,0,5,1,6,0,0,1,2,8,5,0,1,1,1,1,8,0,0,0,0,0,34,0,0,0,3,0,0,0,0,0,0,0,32,4,0,0,0,16,8,0,0,0,2,9,0,0,0,29,0,2,0,0,0,0,0,0,0,0,7,0,0,21,0,0,0,27,0,0,0,0,0,0,0,0,0,0,0,0,1,0,0,0,0,0,160,0,0,5
Marshall,Oneida,3,1,3,0,1,1,1,21,1,5,4,1,5,2,1,0,7,0,3,0,22,6,1,5,3,79,2,4,27,0,"1,288",6,0,2,0,10,24,0,0,11,0,0,3,9,0,1,0,0,0,0,0,0,1,0,0,8,0,0,0,1,0,0,0,52,0,0,0,3,0,1,0,0,0,0,0,30,12,0,0,0,2,6,2,1,0,4,9,0,0,0,17,0,2,0,0,0,0,0,0,0,0,7,0,0,81,1,6,0,240,0,0,0,0,0,0,0,0,0,0,0,0,10,0,0,0,0,0,82,0,0,0
Vernon,Oneida,19,0,0,0,7,0,0,15,0,6,4,1,4,0,0,0,7,1,5,3,105,7,3,9,0,203,7,42,9,2,"1,599",29,2,2,0,23,25,1,0,13,0,0,5,8,8,8,0,0,4,0,0,0,0,0,0,12,0,2,2,0,0,0,0,104,0,0,0,4,2,4,0,1,0,5,0,72,5,0,1,0,6,3,0,4,0,12,7,1,0,0,27,1,8,0,0,0,0,0,0,1,0,7,0,0,218,31,43,0,135,0,0,0,0,0,0,0,0,0,0,0,0,9,0,0,0,4,0,7,0,0,7
Hopewell,Ontario,7,4,1,4,20,0,3,1,1,1,2,1,25,14,0,0,2,0,3,0,3,0,0,1,8,2,16,10,13,3,9,7,987,4,3,4,3,0,0,6,0,10,3,5,4,6,7,27,6,0,0,1,6,10,0,3,31,0,3,39,0,0,0,19,0,0,0,3,4,0,0,0,0,8,0,22,10,0,0,0,2,14,1,4,0,19,2,0,0,0,11,1,0,0,0,100,0,1,0,0,0,7,0,0,27,3,13,2,174,0,0,0,0,0,0,0,0,0,0,0,0,10,0,0,0,0,0,0,0,0,2
Naples,Ontario,2,20,0,1,13,3,3,4,0,18,6,2,25,0,0,0,1,5,1,0,12,1,0,5,36,7,19,4,4,3,16,16,"1,123",7,2,2,28,1,0,1,0,1,3,18,1,4,2,15,151,0,3,3,4,4,1,6,8,2,0,174,0,0,0,48,0,0,0,0,4,0,0,0,4,0,1,48,16,0,0,1,4,10,0,4,0,16,4,0,1,0,19,1,1,0,0,0,0,0,0,0,0,7,0,1,11,0,11,0,4,0,0,0,0,0,0,0,0,0,1,0,0,4,0,0,0,0,0,0,0,0,21
South Bristol,Ontario,4,3,0,0,6,1,1,4,0,1,2,0,29,4,0,1,0,1,7,0,0,2,2,0,25,11,35,1,0,4,6,17,719,7,0,1,15,3,1,3,0,0,2,2,0,4,4,3,25,0,0,1,0,0,0,2,5,1,1,32,0,0,0,22,2,0,0,0,2,0,2,0,0,1,0,19,5,1,0,0,6,5,0,0,0,11,5,0,0,0,23,0,6,0,0,0,0,0,0,0,0,7,0,0,22,1,8,4,17,0,0,0,0,0,0,0,0,0,0,0,0,1,0,0,0,0,0,0,0,0,2
Cherry Valley,Otsego,38,0,0,0,0,3,3,0,0,21,2,5,9,1,1,0,7,0,10,0,41,2,0,0,1,0,4,239,16,0,17,1,0,2,0,2,"1,532",0,0,7,0,0,1,7,4,136,0,0,0,0,0,0,0,3,0,1,0,4,1,0,0,0,2,28,0,0,0,2,0,0,0,2,0,0,0,12,5,0,0,0,1,4,0,2,0,6,2,0,0,0,4,0,1,0,0,0,0,0,0,0,0,7,0,0,86,0,7,0,65,0,0,0,0,0,0,0,0,0,0,0,0,19,0,0,0,0,0,1,0,0,7
Worcester,Otsego,68,0,10,1,1,1,1,8,1,16,0,98,14,0,0,0,1,0,16,2,5,3,0,0,0,1,0,23,7,0,3,1,1,1,0,5,"1,263",0,0,34,0,1,0,4,6,362,0,0,0,1,0,1,1,2,0,5,1,3,0,1,0,0,0,15,0,0,0,6,1,1,0,0,0,1,0,23,0,0,0,0,0,5,0,0,0,8,0,0,0,0,16,1,4,0,0,0,0,0,0,0,0,7,0,0,23,0,3,0,129,0,0,0,0,0,2,0,0,0,0,0,0,8,0,0,0,0,0,0,0,0,5
Nassau,Rensselaer,46,0,0,0,2,0,0,4,0,303,0,2,80,0,1,0,1,17,5,1,0,0,0,0,1,2,1,1,9,0,4,0,0,0,1,0,4,1,0,"1,922",0,0,1,29,2,10,0,0,1,0,0,0,0,2,6,10,1,4,0,0,0,0,0,30,0,0,0,5,0,2,0,1,0,2,0,84,2,0,0,2,1,3,2,1,0,3,7,0,2,0,8,0,0,0,0,0,0,0,0,0,0,7,0,0,37,0,137,0,71,0,1,0,0,0,0,0,0,0,0,0,0,3,0,0,0,0,0,0,1,0,8
Howard,Steuben,1,20,2,2,23,3,18,24,0,6,4,3,6,1,2,0,0,3,2,1,12,6,3,0,15,5,5,103,4,3,3,0,12,16,0,0,79,2,0,4,0,0,5,10,5,1,5,18,"1,521",0,2,1,37,2,2,26,0,0,1,41,0,0,0,29,0,0,0,0,2,0,0,0,0,2,0,22,2,0,0,0,4,24,0,3,0,42,4,0,0,0,18,0,3,0,0,0,0,0,0,0,0,7,0,0,14,0,5,0,137,0,0,0,0,0,0,0,0,0,0,0,0,7,0,0,0,0,0,1,0,0,4
Lindley,Steuben,2,6,18,0,3,0,20,29,0,1,6,12,7,0,1,0,0,1,1,1,1,2,0,0,4,2,2,4,3,1,3,2,2,17,1,0,43,0,0,0,0,1,0,10,0,7,4,0,426,1,0,10,9,0,1,1,0,0,0,6,0,0,0,6,0,0,1,0,1,0,0,0,0,0,1,5,1,0,0,0,1,30,0,0,0,110,2,0,0,0,5,1,0,0,0,0,0,0,0,0,0,7,0,0,4,0,7,0,48,0,0,0,0,0,0,0,0,0,0,0,0,0,0,0,0,0,0,0,0,0,78
Wethersfield,Wyoming,12,7,8,9,9,1,0,8,0,4,0,2,4,15,1,0,0,26,0,0,23,3,4,0,14,3,13,2,1,6,28,4,11,1,6,0,9,2,0,7,0,0,1,9,1,2,0,1,4,0,0,0,2,0,13,30,0,3,757,0,0,0,0,38,0,0,0,1,1,0,0,0,0,13,0,23,1,0,0,0,4,4,0,1,0,13,12,0,0,0,32,0,1,0,0,0,0,0,0,0,0,7,0,0,17,2,17,0,50,0,0,0,0,0,0,0,0,0,0,0,0,2,0,0,0,0,0,4,0,0,5
Italy,Yates,4,18,1,7,13,1,3,1,1,4,4,3,4,1,0,0,1,0,3,0,8,2,1,0,12,1,4,11,1,0,4,17,87,7,2,0,12,0,1,5,0,0,3,4,0,6,1,13,137,1,0,0,3,1,1,6,9,2,3,784,0,0,0,10,1,0,0,1,0,0,0,0,0,2,0,22,6,0,0,0,0,12,0,4,0,15,6,0,0,0,35,1,2,0,0,0,0,0,0,0,0,7,0,0,40,0,1,0,10,0,0,0,0,0,0,0,0,0,0,0,0,25,0,0,0,0,0,0,0,1,33
Jerusalem,Yates,15,8,4,2,16,2,7,5,0,80,1,8,63,4,0,0,4,2,3,1,6,0,2,2,3,4,12,18,13,0,13,28,84,35,0,3,14,18,1,8,0,0,0,22,1,7,2,26,161,1,1,3,14,3,0,3,9,10,1,"1,519",0,0,0,44,1,0,0,3,1,0,0,0,0,6,0,12,14,0,0,0,2,28,0,8,0,29,16,0,0,0,14,3,1,0,0,0,1,0,0,0,0,7,0,0,56,1,1,0,127,0,0,0,0,0,0,0,0,0,0,0,0,14,0,0,0,0,0,0,0,0,21
Tyre,Seneca,8,0,0,0,54,0,1,3,1,2,0,0,12,0,2,0,0,2,3,0,5,3,0,0,3,2,7,13,4,3,12,13,19,17,6,2,2,1,0,2,0,9,9,3,0,4,1,753,3,0,0,0,5,23,1,10,72,18,0,5,0,0,0,10,0,0,0,2,0,0,0,0,0,2,0,5,9,0,0,0,2,61,0,2,0,12,5,0,0,0,12,1,2,0,0,0,0,0,0,0,0,6,0,0,23,0,13,0,57,1,0,3,0,0,0,0,0,0,0,0,0,2,0,0,0,0,0,0,0,0,0
Mamaroneck,Westchester,0,0,0,0,0,0,0,0,0,0,0,1,0,0,0,0,0,0,0,0,0,0,0,0,0,0,0,0,377,0,0,0,0,0,0,0,0,0,0,0,0,0,0,0,0,0,0,0,0,0,0,0,0,3,0,1,0,518,0,0,0,0,0,37,0,0,0,1,0,0,0,1,0,8,3,4,0,1,0,0,1,25,0,2,0,4,1,4,0,0,3,5,0,0,0,0,0,0,0,1,0,6,0,0,33,24,45,0,253,0,0,2,0,0,2,1,0,0,0,0,0,12,0,0,0,0,0,0,0,1,13
Almond,Allegany,0,938,3,10,23,1,0,14,0,3,11,6,10,3,1,0,0,3,1,0,10,7,0,0,50,8,16,4,3,3,10,5,18,7,0,1,17,0,0,39,0,0,0,5,0,2,2,8,120,6,0,1,21,1,1,8,2,1,5,6,0,0,0,22,0,0,0,0,0,0,0,2,0,0,1,35,4,0,0,0,6,16,0,8,0,42,14,0,0,0,23,0,6,0,0,0,0,0,0,0,0,6,0,0,4,0,5,0,20,0,0,0,0,0,0,0,0,0,0,0,0,5,0,0,0,0,0,3,0,0,19
Hinsdale,Cattaraugus,0,92,18,818,9,9,3,20,0,1,30,11,6,15,4,0,0,14,5,0,15,4,1,1,9,16,5,8,7,0,9,17,8,4,0,1,9,0,0,5,0,0,0,6,0,2,1,6,24,0,5,8,32,2,0,5,1,0,30,3,0,0,0,14,0,0,0,1,1,2,0,0,0,1,1,39,6,0,0,0,8,9,0,3,0,98,0,0,0,0,37,1,1,0,0,0,0,0,0,0,0,6,0,0,4,0,3,0,96,0,0,0,0,0,0,0,0,0,0,0,0,7,0,0,0,0,0,0,0,0,8
Ira,Cayuga,102,15,0,1,"1,059",4,0,23,0,37,2,3,10,3,0,0,2,0,5,0,17,10,3,1,0,18,2,46,6,0,12,151,3,4,0,121,6,0,0,34,0,1,10,55,3,15,0,6,1,2,0,0,2,3,2,49,29,4,1,1,0,0,0,42,0,0,0,6,2,0,0,0,2,0,0,20,7,0,0,0,7,5,1,5,0,7,7,1,0,0,25,0,5,0,0,0,0,0,0,0,0,6,0,0,16,1,51,0,49,0,0,0,0,0,0,0,0,0,0,0,0,1,0,0,0,0,0,0,0,0,16
Scipio,Cayuga,15,3,6,2,"1,309",2,8,6,0,3,23,5,32,2,0,0,0,1,6,0,4,9,1,0,7,1,1,2,6,1,9,19,8,7,0,2,10,0,6,11,2,0,0,14,0,2,0,10,10,0,1,1,29,6,0,16,2,7,4,0,0,0,0,37,0,0,0,1,0,0,0,0,0,0,7,19,2,0,0,0,1,12,1,6,0,20,1,0,0,0,12,7,3,0,0,0,0,0,0,0,0,6,0,0,81,0,4,0,184,0,0,0,0,0,0,0,0,0,0,0,0,3,0,0,0,0,0,2,1,0,6
Busti,Chautauqua,2,5,1,29,7,"1,012",0,12,0,2,0,3,3,20,2,2,1,15,0,0,34,3,5,0,6,13,13,26,1,1,28,11,11,4,3,2,20,0,1,27,0,0,1,8,2,6,0,7,3,0,0,3,9,0,0,19,6,1,3,6,0,0,0,39,0,0,0,6,1,1,0,0,0,4,0,48,7,0,0,0,10,16,0,6,0,238,4,0,0,0,43,1,6,0,0,0,0,0,0,0,0,6,0,0,56,0,2,0,38,0,0,0,0,0,0,0,0,0,1,0,0,2,0,0,37,0,0,0,0,1,4
Villenova,Chautauqua,0,8,3,69,5,829,5,30,1,0,2,2,11,21,1,0,0,5,3,0,34,8,5,0,12,57,8,9,8,4,33,3,4,1,3,5,30,0,0,6,0,0,1,3,0,8,0,0,2,8,1,5,0,0,1,8,23,0,3,1,0,0,0,17,0,0,0,3,3,1,1,0,0,0,0,38,6,0,0,0,7,8,0,9,0,33,8,0,0,0,25,0,3,0,0,0,0,0,0,0,0,6,0,0,11,0,23,0,9,0,0,0,0,0,0,0,0,0,0,0,0,3,0,0,0,1,0,1,0,0,0
Austerlitz,Columbia,0,0,0,0,0,0,0,0,0,"1,102",0,0,0,0,0,0,0,0,1,0,0,0,0,0,0,0,0,0,143,0,0,0,0,0,0,0,0,1,0,2,0,0,0,0,0,0,0,0,0,0,0,0,0,0,0,0,0,0,0,0,0,0,0,10,0,0,0,2,0,0,0,0,0,1,0,34,0,0,0,0,0,0,0,0,0,0,0,0,0,0,0,1,0,0,0,0,0,0,0,0,0,6,0,0,8,37,37,0,65,0,0,0,0,0,0,0,0,0,0,0,0,0,0,0,0,0,0,0,0,0,23
Hancock,Delaware,41,2,21,1,0,0,0,3,0,0,2,"1,700",13,0,0,0,0,0,41,0,0,0,6,0,0,0,0,0,40,0,0,1,0,29,0,0,28,1,0,0,0,0,0,2,0,45,0,0,0,0,121,4,6,24,0,3,1,2,0,0,0,0,0,33,1,0,0,1,1,0,0,0,2,0,1,8,0,0,0,0,0,31,0,7,0,219,1,0,1,0,3,0,1,0,0,0,0,0,0,0,0,6,0,0,40,34,97,4,265,0,0,0,0,0,0,0,0,0,0,0,0,9,0,0,0,2,0,0,0,0,12
Middletown_D,Delaware,22,0,2,0,0,1,0,4,0,8,1,"2,316",62,2,1,0,0,0,138,0,1,1,2,0,0,0,0,1,22,0,1,0,0,5,0,1,8,12,0,5,0,0,1,1,1,75,0,0,0,1,10,0,3,142,0,0,0,14,0,1,1,0,0,20,0,0,0,11,1,0,0,0,0,1,1,8,0,1,0,0,2,0,1,3,0,17,5,0,0,0,9,0,0,0,0,0,0,0,0,0,0,6,0,0,19,0,10,0,65,0,0,0,0,0,0,0,0,0,4,0,0,54,0,0,0,0,0,1,0,0,14
Broadalbin,Fulton,48,0,2,0,3,2,0,0,1,9,1,2,26,0,3,1,"1,358",0,10,11,9,10,2,2,0,2,0,99,15,0,9,4,1,0,1,4,4,0,2,52,0,0,0,287,31,18,0,0,2,0,0,0,0,1,19,23,2,5,0,0,0,0,0,25,0,0,1,2,1,0,0,0,0,0,0,20,1,0,0,0,8,5,0,2,0,3,9,0,0,0,28,0,3,0,0,0,0,0,0,0,0,6,0,0,35,3,29,0,34,0,0,0,0,0,1,1,0,0,1,0,0,19,0,0,0,0,0,1,0,0,15
Ephratah,Fulton,6,0,0,0,0,0,0,1,1,10,1,0,6,1,0,0,"1,278",0,2,0,23,13,4,0,1,0,0,598,6,0,10,0,0,0,0,6,12,0,0,16,0,0,2,29,10,9,0,0,1,0,0,0,1,0,0,2,1,0,0,0,0,0,0,9,0,0,0,3,0,0,0,0,0,0,0,8,0,0,0,0,1,2,0,3,0,2,5,0,0,0,5,0,0,0,0,0,0,0,0,0,0,6,0,0,6,1,26,0,37,0,0,0,0,0,0,0,0,0,3,0,0,8,0,0,0,0,0,0,0,0,14
Long Lake,Hamilton,0,0,0,0,0,0,0,0,0,0,0,0,0,0,50,0,0,0,0,119,4,0,0,4,0,0,0,19,0,0,0,0,0,0,0,0,0,0,0,0,0,0,0,3,0,1,0,0,0,0,0,0,0,0,18,0,0,0,0,0,0,0,0,5,0,0,0,0,0,0,0,0,0,0,0,1,0,0,0,0,3,0,0,0,0,0,0,0,0,0,28,0,0,0,0,0,0,0,0,0,0,6,0,0,0,0,0,0,8,0,0,0,0,0,0,0,0,0,0,0,0,11,0,0,0,0,0,0,0,0,1
Winfield,Herkimer,6,4,1,0,0,2,0,7,0,3,5,3,8,0,0,0,0,0,4,1,808,12,0,2,0,18,0,3,1,0,105,8,2,0,0,8,189,0,0,4,0,0,0,1,0,12,0,0,0,0,0,0,0,3,1,3,0,1,0,0,0,0,0,43,0,0,0,3,0,1,0,0,0,0,0,30,3,0,0,0,7,3,0,2,0,5,11,0,0,0,8,3,3,0,0,0,0,0,0,0,0,6,0,0,30,2,7,0,104,0,0,0,0,0,0,0,0,0,0,0,0,7,0,1,0,0,0,5,0,0,8
Gravesend,Kings,7,0,0,0,0,0,0,0,0,0,0,0,2,0,0,0,1,0,0,0,0,1,977,0,0,0,0,0,95,0,0,0,0,5,0,0,1,0,12,1,3,0,0,0,2,0,0,0,0,2,1,0,0,0,0,0,0,3,0,0,0,0,0,1,0,0,4,0,0,0,0,1,0,0,0,7,0,0,1,0,1,32,0,0,0,12,1,0,0,0,5,0,0,0,0,0,0,0,0,0,0,6,0,0,43,2,74,1,314,0,0,0,0,0,0,0,0,0,0,0,0,4,0,3,0,0,0,0,0,0,2
West Sparta,Livingston,1,39,4,1,46,0,0,0,0,0,0,1,0,1,0,1,9,0,2,0,7,2,1,0,875,1,11,18,2,0,0,4,3,4,1,0,6,0,0,2,0,0,0,14,1,7,0,7,25,0,0,0,2,0,0,6,5,2,6,2,0,0,0,8,0,0,0,0,0,0,0,2,0,0,0,13,3,0,0,1,4,33,0,4,0,70,2,0,0,0,8,0,3,0,0,0,0,0,0,0,0,6,0,0,9,0,23,0,67,0,0,0,0,0,0,0,0,0,2,0,0,4,0,0,0,0,0,2,0,0,0
Charleston,Montgomery,35,0,0,0,2,0,0,0,0,8,0,0,11,1,0,0,4,0,2,0,4,2,1,2,0,3,1,"1,274",4,1,6,2,0,0,0,0,13,0,0,11,0,0,0,17,63,132,0,0,2,0,1,1,2,1,9,2,1,1,0,0,0,0,0,2,0,0,0,0,0,0,0,0,0,0,0,9,1,0,0,0,0,9,0,0,0,0,2,0,0,0,6,0,0,0,0,0,0,0,0,0,0,6,0,0,12,0,2,1,9,0,0,0,0,0,0,0,0,0,0,0,0,0,0,0,0,0,0,0,0,0,9
Tully,Onondaga,11,1,0,3,21,1,0,10,1,15,137,4,4,1,1,0,0,0,10,16,8,4,0,0,2,17,2,15,4,0,16,871,6,1,0,12,11,0,0,11,0,0,7,12,2,11,0,5,1,1,1,3,4,0,4,7,1,0,0,0,0,0,0,40,0,0,0,2,1,1,0,0,0,0,0,43,2,0,0,0,2,3,0,4,0,1,7,0,0,0,19,2,6,0,5,0,0,0,0,0,0,6,0,0,24,0,12,0,104,0,0,0,0,0,0,0,0,0,0,0,0,5,0,0,0,0,0,0,0,0,19
East Greenbush,Rensselaer,120,0,0,0,0,0,0,0,0,40,0,0,20,0,0,0,0,1,7,0,1,0,0,1,1,1,3,3,14,1,3,3,0,1,0,3,5,0,0,"1,957",0,1,0,7,3,4,0,0,0,0,0,0,0,4,0,2,5,0,0,0,0,0,0,1,0,0,1,0,0,1,0,0,0,0,0,24,0,0,0,0,3,5,0,2,0,2,2,0,0,0,7,3,3,0,0,0,0,0,0,7,0,6,0,0,30,0,133,0,212,0,0,0,0,0,0,0,0,0,0,0,0,0,0,0,0,7,0,2,0,0,0
Haverstraw,Rockland,14,0,0,0,1,0,1,0,0,4,3,2,21,0,0,0,0,0,6,0,1,0,21,1,0,0,0,0,156,0,1,0,6,167,0,0,0,7,19,6,1,"2,405",0,1,0,7,0,0,0,4,0,0,0,18,0,0,0,73,0,0,0,0,0,16,0,0,0,0,0,0,0,1,0,4,2,17,0,0,0,0,0,82,0,6,0,17,6,2,0,0,1,6,1,0,0,0,0,0,0,0,0,6,0,0,108,0,170,0,652,0,0,0,0,0,0,2,0,0,0,0,0,40,0,0,2,0,0,2,1,0,23
Ballston,Saratoga,36,0,0,0,1,0,0,0,0,9,0,2,17,1,3,0,7,1,3,0,5,0,0,1,3,1,3,8,11,0,1,2,0,3,0,6,0,0,0,104,0,0,0,"1,230",81,13,0,1,0,1,2,1,0,5,3,17,1,3,0,0,0,0,0,36,0,0,0,1,1,0,0,1,0,1,1,28,4,0,0,1,9,13,0,2,0,0,1,0,0,0,26,1,4,0,0,0,0,0,0,0,0,6,0,0,47,0,19,5,215,0,0,0,0,0,0,0,0,0,0,0,0,5,0,0,0,0,0,1,0,0,15
Middleburgh,Schoharie,286,0,3,1,1,1,0,0,1,23,2,11,25,1,0,0,0,2,38,0,2,0,2,1,0,1,0,25,7,0,1,1,0,2,0,0,27,0,0,13,0,1,0,3,19,"2,587",0,0,0,0,0,0,0,15,0,2,1,1,0,0,0,0,0,15,0,0,0,0,0,0,0,0,0,0,0,6,4,0,0,0,0,1,0,2,0,1,1,0,0,0,4,0,0,0,0,0,0,0,0,0,0,6,0,0,3,13,45,0,40,0,0,0,0,0,0,0,0,0,0,0,0,1,0,0,0,0,0,0,0,0,19
Schoharie,Schoharie,185,1,5,0,4,0,1,2,0,25,1,23,17,1,0,0,5,0,29,0,8,0,0,0,0,0,1,44,10,1,7,3,0,5,6,7,23,0,1,18,0,0,0,4,59,"2,378",0,0,0,1,1,1,0,3,1,12,0,1,0,0,0,0,0,10,0,0,0,0,0,0,0,0,0,1,1,8,1,0,0,0,2,7,0,4,0,4,8,0,0,0,10,2,0,0,0,0,0,0,0,0,0,6,1,0,9,2,65,0,91,0,0,0,0,0,0,0,0,0,3,0,0,2,0,0,0,0,0,0,0,0,29
Dansville,Steuben,2,54,1,4,6,0,3,5,0,0,3,2,3,3,1,0,0,9,3,0,3,1,1,1,185,2,10,10,4,1,8,15,22,2,2,6,7,1,1,12,0,0,1,9,1,2,4,2,"1,110",1,0,1,5,0,0,25,3,0,7,2,0,0,0,11,0,0,0,3,1,0,0,0,0,1,2,16,11,0,0,1,23,13,1,1,0,101,2,0,1,0,23,1,6,0,0,0,0,0,0,0,0,6,0,0,26,1,132,0,25,0,0,0,0,0,0,0,0,0,0,0,0,1,0,0,0,0,0,0,0,0,6
Rathbone,Steuben,3,9,20,1,3,5,27,33,0,6,4,5,4,2,0,0,0,0,2,0,7,6,0,2,3,8,6,3,0,0,6,4,7,3,1,0,7,0,0,1,3,3,1,4,0,6,2,5,767,0,0,37,21,4,0,5,1,1,5,36,0,0,0,24,0,0,0,1,1,0,0,0,0,1,0,11,5,0,0,0,4,40,2,4,0,60,0,0,0,0,8,4,0,0,0,0,0,0,0,0,0,6,0,0,45,0,0,0,105,0,0,0,0,0,1,0,0,0,0,0,0,16,0,0,0,0,0,2,0,0,21
Woodhull,Steuben,6,12,23,9,14,2,50,63,0,7,22,18,8,1,1,0,0,3,5,0,11,1,0,0,7,7,1,11,45,0,21,14,9,10,0,0,6,5,0,6,0,0,1,6,2,12,11,15,"1,106",0,3,9,22,4,0,2,1,2,1,35,0,0,0,27,1,0,0,1,4,0,0,0,0,3,0,16,0,0,1,0,4,40,0,8,0,225,16,0,0,0,17,1,0,0,0,0,0,0,0,0,0,6,0,0,9,0,0,0,20,0,0,0,0,0,0,0,0,0,0,0,0,0,0,0,0,0,0,0,0,0,14
East Hampton,Suffolk,2,0,0,0,0,0,0,1,5,0,0,0,2,0,0,0,0,0,0,0,0,0,7,2,0,0,0,0,40,1,1,2,0,6,0,0,3,1,9,0,1,0,0,0,0,0,0,0,0,"1,965",0,0,0,2,0,0,0,0,0,0,0,0,1,50,0,0,0,0,1,0,0,1,0,5,3,14,0,0,0,0,2,14,0,0,0,4,13,1,0,0,2,1,1,0,0,0,1,0,0,0,0,6,0,0,32,0,9,0,88,0,0,0,0,0,0,0,1,0,0,0,0,3,0,0,0,0,0,0,0,0,10
Saugerties,Ulster,94,0,2,0,8,0,0,0,1,159,0,15,150,0,4,0,0,2,483,0,1,0,12,1,2,2,2,12,105,1,4,4,0,31,0,0,5,2,8,28,0,16,0,4,0,38,1,3,0,2,15,0,1,"6,466",0,1,4,20,0,0,0,0,0,57,0,0,0,3,2,0,0,1,1,0,2,25,3,0,0,0,3,61,1,7,0,17,7,3,0,0,6,5,4,0,0,0,0,0,0,0,0,6,2,0,173,5,320,1,950,0,0,0,0,0,1,0,0,0,0,0,0,27,0,0,0,2,1,0,1,2,18
Shandaken,Ulster,30,0,1,0,0,0,0,1,0,16,0,171,97,0,0,0,3,0,358,1,1,0,5,1,1,0,0,0,17,0,1,0,2,8,1,0,3,1,3,8,0,1,1,1,0,79,0,1,0,2,22,1,3,"1,533",0,1,2,2,0,0,0,0,0,18,0,0,0,1,0,0,0,0,0,0,0,2,6,0,0,0,0,7,1,2,0,9,2,0,0,0,1,0,0,0,0,0,0,0,0,0,0,6,1,0,26,5,50,0,180,0,2,0,0,0,2,3,0,0,1,0,0,10,0,0,0,0,0,0,0,0,5
Covington,Wyoming,3,5,0,8,23,3,0,2,0,4,0,1,5,5,0,0,4,73,1,0,1,2,1,2,70,3,22,2,16,0,12,10,9,7,4,0,4,0,0,14,0,0,1,20,2,3,0,1,1,0,0,0,2,2,0,17,2,0,575,0,0,0,0,15,0,0,0,0,0,0,0,0,0,0,0,27,10,0,0,0,2,5,0,1,0,9,7,0,0,0,27,0,2,0,0,0,0,0,0,0,0,6,0,0,19,1,0,0,140,0,0,0,0,0,0,0,0,0,0,0,0,18,0,0,0,1,0,0,0,0,1
Frankfort,Herkimer,7,1,3,2,0,0,2,6,2,8,2,1,7,2,1,0,1,0,3,0,"1,967",9,0,3,0,7,3,32,7,0,191,10,2,0,1,11,36,0,0,22,0,0,4,28,5,17,0,9,0,0,0,0,1,0,0,9,3,1,1,0,0,0,0,74,0,0,1,2,0,7,0,0,0,7,1,36,6,0,0,0,0,2,0,5,0,10,14,0,0,0,14,2,2,0,0,0,0,0,0,0,0,5,0,0,87,22,108,0,166,2,0,2,0,0,1,0,0,0,0,0,0,0,0,0,0,0,0,60,0,0,23
Islip,Suffolk,5,4,0,0,1,0,0,2,2,1,0,1,9,1,0,0,3,1,0,0,7,1,78,0,0,1,1,3,289,0,1,0,1,5,0,0,0,0,65,3,0,3,0,0,1,2,0,0,0,"2,730",1,12,0,1,0,4,0,14,0,0,1,0,0,16,0,0,0,2,0,2,0,0,9,5,7,39,0,0,0,0,10,33,2,10,0,12,6,0,0,0,3,18,2,1,0,0,0,0,0,47,0,5,0,0,165,6,77,108,342,0,0,1,0,0,2,5,0,0,5,0,0,23,1,0,0,3,0,1,0,0,21
Guilderland,Albany,"2,515",0,1,0,6,0,0,0,0,44,0,6,11,1,0,0,1,0,3,0,0,0,1,0,0,0,0,22,20,2,9,0,0,1,0,0,2,0,0,37,0,0,0,10,137,51,1,0,1,0,0,0,0,6,4,6,0,1,1,0,0,0,0,4,0,0,0,2,0,0,0,0,1,0,1,12,1,0,0,2,2,4,0,0,0,3,2,0,0,1,3,0,2,0,3,0,0,0,0,0,0,5,0,0,37,1,75,0,133,0,0,0,0,0,0,0,0,0,0,0,0,6,0,0,0,0,0,1,0,0,2
Genesee,Allegany,0,449,4,65,3,1,0,17,1,1,11,5,0,1,1,0,0,1,0,0,8,2,0,1,15,21,3,2,5,1,5,3,1,0,0,0,15,0,0,24,0,0,0,3,0,2,0,1,16,0,0,1,3,0,6,3,1,0,19,1,0,0,0,18,0,0,0,1,0,0,0,0,0,4,0,4,1,0,0,0,2,6,0,10,0,50,58,0,0,0,15,0,0,0,0,0,0,0,0,0,0,5,0,0,1,0,1,0,3,1,0,0,0,0,0,1,0,0,0,0,0,1,0,0,0,0,0,0,0,0,16
Wirt,Allegany,4,747,12,13,7,6,6,13,0,5,38,3,6,5,1,1,1,5,3,0,3,4,0,0,12,26,0,5,1,1,13,55,6,1,0,1,30,2,0,26,0,0,1,14,0,1,0,9,38,1,0,7,2,2,1,11,0,1,11,3,0,0,0,28,0,0,0,1,1,0,0,1,0,5,1,22,4,0,0,0,4,15,0,2,0,35,33,0,0,0,31,2,1,0,0,0,0,0,0,0,0,5,0,0,1,0,1,0,7,0,0,0,0,0,0,0,0,0,0,0,0,1,0,0,0,0,0,0,0,0,1
Sanford,Broome,70,0,"1,345",1,3,0,4,136,1,40,4,450,20,1,1,0,2,2,6,0,1,2,3,0,3,9,0,2,19,1,8,2,4,53,0,15,114,1,0,5,0,1,0,3,0,100,0,1,1,0,22,2,5,10,0,1,1,4,0,0,0,0,0,47,0,0,0,0,1,3,0,0,0,0,13,27,2,1,0,0,6,24,0,6,0,221,4,0,0,0,11,2,2,0,0,0,0,0,0,0,0,5,0,0,26,1,5,0,271,0,0,0,0,0,0,2,0,0,0,0,0,15,0,0,0,0,0,0,0,1,17
Mansfield,Cattaraugus,3,2,1,659,4,11,1,8,0,2,9,2,2,31,0,0,0,18,0,0,31,6,0,0,10,9,6,3,1,0,6,33,2,0,1,35,5,0,0,2,0,0,1,0,1,4,0,0,5,0,0,0,2,1,8,10,5,0,23,1,0,0,0,38,0,0,0,4,0,1,0,0,0,1,0,33,2,0,0,0,5,3,0,6,0,13,2,0,0,0,51,0,1,0,0,0,0,0,0,0,0,5,0,0,6,0,40,0,33,0,0,0,0,0,0,0,0,0,0,0,0,0,0,0,0,0,0,0,0,0,9
Napoli,Cattaraugus,3,17,0,675,10,20,2,1,0,1,4,14,9,3,0,0,4,33,0,2,9,3,0,0,4,11,7,4,3,0,9,31,5,6,1,3,26,3,0,4,0,0,2,2,0,6,0,2,0,0,1,0,3,3,0,35,0,0,11,0,0,0,0,22,0,0,0,5,0,1,0,0,0,2,0,28,2,0,0,1,8,2,0,7,0,24,53,0,0,0,36,0,7,0,0,0,0,0,0,0,0,5,0,0,13,0,4,0,7,0,0,0,0,0,0,0,0,0,0,0,0,1,0,0,0,0,0,1,0,0,10
Sherburne,Chenango,12,0,14,0,7,0,0,"1,534",0,10,14,11,12,3,0,0,1,3,3,0,14,1,0,0,1,272,2,4,12,2,64,19,1,7,0,0,144,0,0,12,0,0,2,4,2,14,0,0,3,0,1,1,1,4,0,8,3,5,1,0,0,0,0,122,0,0,0,2,2,0,0,0,0,1,1,87,8,0,0,0,13,5,2,7,1,14,35,0,0,0,18,0,6,0,0,0,0,0,0,0,0,5,0,0,24,3,10,0,174,0,0,0,0,0,1,0,0,0,10,0,0,3,0,0,0,4,0,6,0,0,27
Cuyler,Cortland,3,4,3,0,1,3,0,90,0,4,785,2,4,0,0,0,0,2,0,0,25,3,1,4,0,83,2,9,1,0,18,81,0,1,1,0,37,0,0,21,0,0,0,6,3,3,0,0,3,0,0,0,11,1,0,4,4,0,0,0,0,0,0,27,0,0,0,6,0,5,0,0,0,0,0,22,1,0,0,0,7,3,0,7,0,5,22,0,0,0,13,1,3,0,0,0,0,0,0,0,0,5,0,0,22,0,0,0,67,0,0,0,0,0,0,0,0,0,0,0,0,0,0,0,0,0,0,1,0,0,6
North Collins,Erie,4,1,0,22,20,20,0,0,0,1,0,0,3,"1,114",8,0,0,5,1,0,4,2,2,0,1,2,5,4,3,2,1,5,3,1,0,0,5,0,0,1,0,0,1,12,1,5,0,0,3,0,0,0,0,1,3,12,10,7,1,0,0,0,0,11,0,0,0,5,0,2,0,0,0,1,0,60,9,1,0,0,1,3,0,14,0,4,6,0,1,0,44,0,0,0,0,0,0,0,0,0,0,5,0,0,2,49,254,0,5,0,0,0,0,0,0,0,0,0,29,0,0,1,0,0,0,2,0,0,0,0,8
Newcomb,Essex,0,0,0,0,0,0,0,0,0,0,0,0,2,0,79,0,0,0,0,7,0,0,0,1,0,0,0,3,1,0,1,0,0,0,0,0,0,0,0,0,0,0,3,1,0,1,0,0,0,0,0,0,0,0,7,1,0,0,0,0,0,0,0,2,0,0,0,0,0,0,0,0,0,0,0,1,0,0,0,0,2,0,0,0,0,1,0,0,0,0,25,0,0,0,0,0,0,0,0,0,0,5,0,0,1,0,1,0,3,0,0,0,0,0,0,0,0,0,0,0,0,0,0,0,0,0,0,0,0,0,1
Morehouse,Hamilton,0,0,0,0,0,1,0,0,1,1,0,0,0,0,0,0,0,2,0,77,16,0,1,1,0,0,0,0,7,0,13,0,0,0,0,0,0,0,0,1,0,0,0,1,1,6,0,0,0,0,0,0,0,0,0,0,0,0,0,0,0,0,0,1,0,0,0,0,0,0,0,0,0,0,0,1,0,0,0,0,1,0,0,0,0,1,0,0,0,0,0,0,0,0,0,0,0,0,0,0,0,5,0,0,2,21,40,3,5,0,0,0,0,0,0,0,0,0,0,0,0,0,0,0,0,5,0,2,0,0,0
Osceola,Lewis,3,0,0,0,1,0,0,0,0,0,0,1,2,0,0,0,1,0,3,0,27,28,0,171,1,0,1,7,12,1,166,0,0,1,0,37,9,0,0,6,1,0,3,1,1,0,0,0,0,0,0,1,0,0,0,2,0,3,0,0,0,0,0,5,0,0,0,0,0,0,0,0,0,2,0,9,0,0,0,0,5,4,0,0,0,2,0,0,0,0,11,0,5,0,0,0,0,0,0,0,0,5,0,0,54,0,3,2,84,0,0,0,0,0,0,0,0,0,2,0,0,23,0,0,0,1,0,4,0,0,1
Ava,Oneida,2,0,0,0,1,0,0,4,1,1,0,0,2,2,0,0,0,0,1,0,26,12,1,109,1,5,0,42,3,0,659,1,0,1,0,0,4,0,0,4,0,0,1,11,1,2,0,0,0,0,0,0,0,0,0,0,0,0,0,0,0,0,0,9,0,0,0,2,1,0,0,0,0,0,0,4,2,0,0,0,0,0,0,1,0,1,2,0,0,0,3,2,0,0,0,0,0,0,0,0,0,5,0,0,10,7,118,0,29,0,0,0,0,0,0,0,0,0,12,0,0,0,0,0,0,7,0,9,0,0,0
Deerfield,Oneida,4,0,0,1,1,0,2,2,0,0,0,4,1,3,0,0,0,3,0,0,147,10,1,4,0,7,2,20,17,0,"1,131",1,1,0,0,4,1,0,0,2,0,0,3,5,2,5,0,1,0,0,0,0,0,0,0,2,0,0,0,6,0,0,0,14,0,0,0,0,0,0,0,1,0,1,1,24,0,0,0,0,6,3,0,3,0,0,2,0,1,0,7,2,0,0,0,0,0,0,0,0,0,5,0,0,70,35,202,0,150,0,0,0,0,0,0,0,0,0,0,0,0,14,0,0,0,2,0,107,0,0,28
Spafford,Onondaga,10,3,4,1,44,0,0,8,0,2,93,1,14,0,0,2,8,0,3,4,8,6,2,0,0,9,2,10,2,1,4,926,2,4,2,3,14,0,0,37,0,0,0,12,3,5,5,1,2,0,2,1,5,4,0,49,1,2,0,0,0,0,0,20,0,0,0,1,0,0,0,0,0,4,0,28,4,1,0,0,3,9,0,1,0,8,16,0,0,0,15,2,0,0,0,0,0,0,0,0,0,5,0,0,76,0,4,0,43,0,0,0,0,0,0,0,0,0,0,0,0,3,0,0,0,0,0,0,0,0,2
Petersburgh,Rensselaer,9,4,0,0,5,0,0,0,1,0,1,3,1,0,1,0,4,0,1,0,1,2,0,0,0,1,0,7,0,0,3,2,0,0,0,0,2,0,0,"1,394",0,1,0,2,0,4,0,0,0,0,0,0,1,0,0,12,0,0,0,1,0,0,0,6,0,0,0,4,0,0,0,0,0,1,1,27,0,3,0,8,2,0,0,1,0,5,13,0,0,0,38,0,0,0,0,0,0,0,0,0,0,5,0,0,3,0,11,0,78,0,0,0,0,0,0,0,0,0,0,0,0,1,0,0,0,0,0,0,0,0,0
Edinburg,Saratoga,9,0,0,1,0,1,0,0,1,3,0,0,9,0,4,0,55,0,0,28,1,6,1,0,1,0,0,15,3,1,1,5,0,0,1,1,4,0,0,11,0,0,0,"1,004",11,2,0,0,1,0,0,0,0,0,31,7,0,3,0,0,0,0,0,12,0,0,0,3,0,0,0,0,0,1,0,33,0,0,0,0,4,2,0,0,0,3,10,0,0,0,38,0,0,0,0,0,0,0,0,0,0,5,0,0,4,0,1,6,14,0,0,0,0,0,0,0,0,0,0,0,0,0,0,0,0,0,0,0,0,0,0
Glenville,Schenectady,163,1,0,0,2,1,0,0,0,42,0,1,10,0,0,0,17,0,14,1,2,0,1,4,0,11,0,105,10,3,6,3,0,2,0,2,4,0,1,94,0,0,1,192,"1,761",29,0,1,0,1,0,0,0,4,3,5,0,3,0,0,0,0,0,6,0,0,0,5,1,1,0,0,0,1,0,20,3,0,0,0,0,5,0,1,0,3,5,0,0,0,15,1,3,0,0,0,0,0,0,0,1,5,0,0,80,6,189,6,129,0,0,0,0,0,0,0,0,0,7,0,0,15,0,0,0,2,0,0,0,0,28
Catherine,Schuyler,6,2,3,0,18,1,187,7,0,2,5,11,24,0,0,0,0,0,0,0,1,0,0,1,0,0,1,2,32,0,2,4,12,23,0,0,3,3,0,5,0,1,0,0,0,13,562,18,26,1,1,23,390,15,0,2,1,5,0,14,0,0,0,71,0,2,0,4,0,0,0,0,0,1,0,16,1,0,0,0,1,16,0,5,0,34,4,0,0,0,2,2,0,0,0,0,0,0,0,0,0,5,0,0,7,0,3,0,12,0,0,0,0,0,0,0,0,0,0,0,0,1,0,0,0,0,0,0,2,0,6
Bradford,Steuben,3,4,0,2,1,0,6,6,0,8,8,4,19,1,0,0,2,0,2,0,2,1,3,0,1,3,0,3,6,0,1,4,7,24,2,1,6,4,0,0,0,8,0,7,1,1,43,26,698,1,1,2,19,7,1,1,5,0,1,86,0,0,0,10,0,0,0,0,1,0,0,0,0,0,2,4,6,0,0,0,3,49,0,3,0,23,0,0,0,0,5,0,0,0,0,0,0,0,0,0,0,5,0,0,2,0,1,0,1,0,0,0,0,0,0,0,0,0,0,0,0,0,0,0,0,0,0,0,0,0,6
Campbell,Steuben,1,13,3,1,5,0,52,20,0,5,4,20,20,3,0,0,0,0,1,0,14,0,2,0,3,1,12,20,4,0,8,1,11,16,3,4,49,10,0,2,0,0,0,13,0,9,44,12,998,0,5,5,33,1,1,3,0,3,0,41,0,0,0,23,0,0,0,8,0,0,0,0,0,6,0,28,5,0,0,0,2,19,0,1,0,49,2,0,0,0,23,3,2,0,0,0,0,0,0,0,0,5,0,0,4,0,14,0,94,0,0,0,0,0,2,0,0,0,0,0,0,2,0,0,0,0,0,0,0,0,25
Cohocton,Steuben,5,13,5,3,21,1,2,6,0,3,11,6,10,6,1,0,0,11,5,1,9,4,1,0,121,9,10,21,15,3,16,16,144,6,1,1,34,1,0,5,0,2,2,26,0,20,0,16,"1,416",0,0,2,4,9,0,20,16,23,2,76,0,0,2,29,0,0,0,1,2,0,0,0,0,4,2,17,16,0,0,1,8,15,0,4,0,47,2,0,0,0,24,1,2,0,0,0,0,0,0,0,0,5,0,0,24,5,188,0,53,0,0,0,0,0,0,0,0,0,1,0,0,2,0,0,0,0,0,0,0,0,3
Fremont_St,Steuben,6,22,0,0,3,0,0,6,1,1,4,1,2,0,2,0,1,0,2,0,19,7,0,0,13,14,3,31,0,0,2,1,20,3,0,1,34,0,0,1,0,0,1,8,0,0,0,1,662,1,0,3,12,0,0,24,0,1,1,8,0,0,0,18,0,0,0,2,0,0,0,0,0,1,0,3,1,0,0,0,1,5,0,1,0,11,0,0,0,0,17,0,0,0,0,0,0,0,0,0,0,5,0,0,15,0,5,0,5,0,0,0,0,0,0,0,0,0,0,0,0,2,0,0,0,0,0,0,0,0,2
Danby,Tompkins,12,2,7,1,16,0,15,3,1,5,11,19,44,0,1,0,0,1,7,0,0,1,0,0,0,0,0,5,19,0,2,6,3,34,1,0,15,3,0,8,0,1,0,4,0,11,4,3,7,0,10,90,"1,400",32,1,6,3,19,0,0,0,0,0,90,0,1,0,1,0,0,0,0,0,1,3,13,7,0,0,0,4,76,0,2,0,49,1,0,0,1,9,2,2,0,0,0,0,0,0,0,0,5,0,0,9,0,5,0,15,0,0,0,0,0,0,0,0,0,0,0,0,0,0,0,0,0,0,0,1,0,10
Chester_W,Warren,6,0,0,0,0,0,1,3,2,9,0,1,12,3,117,1,1,1,3,16,0,1,0,0,0,1,2,1,23,1,2,2,0,0,1,1,2,0,3,19,0,0,1,29,1,2,0,0,0,1,0,0,0,1,"1,409",89,1,13,0,0,0,0,0,29,0,0,0,2,0,0,0,0,0,3,0,27,1,0,0,0,6,4,0,1,0,3,6,3,0,0,196,1,2,0,0,0,0,0,0,0,0,5,0,0,29,0,14,0,144,0,0,0,0,0,0,0,0,0,0,0,0,8,0,0,0,0,0,1,0,0,7
Barrington,Yates,5,0,0,0,7,1,4,0,0,32,1,6,32,0,1,0,0,0,1,0,2,0,1,0,2,1,1,6,0,0,2,1,23,30,0,1,5,24,0,2,0,2,0,6,0,2,26,24,136,0,0,5,20,3,0,3,7,1,0,877,0,0,0,14,0,0,0,1,0,0,0,0,0,0,1,5,8,0,0,0,0,35,0,1,0,10,9,0,0,0,5,0,3,0,0,0,0,0,0,0,0,5,0,0,6,2,0,0,37,0,0,0,0,0,0,0,0,0,2,0,0,0,0,0,0,0,0,0,0,0,13
Benton,Yates,8,0,4,1,28,6,12,4,0,102,1,3,30,2,1,0,0,3,2,1,7,2,0,1,6,3,11,4,27,0,5,19,135,46,2,1,5,10,1,7,0,3,0,15,0,14,13,42,54,1,0,9,13,11,2,2,9,5,1,"1,261",0,0,0,47,0,0,0,5,1,2,0,0,0,1,3,17,22,0,0,0,4,22,0,6,0,18,7,0,0,0,11,1,0,0,0,0,0,0,0,0,0,5,2,0,140,2,6,0,98,0,0,0,0,0,0,0,0,0,0,0,0,11,0,0,0,1,0,0,0,1,12
Otsego,Otsego,49,1,9,0,4,5,0,36,1,16,7,53,27,4,0,0,5,4,8,0,113,8,13,2,0,12,3,65,35,0,54,4,0,0,0,4,"2,898",0,1,25,0,0,2,15,3,68,0,0,11,3,2,1,1,3,2,5,2,2,0,0,0,0,1,78,0,1,0,5,5,0,1,0,0,3,2,66,3,3,0,0,6,9,1,9,0,21,23,0,0,1,48,1,7,0,0,0,0,0,0,0,0,4,0,0,86,0,11,0,214,0,0,3,0,0,0,0,0,0,0,0,0,22,1,0,0,0,0,1,5,0,65
Stratford,Fulton,7,0,0,0,1,0,0,0,0,1,0,2,14,0,3,0,675,2,5,15,103,1,1,3,0,2,0,36,10,0,8,3,0,0,1,0,15,0,0,11,1,0,2,20,1,11,0,0,0,0,0,0,0,1,2,2,1,0,0,0,0,0,0,10,0,0,0,0,0,0,0,0,0,0,0,9,0,0,0,0,4,1,0,0,0,1,3,0,0,0,10,0,0,0,0,0,0,0,0,0,0,4,0,0,9,0,23,0,48,0,0,2,0,0,0,0,0,0,10,0,0,4,0,0,0,0,0,7,0,0,5
Gerry,Chautauqua,4,1,0,8,8,700,0,8,0,1,1,3,1,3,2,0,3,15,1,0,2,4,0,11,1,13,5,3,3,1,17,9,4,0,3,3,10,1,0,15,0,0,3,11,0,5,0,0,0,1,3,1,10,0,2,8,3,0,9,4,0,0,0,17,0,0,0,1,1,0,0,1,0,0,0,25,1,0,0,0,5,0,0,7,0,29,6,0,0,0,68,1,1,0,0,0,0,0,0,0,0,4,0,0,19,0,1,0,10,0,0,1,0,0,0,0,0,0,2,0,0,2,0,0,2,0,0,0,0,0,0
Mount Pleasant,Westchester,7,0,1,1,2,0,0,0,0,2,0,7,18,1,0,0,0,1,8,1,0,0,29,0,0,0,1,0,333,2,2,0,0,13,0,1,0,15,8,0,5,26,0,6,0,8,0,0,0,3,1,2,0,4,0,4,0,"2,777",0,0,1,0,0,53,2,0,1,9,1,0,0,0,0,10,5,26,0,0,0,1,1,58,1,6,0,29,1,2,0,0,12,4,1,2,0,0,0,0,0,0,0,4,0,0,66,2,58,0,702,0,0,0,2,0,3,1,0,0,0,0,0,32,0,0,0,0,0,2,1,0,1
New Scotland,Albany,"2,935",0,0,0,0,0,0,0,1,4,0,1,4,0,1,0,0,0,21,0,1,0,1,0,0,0,0,0,4,0,2,1,0,1,0,0,4,0,0,18,0,0,0,13,8,28,0,0,1,0,0,0,0,0,2,2,0,3,0,0,0,0,0,9,0,0,0,0,0,0,0,0,0,0,1,3,0,0,0,0,2,2,0,1,0,10,0,0,0,0,0,0,0,0,0,0,0,0,0,0,0,4,0,0,17,0,64,0,125,0,0,0,0,0,0,0,0,0,0,0,0,12,0,0,0,0,0,0,0,0,5
Angelica,Allegany,6,851,1,10,15,4,6,13,1,12,8,3,6,4,0,1,0,11,4,0,3,1,4,1,57,21,6,3,13,1,13,5,31,5,2,5,11,1,1,12,0,0,3,5,0,1,2,4,30,0,2,3,21,1,1,21,2,8,18,7,0,0,0,31,0,0,0,0,1,0,0,0,0,0,0,33,2,2,0,1,7,20,0,4,0,26,10,2,0,0,43,1,1,0,1,0,0,0,0,0,0,4,0,0,35,0,32,0,100,0,0,0,0,0,0,0,0,0,0,0,0,7,0,0,0,0,0,0,0,1,15
Bolivar,Allegany,0,582,8,9,9,2,10,15,0,2,23,9,3,6,0,0,1,2,3,0,12,2,0,0,10,13,6,1,2,0,14,18,1,1,0,2,36,0,0,13,0,0,3,2,3,2,0,2,19,0,0,5,10,0,0,10,2,0,9,2,0,0,0,6,0,0,0,0,0,0,0,0,0,2,0,9,2,0,0,0,2,2,0,1,0,57,6,0,0,0,13,0,0,0,0,0,0,0,0,0,0,4,0,0,3,0,1,0,6,0,0,0,0,0,0,0,0,0,1,0,0,1,0,0,0,0,0,0,0,0,5
Burns,Allegany,1,697,0,3,7,0,2,3,0,1,0,3,1,0,0,0,0,9,0,0,0,0,0,0,74,1,7,2,2,0,3,1,7,2,0,0,2,3,0,1,0,0,0,2,0,0,0,1,47,0,0,1,8,0,0,3,3,1,6,6,0,0,0,15,0,0,0,0,0,1,0,0,0,0,0,13,1,1,0,0,2,14,0,2,0,30,1,0,0,0,23,0,4,0,0,0,0,0,0,0,0,4,0,0,7,0,12,0,18,0,0,0,0,0,0,0,0,0,0,0,0,3,0,0,0,0,0,0,0,0,3
Clarksville,Allegany,2,458,5,52,4,5,1,35,0,1,7,1,2,0,0,0,2,14,4,0,2,1,0,0,6,14,6,2,0,2,3,9,3,3,0,0,20,0,0,2,0,0,0,7,0,4,0,6,43,0,1,0,2,0,0,2,3,1,9,1,0,1,0,19,0,0,2,2,0,0,0,1,0,24,0,7,4,0,0,0,6,3,0,2,0,14,7,1,0,0,22,0,0,0,0,0,0,0,0,0,0,4,0,0,6,0,0,0,4,0,0,0,0,0,0,0,0,0,0,0,0,3,0,0,0,0,0,0,0,1,1
Willing,Allegany,3,588,23,1,3,3,13,14,0,0,3,8,2,0,0,0,0,3,1,0,2,2,0,0,7,14,2,0,4,1,12,2,7,0,0,0,20,4,0,13,0,0,0,5,0,0,0,0,65,0,2,2,20,2,0,4,2,1,2,14,0,0,0,10,0,0,0,3,0,0,0,0,0,9,0,23,1,0,0,0,5,13,0,1,0,50,1,0,0,0,17,0,0,0,0,0,0,0,0,0,0,4,0,0,4,1,13,0,55,0,0,0,0,0,0,0,0,0,0,0,0,0,0,0,0,0,0,0,0,0,9
Barker,Broome,13,9,781,1,5,0,0,143,0,13,24,26,31,0,0,0,0,0,4,0,7,0,4,0,1,10,1,2,5,0,3,1,2,2,0,6,13,4,0,8,0,0,0,8,0,13,0,1,1,0,7,6,12,11,0,16,1,13,0,0,0,0,0,35,0,0,0,1,0,0,0,0,0,0,0,32,3,1,0,0,1,3,0,0,0,24,1,0,0,0,10,0,0,0,0,0,0,0,0,0,0,4,0,0,0,0,0,0,12,0,0,0,0,0,0,0,0,0,0,0,0,0,0,0,0,0,0,0,0,0,4
Triangle,Broome,19,1,"1,004",3,0,0,3,218,0,10,107,22,29,0,0,1,0,1,79,0,4,1,1,0,0,16,0,3,1,0,10,6,0,11,0,1,36,3,0,0,0,0,0,3,1,34,3,1,6,3,1,8,10,2,0,3,1,2,1,2,0,0,0,87,0,0,0,1,3,2,0,0,0,0,0,37,5,0,0,0,16,3,0,5,0,31,4,1,0,0,6,1,5,0,0,0,1,0,0,0,0,4,0,0,5,0,5,0,30,0,0,0,0,0,0,0,0,0,0,0,0,0,0,0,0,0,0,0,0,0,21
Franklinville,Cattaraugus,3,30,1,794,5,10,3,30,0,2,2,4,1,32,0,0,0,17,3,0,16,9,0,0,14,3,6,5,6,3,13,4,8,1,2,4,30,0,0,0,0,0,0,5,3,10,0,0,4,0,0,2,1,3,2,34,1,1,30,2,0,0,0,41,0,0,0,6,0,2,0,0,0,0,0,44,3,0,0,0,3,5,0,4,0,13,11,1,0,0,27,0,4,1,0,0,0,0,0,0,0,4,0,0,13,0,7,3,87,0,0,0,0,0,0,0,0,0,0,0,0,67,0,0,0,0,0,0,0,0,3
Niles,Cayuga,7,2,0,0,"1,253",1,2,1,0,5,31,9,13,0,1,0,0,0,3,0,40,5,0,0,1,7,2,4,3,1,5,63,3,26,2,3,2,1,0,34,0,8,4,13,3,6,0,2,1,0,0,2,20,26,1,10,6,9,0,2,0,0,0,15,0,0,0,0,0,0,0,0,0,0,0,31,2,0,0,0,8,27,0,1,0,23,6,0,0,0,5,0,4,1,0,0,0,0,0,0,0,4,0,0,13,0,3,0,71,0,0,0,0,0,0,0,0,0,0,0,0,5,0,0,0,0,0,0,0,0,14
Cherry Creek,Chautauqua,2,5,2,41,5,692,1,14,0,2,20,7,0,21,0,0,0,10,4,0,23,0,1,1,4,20,5,20,0,0,33,2,6,0,10,7,38,0,2,24,0,0,1,9,2,9,0,2,5,0,4,2,13,1,2,5,1,0,4,0,0,0,0,8,0,0,0,2,0,2,0,1,0,1,0,44,0,0,0,1,12,19,0,0,0,31,9,0,0,0,46,1,5,0,0,0,0,0,0,0,0,4,0,0,7,4,8,0,6,0,0,0,0,0,0,0,0,0,1,0,0,0,0,0,0,0,0,0,0,0,10
Ellery,Chautauqua,4,1,2,15,20,"1,096",3,6,0,1,0,1,6,18,2,0,0,13,0,0,21,4,0,0,1,20,5,9,0,3,9,21,4,3,3,2,22,3,2,40,0,0,0,25,0,0,0,0,1,0,0,0,7,0,5,16,13,2,0,3,0,0,0,14,0,0,0,1,1,4,0,0,0,0,0,20,2,0,0,0,7,3,0,8,0,29,6,0,0,0,33,2,7,0,0,0,0,0,0,0,0,4,0,0,8,0,5,0,2,0,0,0,0,0,0,0,0,0,0,0,0,0,0,0,7,0,0,0,0,0,15
Catlin,Chemung,2,1,3,0,4,0,698,10,0,8,3,6,16,1,0,0,0,0,0,0,5,1,0,0,1,3,0,10,2,2,4,3,7,46,3,0,7,6,0,5,0,0,1,0,3,6,123,11,80,0,9,8,80,10,2,2,3,5,0,18,0,0,0,26,1,0,0,5,2,3,0,0,0,3,1,8,4,0,0,0,10,64,0,5,0,44,0,0,0,0,6,2,2,0,0,0,0,0,0,0,0,4,1,0,8,0,3,3,17,0,0,0,0,0,0,0,0,0,0,0,0,0,0,0,0,0,0,0,0,0,2
New Berlin,Chenango,7,1,14,2,2,2,0,"1,362",0,4,14,22,11,0,0,0,0,4,7,1,22,10,4,2,0,31,1,8,9,0,35,4,0,3,0,9,432,1,0,20,0,0,1,9,5,6,0,0,0,0,1,4,0,1,0,10,0,2,1,0,0,0,0,60,0,0,0,2,1,3,0,0,0,1,0,53,1,0,0,0,5,5,1,2,0,7,58,0,0,0,25,0,2,1,0,0,0,0,0,0,0,4,0,0,31,0,3,0,57,0,0,0,0,0,0,0,0,0,0,0,0,5,0,0,0,1,0,1,0,0,46
Norwich,Chenango,20,4,31,3,5,3,2,"2,650",1,8,49,57,28,3,1,0,4,0,8,0,14,5,12,2,0,75,1,8,13,1,59,12,1,13,0,11,256,2,0,6,0,0,1,4,0,13,0,3,9,0,3,1,18,2,0,13,1,1,0,6,0,0,0,198,0,0,0,2,0,0,0,0,4,0,5,78,5,0,0,3,27,9,0,13,0,33,58,0,0,0,18,4,4,0,0,0,0,0,0,0,0,4,0,0,60,6,58,0,224,0,0,0,0,0,1,0,3,0,7,0,0,9,0,0,0,0,0,4,0,0,53
Marathon,Cortland,19,2,125,0,3,1,2,72,0,6,786,35,3,0,0,0,0,1,6,0,17,0,1,0,0,13,2,7,3,2,22,11,3,31,0,3,20,0,0,3,0,0,3,10,1,30,0,0,5,9,2,6,12,1,0,10,2,2,0,0,0,0,0,44,0,0,0,3,0,0,0,0,0,2,0,20,0,0,0,0,0,0,0,3,0,20,6,0,0,0,9,1,1,0,0,0,0,0,0,0,0,4,1,0,15,0,6,0,57,0,0,0,0,0,0,0,0,0,0,0,0,0,0,0,0,0,0,0,0,0,1
Delhi,Delaware,12,0,9,1,1,0,0,5,0,15,1,"2,061",20,0,0,2,0,0,20,0,0,0,2,0,0,0,0,2,26,0,3,0,0,1,0,0,39,0,1,4,0,0,0,1,0,31,0,0,0,1,3,0,1,8,0,3,0,7,0,0,0,0,0,34,0,0,0,1,0,0,0,0,0,2,0,19,1,0,0,0,7,10,1,2,0,15,1,0,0,0,3,2,2,0,1,1,0,0,0,0,0,4,0,0,28,0,13,0,75,0,0,0,0,0,1,0,0,0,0,0,0,247,0,0,3,0,0,0,0,2,34
Franklin_D,Delaware,20,0,6,0,2,2,0,24,1,49,1,"2,133",13,0,3,0,0,1,23,0,1,1,6,0,1,3,1,2,7,2,6,1,0,1,0,3,166,0,0,3,1,1,0,6,11,59,0,1,1,1,6,0,6,5,0,8,1,2,0,0,0,0,0,198,0,0,1,5,2,1,1,0,0,0,0,78,0,1,0,0,3,20,0,1,0,14,8,0,0,0,25,0,0,0,0,0,0,0,0,0,0,4,0,0,37,2,10,0,34,0,0,0,0,0,0,0,0,0,0,0,0,35,0,0,0,1,0,1,0,0,54
Oppenheim,Fulton,16,0,1,0,0,0,0,0,1,2,1,0,4,2,0,4,"1,615",0,1,3,127,14,0,11,0,5,1,149,4,0,13,1,0,0,0,6,10,0,0,8,0,0,1,19,2,21,0,0,2,0,0,0,0,1,2,11,0,0,0,0,0,0,0,20,0,0,0,0,1,0,0,1,0,0,0,23,0,0,0,0,20,0,0,1,0,0,1,0,0,0,8,0,0,0,0,0,0,0,0,0,0,4,0,0,12,0,17,1,38,0,0,0,0,0,0,0,0,0,0,0,0,0,0,0,0,0,0,0,0,0,8
Jewett,Greene,21,0,0,0,0,0,1,0,0,12,0,33,6,0,0,0,0,0,902,0,1,0,0,0,1,0,0,0,3,0,2,0,1,1,0,1,1,3,0,2,0,0,0,0,0,10,0,0,1,0,5,1,0,12,0,0,0,2,0,0,0,0,0,25,0,0,0,0,1,2,1,0,0,0,0,10,0,0,0,0,0,2,0,0,0,4,2,0,0,0,1,1,1,0,0,0,0,0,0,0,0,4,0,0,2,0,9,1,11,0,0,0,0,0,0,0,0,0,0,0,0,0,0,0,0,0,0,0,0,0,9
Manheim,Herkimer,10,2,0,0,2,2,0,1,0,1,0,1,2,1,0,0,66,0,10,0,"1,167",11,0,2,0,3,0,88,2,0,22,3,0,2,1,3,1,0,0,6,0,0,2,4,4,3,0,2,4,0,0,0,1,6,0,3,0,1,0,0,0,0,0,15,0,0,0,1,0,0,0,0,0,0,9,6,1,0,0,0,5,0,0,2,0,2,0,0,0,0,15,0,1,0,0,0,0,0,0,0,0,4,0,0,22,2,72,0,233,0,0,0,0,0,0,0,0,0,0,1,0,49,0,0,0,0,0,0,0,0,1
Newport,Herkimer,7,0,0,3,0,4,0,4,1,1,0,1,1,3,0,0,18,2,1,0,"1,305",13,0,11,0,7,2,25,3,0,140,7,1,1,0,5,7,0,0,10,0,0,3,5,4,4,0,1,0,4,0,0,0,3,0,5,3,0,0,0,0,0,0,26,0,0,0,6,0,0,0,0,1,4,1,36,0,0,1,0,5,6,0,0,0,3,25,1,0,0,21,0,4,0,0,0,0,0,0,0,0,4,0,0,49,0,14,1,130,0,3,0,0,0,0,0,0,0,0,0,0,2,0,0,0,0,0,19,0,0,5
Watson,Lewis,18,0,0,0,1,1,0,7,0,1,7,1,1,2,0,0,1,6,4,0,69,37,0,520,0,15,2,10,1,1,47,6,0,0,0,1,11,0,0,11,0,0,11,5,0,5,0,0,1,1,0,0,0,0,1,1,4,0,0,0,0,0,0,16,0,0,0,1,0,0,0,0,0,0,0,11,0,0,0,0,6,1,0,0,0,0,6,0,0,0,17,1,4,0,0,0,0,0,0,0,0,4,0,0,4,10,1,0,40,0,0,0,0,0,0,0,0,0,1,0,0,1,0,0,0,4,0,8,0,0,3
Smithfield,Madison,8,0,2,0,1,0,1,10,1,1,2,3,3,3,2,0,7,0,1,0,61,1,0,2,2,895,0,10,1,1,67,6,0,1,2,9,7,0,0,4,0,0,2,7,5,9,0,0,0,0,0,0,0,1,1,6,5,1,1,0,0,0,0,32,0,0,0,2,0,0,0,3,0,0,3,37,4,1,0,0,3,3,0,0,0,5,6,0,0,0,15,1,6,0,0,0,0,0,0,0,0,4,0,0,18,0,1,0,51,0,0,0,0,0,0,0,0,0,0,0,0,3,0,0,0,0,0,8,0,0,8
Floyd,Oneida,6,0,0,1,1,2,0,1,0,6,1,1,2,0,0,0,0,0,0,1,27,2,0,8,1,2,0,5,1,0,708,1,0,1,1,8,5,0,0,10,0,0,1,3,0,0,0,0,1,0,0,0,0,0,0,2,1,0,1,0,0,0,0,18,0,0,1,0,0,0,1,0,0,0,0,15,0,0,0,0,4,0,0,2,0,2,5,0,0,0,6,0,2,0,0,0,0,0,0,0,0,4,0,0,43,10,34,0,12,0,0,0,0,0,0,0,0,0,0,0,0,1,0,0,0,0,0,155,0,1,10
Richmond,Ontario,2,3,2,0,28,0,5,2,0,4,2,3,16,12,0,0,1,1,2,0,3,2,2,0,61,3,22,0,3,0,3,4,824,2,2,3,2,4,0,1,0,0,5,13,0,1,4,0,7,0,1,1,0,3,0,6,0,0,5,10,0,0,0,25,0,0,0,1,0,0,0,0,0,0,0,41,13,0,0,0,3,16,0,8,0,5,3,0,0,0,28,0,1,0,0,0,0,0,0,0,0,4,0,0,53,2,10,0,140,0,0,0,0,0,0,0,0,0,1,0,0,1,0,0,0,0,0,1,0,0,18
Hartwick,Otsego,13,0,3,3,2,3,0,26,0,18,10,55,13,1,0,0,0,1,3,0,24,3,0,2,3,4,1,13,25,0,15,1,0,0,0,3,"1,672",0,0,11,0,1,0,14,0,18,0,1,2,0,0,1,1,0,0,1,0,0,0,1,0,0,2,46,0,0,0,3,1,0,0,0,0,0,0,48,2,0,0,0,2,10,0,2,0,4,35,0,0,0,11,4,2,0,0,0,0,0,0,0,0,4,0,0,34,0,5,1,25,0,0,0,0,0,0,0,0,0,0,0,0,17,0,0,0,0,0,0,0,0,22
Middlefield,Otsego,46,2,3,0,1,0,0,20,0,38,3,26,48,0,0,0,0,0,10,0,43,10,2,2,2,3,1,63,14,0,10,3,0,2,0,2,"1,842",0,3,20,0,0,1,7,8,51,0,0,2,2,0,1,0,4,0,3,4,0,0,0,0,0,0,39,0,0,0,4,0,0,0,0,0,1,0,24,0,0,0,0,5,9,2,1,0,9,8,0,0,0,12,0,10,0,0,0,0,0,0,0,0,4,0,0,97,0,6,1,125,0,0,0,0,0,0,0,0,0,0,0,0,10,0,0,0,1,0,0,0,0,9
Morris,Otsego,14,0,16,0,1,0,0,137,0,9,3,31,5,2,2,0,0,1,15,0,39,1,2,0,0,12,2,8,4,1,23,0,0,1,0,0,"1,505",0,0,6,0,0,1,12,0,18,0,0,3,0,0,2,1,2,0,5,0,2,0,0,0,0,0,75,0,0,0,2,0,0,0,0,0,1,1,53,2,2,0,0,8,6,0,1,0,20,16,0,0,0,27,2,0,0,0,0,0,0,0,0,0,4,0,0,47,3,5,0,19,0,0,0,0,0,0,0,0,0,0,0,0,5,0,0,0,0,0,0,0,0,6
Southeast ,Putnam,7,0,3,0,0,1,0,2,0,2,0,8,57,1,0,0,0,0,3,0,0,0,13,0,1,2,1,1,73,1,5,0,0,10,0,0,1,"1,553",1,4,0,0,1,1,0,5,0,0,1,7,7,0,4,9,0,0,0,198,0,0,0,0,0,182,0,0,1,3,3,0,0,0,0,2,1,9,3,0,0,0,1,17,1,3,0,11,0,0,0,1,3,2,0,0,0,0,0,0,0,0,0,4,0,0,38,1,35,0,273,1,0,0,0,0,0,1,0,0,1,0,0,1,0,0,0,0,0,0,0,0,20
Poestenkill,Rensselaer,20,0,0,0,0,0,0,0,0,17,0,0,6,2,0,0,1,0,2,0,1,0,0,0,0,0,2,0,7,0,3,0,0,0,0,0,0,0,0,"1,533",0,0,0,8,1,15,0,0,0,0,0,0,0,1,0,5,0,3,0,0,0,0,0,8,0,1,0,0,0,3,0,1,0,1,0,18,1,0,0,0,1,1,0,0,0,3,0,0,0,0,8,0,0,0,0,0,0,0,0,0,0,4,0,0,5,1,223,0,34,0,0,0,0,0,0,0,0,0,0,0,0,8,0,0,0,0,0,0,0,0,4
Clarkstown,Rockland,28,0,0,0,0,0,1,0,0,2,0,2,13,1,0,0,0,1,9,0,0,0,32,0,1,0,1,0,360,0,8,0,2,47,0,0,10,7,3,3,1,"2,535",0,1,2,1,0,0,0,0,0,2,0,19,0,2,0,62,0,0,0,0,1,22,0,0,0,6,0,0,0,1,0,0,2,19,0,0,0,0,4,114,1,5,0,5,6,0,0,0,3,4,2,1,0,0,0,0,0,1,0,4,1,0,67,5,349,9,198,0,0,0,0,0,3,0,0,0,3,3,0,15,0,1,0,2,0,0,0,0,10
Charlton,Saratoga,28,0,0,0,1,0,0,1,0,14,2,4,12,0,1,2,14,0,0,0,5,1,0,0,0,0,0,38,7,0,2,0,0,0,1,0,0,3,0,25,0,1,0,"1,041",145,12,0,0,0,0,0,0,0,0,0,4,0,2,0,0,0,0,0,13,0,0,0,1,0,0,0,0,0,3,0,8,3,0,0,1,0,11,0,1,0,5,0,0,0,0,16,1,1,0,0,0,0,0,0,0,0,4,0,0,36,0,10,0,74,0,0,0,0,0,1,0,0,0,11,0,0,12,0,0,0,0,0,0,0,0,11
Princetown,Schenectady,91,0,0,0,1,0,0,0,0,1,0,0,2,0,0,0,2,1,0,0,3,0,0,0,0,2,0,32,2,0,0,0,0,0,0,0,2,0,0,2,0,0,0,2,707,14,0,0,0,0,0,0,0,0,0,0,0,1,0,0,0,0,0,2,0,0,0,0,0,0,0,0,0,0,0,0,0,0,0,0,0,0,0,0,0,0,0,4,0,0,0,0,2,0,0,0,0,0,0,0,0,4,0,0,5,0,25,0,11,0,0,0,0,0,0,0,0,0,0,0,0,8,0,0,0,0,0,0,0,0,5
Broome,Schoharie,247,0,0,0,0,0,0,0,1,50,0,7,32,0,0,0,0,0,61,0,1,2,3,0,0,0,0,2,5,1,0,0,0,0,0,0,6,0,0,2,0,0,0,5,0,"1,474",0,0,0,0,1,0,2,2,0,0,0,5,0,1,0,0,0,16,0,0,0,0,1,0,0,0,0,0,0,6,3,0,0,0,3,0,0,0,0,4,0,0,0,0,1,0,0,0,0,0,0,0,0,0,0,4,0,0,3,0,5,0,2,0,0,0,0,0,0,0,0,0,0,0,0,0,0,0,0,0,0,0,0,0,13
Jefferson,Schoharie,49,0,5,2,2,0,0,1,0,12,0,113,7,0,0,0,1,0,37,0,1,1,4,2,0,0,0,4,9,0,0,1,1,2,0,1,8,1,0,5,0,0,0,0,0,"1,328",0,0,0,5,0,0,0,2,0,1,0,0,0,0,0,0,0,34,0,0,1,2,0,0,0,0,0,0,0,21,1,0,0,0,1,0,0,4,0,5,1,0,0,0,4,0,0,0,0,0,0,0,0,0,0,4,0,0,1,0,0,0,27,0,0,0,0,0,0,0,0,0,0,0,0,2,0,0,0,0,0,0,0,0,5
Montour,Schuyler,0,7,6,7,9,2,122,5,1,2,2,18,7,1,2,0,8,1,1,0,11,5,1,0,5,5,12,5,6,7,11,5,13,40,2,1,7,3,6,2,0,1,2,8,0,2,808,24,25,0,3,15,100,7,0,3,5,11,0,51,0,0,0,85,0,0,0,3,1,0,0,0,0,0,6,9,8,0,0,1,4,37,0,3,0,62,1,1,1,0,11,2,1,0,0,0,0,0,0,0,0,4,0,0,21,0,6,0,73,0,0,0,0,0,1,0,0,0,0,0,0,4,0,0,0,3,0,0,0,0,75
Reading,Schuyler,2,10,3,0,8,0,30,5,0,7,4,3,16,1,0,0,0,3,4,0,8,1,3,0,2,6,2,7,17,1,5,12,11,38,0,6,11,4,0,4,0,1,1,19,0,2,770,39,68,1,3,2,58,1,1,9,0,0,1,105,0,0,0,30,0,0,0,6,2,0,0,0,0,0,1,12,9,0,0,0,3,39,0,5,0,49,4,0,0,0,10,4,0,0,0,0,0,0,1,0,0,4,4,0,10,0,0,0,153,0,0,0,0,0,0,0,0,0,0,0,0,2,0,0,0,0,0,0,0,1,18
Lodi,Seneca,3,4,3,1,28,1,11,1,1,2,1,17,8,0,0,0,0,0,0,0,2,1,8,0,6,5,8,0,12,1,5,6,8,26,0,3,2,9,0,1,0,3,0,3,1,2,30,"1,224",34,1,2,2,93,12,1,0,5,3,0,17,0,0,0,12,0,0,0,1,0,0,0,0,0,0,5,6,12,0,0,0,0,121,0,3,0,13,1,0,0,0,7,0,6,0,0,0,0,0,0,0,0,4,0,0,13,0,1,0,64,0,0,0,0,0,0,0,0,0,0,0,0,2,0,0,0,0,0,0,0,0,3
Barton,Tioga,10,3,50,6,24,2,77,34,1,6,41,48,16,1,0,0,0,6,7,0,3,3,3,0,8,7,2,12,41,3,6,9,5,290,0,1,56,3,4,9,1,2,3,5,3,12,9,14,27,9,15,"1,788",244,10,1,6,1,20,2,3,0,0,0,78,1,2,0,4,1,2,1,1,0,12,2,37,2,0,0,0,6,114,3,7,0,526,11,0,0,0,22,3,2,0,0,0,0,0,0,0,0,4,0,2,35,1,26,0,120,0,0,0,0,0,0,0,0,0,0,0,0,3,0,0,0,0,0,0,0,0,77
Nicholes,Tioga,7,2,24,0,8,0,13,7,4,1,3,12,17,0,0,0,0,0,5,1,0,0,1,0,0,12,2,1,12,0,1,2,0,41,0,2,12,0,2,4,0,0,1,24,4,18,0,3,2,1,3,"1,080",26,2,0,17,0,3,0,0,0,0,0,22,1,0,0,0,0,0,0,0,0,0,0,27,4,0,0,2,12,41,0,3,0,214,2,0,0,0,11,4,0,0,0,0,0,0,0,0,0,4,0,0,9,0,10,0,10,0,0,0,0,1,0,0,0,0,0,0,0,1,0,0,0,0,0,0,0,0,20
Richford,Tioga,2,1,51,0,11,0,5,23,0,35,90,15,8,2,0,0,0,0,5,0,0,1,0,0,0,9,2,1,2,0,11,8,0,12,0,2,23,5,1,2,0,0,0,10,0,6,0,0,4,3,0,630,90,2,0,0,0,3,0,1,0,0,0,26,1,0,0,0,0,0,0,0,0,0,2,64,2,0,0,0,2,6,0,2,0,34,7,0,5,0,11,1,0,0,0,0,0,0,0,0,0,4,0,0,1,0,4,0,11,0,0,0,0,0,0,0,0,0,0,0,0,0,0,0,0,0,0,0,0,0,18
Dryden,Tompkins,11,13,41,4,94,4,22,36,0,31,278,35,68,1,2,0,0,2,11,0,19,6,0,4,3,28,4,14,18,2,4,33,3,37,2,3,29,6,5,65,0,1,9,19,6,13,6,9,13,4,7,63,"2,939",49,6,9,1,7,0,6,0,0,0,69,0,0,0,7,1,0,0,0,0,0,7,48,8,1,0,1,8,114,0,10,0,72,10,0,0,0,40,3,5,1,0,0,0,0,0,0,0,4,0,0,36,0,6,0,129,0,0,0,0,0,0,0,0,0,0,0,0,25,0,0,0,0,0,0,0,0,85
Newfield,Tompkins,8,2,26,1,42,0,64,11,0,2,6,8,34,1,0,0,0,1,6,0,2,3,4,0,2,2,2,1,8,0,2,4,10,116,2,1,11,3,0,2,0,0,1,4,1,16,39,17,22,0,9,32,"1,790",11,1,0,5,2,1,3,0,0,0,53,0,0,0,7,0,2,0,0,0,2,0,16,2,0,0,0,11,69,0,2,0,81,1,0,0,0,21,2,2,0,0,0,0,0,0,0,0,4,0,0,21,0,2,0,26,0,0,0,0,0,0,0,0,0,0,0,0,0,0,0,0,0,0,1,0,0,34
Marbletown,Ulster,3,0,0,0,0,0,0,0,1,7,0,11,42,0,0,0,0,0,25,0,0,0,1,0,0,0,0,1,16,0,0,2,0,16,0,0,1,10,0,3,0,0,0,1,2,2,0,0,0,0,9,0,0,"3,419",0,0,0,3,0,1,0,0,0,9,0,0,0,0,0,2,0,0,0,2,0,1,0,0,0,0,0,15,0,1,0,7,0,0,0,0,0,0,0,0,0,0,0,0,0,0,0,4,0,0,13,0,54,4,68,0,0,0,0,0,0,0,0,0,0,0,0,11,0,0,0,1,0,0,0,0,51
Bedford,Westchester,1,0,0,0,1,0,0,0,0,2,0,0,23,0,0,0,1,0,1,0,0,1,7,0,0,0,2,1,136,0,1,1,0,6,0,0,0,37,2,1,0,1,0,2,0,2,0,3,1,1,0,0,1,2,0,0,0,"2,759",0,0,0,0,0,77,0,0,1,2,0,2,0,0,1,2,2,9,0,0,0,0,0,12,0,6,0,4,0,2,0,0,2,1,0,0,0,0,1,0,0,0,0,4,2,0,28,0,27,0,265,2,0,0,0,0,0,0,0,0,0,0,0,7,0,0,0,0,0,0,0,0,15
Starkey,Yates,8,9,5,0,14,3,43,4,0,36,8,7,15,4,1,0,2,1,8,0,11,6,1,0,8,4,11,17,17,4,6,7,85,62,1,2,11,8,0,8,0,9,2,10,0,4,47,53,183,1,2,1,37,8,2,12,8,5,2,"1,146",0,0,0,28,0,0,0,0,2,3,0,0,1,0,4,20,9,0,0,1,8,115,1,3,0,72,16,0,0,0,20,6,2,0,0,0,0,0,0,0,0,4,0,0,24,0,6,0,56,0,0,0,0,0,0,0,0,0,0,0,0,6,0,0,0,0,0,0,0,0,18
Esopus,Ulster,15,0,3,0,3,0,1,0,0,28,1,17,113,0,0,0,0,0,13,0,0,0,28,0,1,0,3,7,95,2,1,3,1,20,0,0,0,7,0,2,4,8,0,2,5,0,0,2,0,1,14,0,5,"3,224",0,1,3,20,1,0,0,0,1,42,0,0,0,2,0,1,0,0,0,0,0,18,3,2,0,0,1,32,0,6,0,8,1,1,0,0,5,3,3,0,0,0,0,0,0,0,0,3,0,0,108,3,160,1,635,0,0,3,1,0,1,1,1,0,5,1,0,18,0,1,0,3,0,4,0,2,12
Southold,Suffolk,5,0,0,0,1,2,0,3,0,0,0,0,6,1,1,0,0,1,9,0,3,1,124,1,1,0,2,0,274,0,3,0,1,25,0,0,0,1,41,5,0,4,1,3,0,0,0,1,3,"4,532",1,0,0,2,0,0,1,17,1,0,0,0,0,198,0,2,5,3,0,0,0,2,2,10,2,47,3,0,0,0,0,43,1,1,0,19,53,1,0,0,3,3,1,0,0,0,0,0,0,0,0,3,1,0,68,11,199,0,403,1,0,2,0,0,6,0,2,0,0,0,0,13,0,0,0,1,0,2,0,4,81
Tyrone,Schuyler,5,8,2,0,15,0,15,9,0,10,3,8,32,1,0,0,7,4,3,0,12,2,0,0,4,1,3,7,10,1,7,2,12,51,2,0,10,13,0,0,0,0,0,4,1,2,792,52,423,1,1,7,29,3,0,8,3,6,1,198,0,0,0,23,0,0,0,0,1,0,0,0,0,1,1,12,13,0,0,0,9,64,2,10,0,36,6,0,0,0,8,1,2,0,0,0,0,0,0,0,0,3,0,0,8,1,0,0,73,0,0,1,0,0,0,0,0,0,0,0,0,0,0,0,0,0,0,0,0,0,7
Hornby,Steuben,4,1,0,1,4,1,43,4,0,1,0,1,8,0,0,0,1,0,2,0,6,0,0,0,1,2,2,32,5,0,3,1,2,6,0,0,0,6,0,2,0,0,0,1,0,5,21,6,722,0,1,2,35,1,3,4,0,0,0,16,0,0,0,11,0,0,0,1,2,0,0,0,0,0,2,12,0,0,0,0,0,20,0,2,0,20,0,0,0,0,27,0,1,0,0,0,0,0,0,0,0,3,0,0,7,2,2,0,30,0,0,1,0,0,1,0,0,0,0,0,0,3,0,0,0,1,0,0,0,0,64
Berne,Albany,"2,447",0,0,0,2,0,0,0,0,5,0,1,18,0,3,0,0,0,47,0,1,0,0,0,0,0,0,2,2,0,2,2,0,0,0,0,4,1,0,16,0,0,0,9,6,136,0,0,0,1,0,0,0,6,0,1,0,4,0,0,0,0,0,16,0,0,0,1,0,1,0,0,0,0,0,13,0,0,0,0,2,1,0,0,0,2,2,0,0,0,5,4,0,0,0,0,0,0,0,0,0,3,0,0,11,18,16,0,36,0,0,0,0,0,0,0,0,0,0,0,0,0,0,0,0,0,0,0,0,0,4
Alma,Allegany,1,278,9,6,3,0,7,4,0,1,5,3,1,4,1,0,0,0,1,0,1,0,0,0,19,4,3,7,2,3,1,1,2,1,0,0,6,0,0,4,0,0,0,0,0,14,0,1,19,0,1,13,10,0,0,0,0,0,2,2,0,0,0,4,0,0,0,0,0,0,0,0,0,20,1,6,0,0,0,0,4,8,0,0,0,35,6,0,0,0,11,1,0,0,0,0,0,0,0,0,0,3,0,0,10,0,0,0,60,0,0,0,0,0,2,0,0,0,0,0,0,0,0,0,0,0,0,0,0,0,2
Centerville,Allegany,0,553,1,76,8,5,1,3,0,0,0,0,1,5,1,1,3,10,5,0,18,7,0,5,6,5,21,11,1,3,21,3,2,0,10,1,18,0,1,3,0,0,3,7,2,3,0,2,2,0,0,0,2,0,0,9,2,0,81,3,0,0,0,21,0,0,0,3,0,6,0,0,0,1,0,16,0,1,0,1,12,2,0,3,0,2,2,0,0,0,73,1,5,0,0,0,0,0,0,0,0,3,0,0,11,0,0,0,1,0,0,0,0,0,0,0,0,0,0,0,0,8,0,0,0,0,0,84,0,0,0
Granger,Allegany,5,543,0,3,22,3,0,2,0,2,0,1,1,4,0,0,0,8,2,0,1,1,2,0,83,3,13,2,6,4,9,11,2,3,1,0,10,0,0,0,0,0,0,8,0,1,1,9,13,0,0,1,5,2,0,13,1,6,18,10,0,0,0,14,0,0,0,4,0,1,0,0,0,5,1,15,0,0,0,0,6,9,0,3,0,9,3,0,0,0,29,3,2,0,1,0,0,0,0,0,0,3,0,0,74,0,8,0,16,0,0,0,0,0,0,0,0,0,1,0,0,4,0,0,0,0,0,0,0,0,1
Chenango,Broome,15,0,"1,185",0,1,0,0,37,0,8,21,12,29,0,0,0,0,3,48,0,0,0,0,0,0,2,0,0,43,0,4,0,0,13,0,0,3,0,0,4,0,0,0,0,0,38,0,0,1,0,0,0,0,1,1,2,0,5,0,0,0,0,0,31,0,0,0,0,1,0,0,0,0,0,1,40,0,0,0,0,7,10,1,0,0,9,2,0,0,0,8,2,0,0,0,0,0,0,0,0,0,3,0,0,8,0,3,0,50,0,0,0,0,0,0,0,0,0,0,0,0,23,0,0,0,0,0,0,0,0,36
Lisle,Broome,16,2,"1,054",0,11,2,3,77,0,7,161,36,15,1,2,0,0,1,1,0,34,3,2,0,4,3,2,2,16,0,13,12,0,9,0,1,56,11,0,8,0,4,0,4,0,21,0,3,4,3,3,63,42,4,2,2,1,4,0,0,0,0,0,86,0,0,0,0,0,1,0,2,0,2,2,83,7,0,2,0,0,1,0,3,0,23,14,0,0,0,16,0,4,0,0,0,0,0,0,0,0,3,0,0,12,0,2,0,53,0,0,0,0,0,0,0,0,0,0,0,0,1,0,0,0,0,0,2,0,0,12
Oxford,Chenango,7,1,22,3,3,1,1,"2,138",0,13,5,45,24,1,0,0,3,1,4,0,9,3,1,5,1,13,1,8,26,0,17,2,1,12,0,5,95,0,0,14,0,0,3,3,1,10,0,2,14,0,2,2,1,7,1,3,0,4,1,1,0,0,0,145,0,0,0,4,0,0,0,4,0,2,0,58,4,0,0,0,5,4,0,4,0,15,20,0,0,0,17,1,3,0,0,0,0,0,0,0,0,3,0,0,28,2,22,0,106,0,0,0,0,0,0,0,0,0,1,0,0,1,0,0,0,0,0,1,1,0,5
Stuyvesant,Columbia,72,2,0,0,2,3,0,0,3,"1,410",0,4,37,0,0,0,0,0,118,0,2,0,2,4,0,0,0,2,32,0,5,1,0,8,0,0,1,1,0,75,0,0,0,7,1,10,0,0,0,0,0,0,0,9,1,4,1,10,0,0,0,0,2,13,0,0,0,0,5,0,0,0,0,0,0,26,1,0,0,0,1,6,0,1,0,7,4,0,0,0,6,0,1,0,0,0,0,0,0,0,0,3,0,3,47,0,49,1,209,0,0,0,0,0,0,0,0,0,0,0,0,13,0,0,0,0,0,0,0,0,6
Andes,Delaware,10,1,4,1,2,0,0,4,2,3,0,"2,139",31,0,0,0,1,0,28,0,1,0,2,0,1,0,0,1,31,0,0,0,0,0,0,8,0,2,0,0,0,0,0,2,5,17,0,0,1,0,45,0,1,30,0,9,0,2,0,0,0,0,0,14,0,0,0,0,0,0,0,0,0,0,0,4,0,0,0,0,0,9,0,0,0,10,0,0,0,0,4,0,1,0,0,0,0,0,0,0,0,3,1,0,19,0,41,0,45,0,0,0,0,1,0,0,0,0,0,0,0,236,0,0,0,2,0,3,0,0,36
Amenia,Dutchess,3,0,5,0,1,3,0,3,0,36,1,3,"1,497",0,1,0,1,0,11,0,1,3,18,0,2,2,2,0,23,0,2,3,0,4,0,0,1,15,0,4,0,0,1,6,2,1,0,0,0,0,9,1,0,8,0,1,1,20,0,0,0,0,0,303,0,0,1,2,5,0,0,0,2,3,0,23,0,0,0,1,0,4,0,4,0,2,5,0,0,0,4,10,1,0,0,0,0,0,0,0,0,3,0,0,13,8,55,0,355,0,0,0,0,0,0,0,0,0,0,0,0,4,0,0,0,0,0,0,0,0,9
East Fishkill,Dutchess,3,0,2,0,1,0,0,0,0,12,0,7,"1,705",0,1,0,0,0,7,0,0,0,3,0,0,3,1,0,30,0,0,4,0,18,0,0,0,279,0,4,0,0,0,6,0,2,0,0,1,0,5,0,1,16,0,0,0,37,0,1,0,0,0,20,0,0,1,0,0,2,0,0,0,0,0,5,1,0,0,1,0,2,2,1,0,3,0,0,0,0,1,1,0,0,0,0,0,0,0,0,0,3,0,0,12,0,25,0,138,0,0,0,0,0,0,0,0,0,0,0,0,1,0,0,0,1,0,0,0,0,78
Hyde Park,Dutchess,0,0,3,0,2,0,0,0,0,7,1,7,"1,828",0,0,0,0,0,11,0,0,0,4,0,0,0,1,3,93,1,0,0,2,2,0,0,2,24,7,4,0,1,0,3,8,2,0,0,0,3,0,1,0,53,0,0,2,27,0,0,0,0,0,16,0,0,0,2,0,0,0,0,0,4,0,6,2,0,0,0,2,10,0,0,0,8,13,3,0,0,1,5,0,0,0,0,0,0,0,0,0,3,0,0,22,3,58,0,318,0,0,0,0,0,0,0,0,0,1,0,0,52,0,0,0,1,0,0,0,0,22
La Grange,Dutchess,10,1,1,0,1,1,0,1,0,3,0,6,"1,474",0,1,0,0,0,5,0,0,0,3,0,0,0,0,0,13,0,3,0,0,4,0,0,2,17,5,2,0,0,0,2,0,0,0,2,0,2,0,0,1,21,0,0,1,10,0,0,0,0,0,10,0,0,0,0,1,0,0,0,0,0,1,1,2,1,0,0,0,11,0,0,0,5,1,0,0,0,3,1,0,0,0,0,0,0,0,0,0,3,0,0,26,0,21,0,133,0,0,0,0,0,0,0,0,0,0,0,0,4,0,0,0,0,0,0,0,0,1
Northeast,Dutchess,3,0,1,0,0,1,0,3,0,251,0,0,"1,169",0,1,1,1,0,3,0,1,4,1,0,1,0,2,2,20,0,1,0,0,4,0,0,1,6,0,1,2,0,7,9,0,4,0,0,0,0,1,0,0,2,0,3,0,7,0,1,0,0,0,192,2,0,1,0,0,0,0,0,0,1,1,42,0,0,0,0,1,8,0,3,0,5,2,0,0,0,8,0,1,0,0,0,0,0,0,0,0,3,0,0,10,0,17,0,185,0,0,0,0,0,0,0,0,0,0,0,0,7,0,0,0,0,0,0,0,0,2
North Elba,Essex,0,0,0,0,0,0,0,0,14,0,0,0,0,0,192,6,0,0,0,0,0,0,0,0,0,0,0,1,1,0,0,0,0,0,0,0,0,0,0,3,0,0,6,2,0,0,0,0,0,0,0,0,5,3,1,0,0,1,0,0,0,0,0,3,0,0,0,0,0,0,0,0,0,2,0,5,2,0,0,0,9,0,0,2,0,0,0,0,0,0,65,0,0,0,0,0,0,0,0,0,0,3,0,0,9,0,0,0,2,0,0,0,0,0,1,0,0,0,0,0,0,0,0,0,0,0,0,0,0,0,1
Ashland_G,Greene,9,0,1,0,0,0,0,1,0,42,0,38,11,0,0,0,0,0,784,0,1,0,0,0,0,0,0,4,10,0,3,1,0,4,0,0,22,8,0,6,0,0,0,2,0,59,0,0,1,1,2,1,0,7,0,0,0,3,0,0,0,0,0,16,0,0,0,1,0,0,0,0,1,1,0,9,3,0,0,0,1,1,0,1,0,2,2,0,0,0,0,0,1,0,0,0,0,0,0,0,0,3,0,0,4,0,1,0,10,0,0,0,0,0,0,0,0,0,0,0,0,2,0,0,0,0,0,0,0,0,0
Hope,Hamilton,8,0,0,0,0,0,0,1,0,5,0,0,4,0,1,0,77,2,0,316,0,3,0,2,0,0,1,12,0,0,0,0,0,0,0,0,0,0,0,8,0,0,0,63,0,8,0,0,0,0,0,1,0,3,20,5,2,0,0,0,0,0,0,1,0,0,0,0,0,0,0,0,0,0,0,9,0,0,0,0,3,2,0,0,0,0,3,0,0,0,15,0,0,0,0,0,0,0,0,0,0,3,0,0,7,0,1,0,31,0,0,0,0,0,0,0,0,0,0,0,0,0,0,0,0,0,0,0,0,0,4
Fenner,Madison,12,0,1,0,3,0,0,17,0,5,8,1,4,0,0,0,1,2,2,0,18,2,0,0,0,982,1,17,2,1,23,31,6,0,0,2,13,0,0,3,0,0,0,7,1,3,2,1,0,0,0,0,0,1,0,5,0,2,0,0,0,0,0,41,0,0,0,1,0,0,0,0,0,2,7,27,1,0,0,0,2,0,0,5,0,3,5,0,0,0,7,1,3,0,0,0,0,0,0,0,0,3,0,0,21,1,6,0,65,0,0,0,0,0,0,0,0,0,0,0,0,1,0,0,0,0,0,4,0,0,2
Georgetown,Madison,6,2,5,0,6,0,0,120,0,3,32,5,6,1,0,0,2,2,3,0,20,3,0,4,1,954,0,3,4,0,34,14,0,0,0,1,34,0,0,6,0,0,0,9,5,6,0,1,2,0,0,1,3,0,0,6,0,0,0,0,0,0,0,34,0,0,0,3,1,3,0,0,0,1,0,20,0,0,0,0,5,2,0,0,0,8,13,0,0,0,32,0,0,0,0,0,0,0,0,0,0,3,0,0,34,0,1,0,14,0,0,0,0,0,0,0,0,0,0,0,0,0,0,0,0,0,0,0,0,0,1
Canajoharie,Montgomery,40,0,4,1,0,0,0,2,0,10,0,6,11,2,0,0,32,4,2,1,83,11,3,5,2,4,1,"1,791",19,3,25,4,1,2,1,3,172,0,0,23,0,1,0,30,52,132,3,0,2,2,0,0,1,11,0,2,3,5,2,0,0,0,0,38,0,0,2,2,0,2,0,0,0,2,0,32,3,0,0,0,8,12,0,2,0,4,8,3,0,0,10,5,1,0,0,0,0,0,0,1,0,3,0,0,75,0,372,0,119,0,0,0,0,0,0,0,0,0,0,0,0,12,0,0,0,0,0,0,0,2,16
St. Johnsville,Montgomery,14,0,0,0,1,0,0,0,0,7,0,0,5,1,0,0,189,0,11,0,138,12,1,3,0,13,3,"1,375",6,1,14,3,0,2,1,1,24,0,0,6,2,0,4,11,7,18,0,0,0,0,0,0,0,4,2,10,1,1,0,0,0,0,0,6,0,0,0,0,0,1,0,0,0,1,1,21,1,0,0,0,4,4,0,1,0,3,1,0,0,0,3,0,2,0,0,0,0,0,0,0,0,3,0,0,12,1,108,0,87,0,0,0,0,0,0,0,0,0,0,0,0,1,0,0,0,0,0,0,0,1,1
Steuben,Oneida,5,0,1,1,0,0,0,2,0,1,1,0,4,0,0,0,0,0,0,0,42,9,0,11,0,4,0,9,7,0,993,0,0,0,0,2,3,0,0,0,0,0,0,0,2,0,0,0,0,0,0,0,0,0,1,0,0,1,0,0,0,0,0,11,0,0,0,1,0,3,2,0,0,0,0,2,1,0,0,0,0,2,0,0,0,6,2,0,0,0,1,0,2,0,0,0,0,0,0,0,0,3,0,0,5,1,17,0,2,0,0,0,0,0,0,0,0,0,0,0,0,0,0,0,0,29,0,224,0,0,3
Warwick,Orange,0,0,0,1,3,0,9,2,0,1,0,1,22,0,0,0,0,0,3,0,2,0,17,0,1,0,3,2,67,0,2,0,0,"3,824",0,0,0,1,3,1,2,58,2,0,1,5,0,2,3,0,13,0,1,31,0,2,3,8,0,1,0,0,0,36,0,0,1,5,0,1,0,0,0,3,2,13,10,0,0,0,2,570,0,2,0,35,0,0,0,0,1,0,0,0,0,0,0,0,0,0,0,3,1,0,46,0,12,0,167,0,0,0,0,0,0,0,0,0,0,0,0,9,0,0,0,1,0,1,0,0,61
Laurens,Otsego,22,1,5,1,2,1,0,28,0,5,4,35,21,2,0,0,1,1,8,0,10,2,1,1,0,5,3,24,5,1,8,0,1,1,0,0,"1,473",0,0,10,0,0,0,6,0,35,0,0,6,0,0,1,0,1,0,3,0,1,0,0,0,0,0,32,0,0,0,1,0,1,0,0,1,0,1,22,0,1,0,0,8,2,0,0,0,20,17,0,0,0,15,0,0,0,0,0,0,0,0,0,0,3,0,0,16,0,0,0,3,0,0,0,0,0,0,0,0,0,0,0,0,0,0,0,0,0,0,0,0,1,6
New Lisbon,Otsego,1,0,3,0,1,3,0,24,0,2,4,11,4,0,0,0,0,2,1,0,8,2,3,1,0,5,1,31,5,0,1,3,0,0,0,0,"1,300",0,1,2,0,0,0,8,2,5,0,0,0,2,0,4,1,0,0,3,0,0,0,0,0,0,0,37,0,0,0,0,0,0,0,0,0,0,0,26,1,0,0,0,5,0,0,1,0,3,11,0,0,0,19,0,1,0,0,0,0,0,0,0,0,3,0,0,48,1,3,0,5,0,0,0,0,0,0,0,0,0,0,0,0,23,0,0,0,0,0,0,0,0,18
Plainfield,Otsego,7,1,0,0,0,3,0,12,0,5,9,0,2,0,0,0,2,0,2,1,69,10,0,0,0,99,1,5,1,0,110,1,0,0,5,4,657,0,0,12,0,0,0,3,1,4,0,0,0,0,0,0,2,0,0,0,0,0,0,0,0,0,1,43,0,0,0,0,0,2,0,0,0,1,0,11,1,0,0,3,0,0,0,0,0,1,18,0,0,0,10,0,0,0,0,0,0,0,0,0,0,3,0,0,8,0,3,0,48,0,0,0,0,0,0,0,0,0,0,0,0,1,0,0,0,0,0,100,0,0,1
Putnam Valley,Putnam,0,0,0,0,0,0,0,0,0,0,0,0,18,0,0,0,0,0,0,0,0,0,1,0,0,0,0,0,21,0,0,0,0,4,0,0,0,"1,404",0,0,0,0,0,0,0,0,0,0,0,0,0,0,0,1,0,0,0,89,0,0,0,0,0,3,0,0,0,0,0,0,0,0,0,0,1,3,0,0,0,0,2,4,0,0,0,1,0,1,0,0,0,0,0,0,0,0,0,0,0,0,0,3,0,0,14,0,0,0,27,0,0,0,0,0,0,0,0,0,0,0,0,2,0,0,0,0,1,1,0,0,21
Hadley,Saratoga,11,0,0,0,0,0,0,0,5,8,0,0,4,0,3,0,18,0,13,0,1,0,5,0,0,1,0,5,19,4,1,0,0,0,1,0,1,0,0,12,0,0,0,597,1,4,0,0,0,0,0,0,0,0,91,17,0,0,0,0,0,0,0,4,0,0,0,0,0,0,0,0,0,11,0,27,2,0,0,0,3,3,0,0,0,2,0,0,0,0,46,2,0,0,0,0,0,0,0,0,0,3,0,0,12,0,9,0,112,0,0,0,0,0,0,0,0,0,0,0,0,4,0,0,0,0,0,0,0,0,4
Cobleskill,Schoharie,104,0,0,0,0,0,0,0,2,25,0,6,11,1,0,0,0,0,14,0,3,0,1,0,0,1,0,25,4,0,6,2,0,1,1,0,35,1,1,18,0,0,0,6,9,"1,975",0,0,1,0,0,0,0,1,0,5,0,3,0,0,0,0,0,9,0,0,0,2,0,0,0,0,0,0,0,7,1,0,0,0,0,0,4,0,0,5,1,0,0,0,2,0,1,0,0,0,0,0,0,0,0,3,0,0,13,0,32,0,70,0,0,0,0,0,0,0,0,0,0,0,0,4,0,0,0,0,0,0,0,0,23
Summit,Schoharie,36,0,0,1,0,0,0,1,0,19,2,30,20,1,0,0,0,0,18,0,1,0,0,0,0,1,0,2,2,0,0,0,0,1,0,0,78,0,0,37,0,0,0,2,3,"1,488",0,0,0,1,1,1,0,2,1,5,0,1,0,0,0,0,0,11,0,0,0,3,0,0,0,1,0,1,0,7,0,0,0,0,1,2,0,0,0,4,0,0,0,0,1,0,1,0,0,0,0,0,0,0,0,3,0,0,2,0,13,1,8,0,0,0,0,0,0,0,0,0,0,0,0,0,0,0,0,0,0,0,0,1,3
Wright,Schoharie,346,0,1,0,1,0,0,0,0,7,0,2,5,0,5,0,1,0,16,0,1,0,0,0,0,4,0,4,1,0,1,0,0,1,0,0,1,0,0,3,0,0,0,1,18,"1,108",0,0,0,0,0,0,0,1,0,1,0,1,0,0,0,0,0,3,0,3,0,1,0,0,0,0,0,1,0,0,1,0,0,0,1,4,0,0,0,1,0,1,0,0,3,0,0,0,0,0,0,0,0,0,0,3,0,0,3,0,3,0,25,0,0,0,0,0,0,0,0,0,0,0,0,2,0,0,0,0,1,0,0,0,2
Orange,Schuyler,10,3,0,1,15,2,47,6,0,20,7,11,17,0,0,0,3,0,2,0,7,0,0,0,2,1,1,51,34,0,9,5,6,47,3,1,23,8,0,4,0,3,1,10,0,22,552,15,613,0,0,0,0,0,0,0,0,0,0,116,0,0,0,21,0,0,0,5,0,0,0,0,0,0,2,25,4,0,1,0,4,51,0,5,0,23,8,0,0,0,19,0,0,0,0,0,0,0,0,0,0,3,0,0,25,0,1,0,110,0,0,0,0,0,0,0,0,0,0,0,0,2,0,0,0,0,0,0,0,0,6
Ovid,Seneca,6,2,3,0,42,2,11,6,0,1,4,13,17,2,0,0,0,1,1,0,0,0,2,0,4,3,17,0,13,4,4,5,7,17,0,0,4,1,0,4,0,1,1,5,5,4,31,"1,493",22,0,7,2,88,2,0,3,1,3,1,11,0,0,1,21,0,0,0,5,0,0,0,0,0,0,1,19,17,0,0,0,4,108,1,4,0,21,1,0,0,0,9,5,5,0,0,0,0,0,0,0,0,3,0,0,11,0,7,0,259,0,0,0,0,0,0,0,0,0,0,0,0,0,0,0,0,0,0,0,0,0,5
Hartsville,Steuben,2,48,0,2,1,0,5,3,0,1,8,3,2,3,0,0,1,1,0,0,1,0,0,0,16,11,4,0,3,0,5,3,1,9,0,2,0,0,0,2,0,0,1,3,0,1,9,10,635,0,0,0,15,3,0,4,1,1,0,6,0,0,0,3,0,0,0,2,1,0,0,0,0,0,0,25,1,0,0,0,5,9,0,1,0,30,7,1,0,0,19,2,2,0,0,0,0,0,0,0,0,3,0,0,3,0,0,0,25,0,0,0,0,0,3,0,0,0,2,0,0,0,0,0,0,0,0,0,0,0,25
Jasper,Steuben,1,12,19,3,40,0,3,32,0,1,19,6,6,3,0,0,1,1,2,0,5,1,0,0,6,17,1,40,1,1,4,6,10,4,1,1,52,0,0,3,0,0,1,3,2,4,0,4,"1,027",0,0,7,42,0,3,9,8,0,2,15,0,0,0,15,3,0,0,0,1,0,0,0,0,2,0,15,5,0,0,0,54,16,0,3,0,56,5,0,0,0,13,0,3,0,0,0,0,0,0,0,0,3,0,0,12,0,0,0,10,0,0,0,0,0,1,0,0,0,0,0,0,0,0,1,0,0,0,1,0,0,39
Tuscarora,Steuben,5,7,7,0,14,0,6,115,0,3,7,16,9,0,0,0,0,0,0,0,1,1,1,0,2,1,8,0,4,0,2,7,6,5,0,0,56,0,0,0,0,1,1,2,1,2,1,4,945,0,2,3,14,0,3,1,0,4,0,5,0,0,0,10,0,0,0,0,1,1,0,0,0,0,0,16,0,0,0,0,2,19,0,0,0,83,11,1,0,0,16,2,2,0,0,0,0,0,0,0,0,3,0,0,23,0,0,0,54,0,0,0,0,0,0,0,0,0,0,0,0,0,0,0,0,0,0,0,0,0,4
West Union,Steuben,3,78,1,2,13,4,7,10,0,7,9,10,6,1,1,0,0,1,11,0,8,0,1,0,28,9,1,4,8,0,1,8,2,6,0,2,0,0,0,2,0,0,8,2,0,1,2,11,681,2,2,1,48,2,1,0,0,1,2,7,0,0,0,6,0,0,0,1,0,0,0,1,0,11,0,8,5,0,0,1,6,10,0,1,0,68,4,0,0,0,6,0,1,2,0,0,0,0,0,0,0,3,0,0,4,0,3,0,219,0,0,0,0,0,0,0,0,0,0,0,0,0,0,0,0,0,0,0,0,0,4
Riverhead,Suffolk,1,0,3,0,0,0,1,0,0,0,1,0,6,0,0,0,0,0,0,0,0,0,55,0,0,0,0,0,119,0,0,0,2,7,0,0,0,0,20,0,4,2,0,0,0,0,0,0,0,"2,642",0,0,0,2,0,0,0,4,0,0,0,0,0,37,1,0,0,0,0,0,0,0,0,1,4,7,2,0,0,0,2,14,0,0,0,10,5,0,0,0,0,7,0,0,0,0,1,0,0,1,0,3,0,0,46,0,37,2,154,0,0,0,0,0,1,0,1,0,2,1,0,1,0,0,0,7,0,0,1,0,9
Bethel,Sullivan,9,0,0,0,0,0,1,0,0,2,0,33,52,0,0,1,0,1,52,0,2,0,8,0,0,0,0,0,73,0,1,1,2,110,1,1,1,3,2,7,0,15,0,1,0,23,0,1,2,3,"1,701",0,6,63,0,2,0,6,0,0,0,0,0,46,0,0,1,0,0,1,0,0,1,0,0,12,0,0,0,0,0,10,0,3,0,30,0,0,1,0,2,1,0,0,0,0,0,0,0,0,0,3,0,0,27,1,73,0,364,0,0,0,0,0,0,0,0,0,0,0,0,30,0,0,0,17,0,0,0,0,8
Callicoon,Sullivan,3,0,4,0,0,0,1,1,0,5,0,50,15,0,0,0,0,0,32,0,0,0,14,0,2,0,1,0,62,0,0,0,0,25,0,0,4,1,0,2,0,4,12,0,0,0,0,0,0,1,"1,668",0,0,19,0,10,0,8,0,1,0,0,0,15,0,0,0,0,0,0,0,0,0,0,0,3,0,5,0,0,0,33,0,0,0,85,2,0,0,0,4,1,0,0,0,0,0,0,0,0,0,3,0,0,22,3,637,0,221,0,0,0,0,0,1,0,0,0,1,0,0,8,0,0,0,50,0,0,0,0,38
Fallsburgh,Sullivan,8,0,2,0,0,0,3,1,1,1,0,38,38,0,0,0,0,0,25,0,0,0,4,0,0,0,1,0,83,2,1,3,1,112,0,0,1,4,1,0,1,3,0,5,0,14,0,2,0,2,"2,074",1,2,403,0,0,2,25,0,0,0,0,0,46,0,1,1,2,0,1,0,0,0,0,1,5,4,0,0,0,0,18,0,0,0,12,1,0,0,0,0,0,2,0,0,0,0,0,0,0,0,3,0,0,26,1,75,0,193,0,0,0,0,0,0,0,0,0,0,0,0,7,0,0,0,1,0,0,0,0,7
Fremont_Su,Sullivan,10,0,12,0,0,0,5,14,0,5,0,151,16,1,0,0,0,0,65,0,3,0,0,0,0,1,0,3,79,0,1,0,0,28,0,0,14,2,1,0,0,8,0,1,1,59,0,0,1,2,776,1,0,41,0,0,0,2,0,0,0,0,0,15,0,0,0,3,0,1,0,0,0,1,0,8,0,0,0,1,1,10,0,0,0,55,1,0,0,0,2,0,1,0,0,0,0,0,0,0,0,3,0,0,4,0,401,0,140,0,0,0,0,0,0,0,0,0,1,0,0,8,0,0,0,0,0,0,0,0,8
Liberty,Sullivan,28,0,4,0,0,0,0,2,0,8,2,52,39,0,0,0,2,0,46,0,0,1,8,0,0,0,3,0,29,0,1,1,1,77,0,0,8,6,0,5,0,14,0,0,0,81,0,0,3,0,"1,839",0,0,106,0,1,1,37,0,0,0,0,0,95,0,0,1,2,1,0,0,0,0,0,0,11,1,0,0,4,0,8,0,4,0,20,1,0,1,0,3,2,0,0,0,0,0,0,0,0,0,3,0,0,30,0,55,0,149,0,0,0,0,0,0,0,0,0,3,1,0,6,0,0,0,2,0,0,0,0,38
Denning,Ulster,9,1,0,0,1,0,1,0,0,3,0,14,11,0,0,0,0,0,44,0,0,0,0,0,0,0,0,0,5,0,0,0,0,12,0,0,0,0,0,2,0,2,0,0,0,24,0,0,0,4,230,0,0,480,0,1,0,1,0,0,0,0,0,11,0,0,0,0,0,0,0,0,0,1,0,2,0,0,0,0,0,1,0,0,0,2,1,0,0,0,3,0,0,0,0,0,0,0,0,0,0,3,0,0,3,0,50,2,11,0,0,0,0,0,0,0,0,0,0,0,0,0,0,0,0,0,0,0,0,0,3
Gardiner,Ulster,0,0,0,0,3,0,0,0,0,0,0,0,39,0,0,0,0,0,6,0,0,0,0,0,0,0,0,0,15,0,0,0,0,86,0,0,0,18,0,1,0,2,0,0,0,0,0,0,0,1,3,0,1,"1,590",0,0,0,4,0,0,0,0,0,2,0,0,0,0,0,0,0,0,0,0,0,5,0,0,0,0,0,18,0,0,0,0,0,0,0,0,1,0,1,0,0,0,0,0,0,0,0,3,0,0,5,0,32,0,106,0,0,0,0,0,0,0,0,0,1,0,0,0,0,0,0,0,0,0,0,0,8
North Castle,Westchester,2,0,0,0,0,0,0,0,0,0,0,4,14,0,0,0,1,0,2,0,0,1,9,0,0,0,0,0,111,0,1,0,1,3,0,0,0,8,29,4,0,3,0,4,0,0,0,1,0,3,0,1,0,0,0,0,0,"1,706",0,0,0,0,0,108,0,0,0,0,0,0,0,1,0,0,3,6,0,0,0,0,0,18,0,0,0,10,0,0,0,0,1,0,0,0,0,0,0,0,0,0,0,3,0,0,16,0,4,0,104,0,0,0,0,0,0,1,0,0,0,0,0,4,0,1,0,0,0,0,1,0,9
Pelham,Westchester,0,0,0,0,0,0,0,0,0,0,0,0,0,0,0,0,0,0,0,0,0,0,6,0,0,0,0,0,295,0,0,0,0,0,0,0,0,0,1,0,0,0,0,0,0,0,0,0,0,0,0,0,0,0,0,0,0,393,0,0,0,0,0,18,0,0,0,0,1,0,0,1,4,2,3,6,0,0,12,0,1,24,1,0,0,6,0,0,0,0,0,4,0,0,0,0,2,0,0,0,0,3,0,0,39,6,25,0,162,1,0,0,0,0,0,0,0,0,4,0,0,14,0,0,0,0,0,0,1,0,8
Middlebury,Wyoming,6,6,1,12,17,3,1,5,1,14,0,0,2,10,4,0,0,220,0,0,3,2,0,0,23,9,23,2,8,6,20,11,12,1,6,3,20,0,0,19,0,0,0,13,3,4,0,9,1,0,0,1,4,0,0,17,4,0,810,1,0,0,2,832,0,0,0,4,2,3,0,0,0,0,1,73,15,1,0,0,14,6,0,6,0,10,9,0,0,0,62,4,1,0,0,0,2,0,0,0,0,3,0,1,24,2,24,0,58,0,0,0,0,0,0,0,0,0,2,0,0,4,0,0,0,0,0,5,0,1,16
Ghent,Columbia,3,0,0,1,1,0,0,0,0,"2,231",0,0,26,0,0,0,0,0,10,0,1,0,0,0,0,0,0,3,4,0,0,0,0,0,0,0,2,1,0,7,0,0,0,1,0,2,0,0,0,0,0,0,0,0,0,0,0,3,0,1,0,0,0,8,0,0,0,0,0,0,0,0,0,4,0,8,0,0,0,0,0,0,0,0,0,0,2,1,0,0,3,0,0,0,0,14,0,0,0,0,0,2,0,0,4,0,90,0,200,0,0,2,0,0,0,0,0,0,0,0,0,5,0,0,0,1,0,0,0,0,20
Norway,Herkimer,4,0,2,0,2,0,0,0,0,3,7,3,2,0,0,0,11,0,2,0,729,10,1,10,0,3,0,18,3,0,29,4,0,0,0,4,4,0,0,4,0,0,2,12,6,7,0,0,0,0,2,1,0,3,0,6,3,1,0,0,0,0,0,8,0,0,0,1,0,0,1,0,0,0,0,15,0,1,2,0,0,0,0,3,0,8,14,0,0,0,3,0,0,0,0,0,0,0,0,0,0,2,0,0,21,3,6,0,89,0,0,1,0,0,0,0,0,0,0,0,0,0,0,0,0,1,0,3,0,0,0
Wallkill,Orange,23,1,0,0,4,1,10,5,0,17,7,12,87,4,0,0,2,0,61,0,4,1,19,0,0,1,1,1,139,0,6,0,0,"5,102",0,0,0,7,3,3,2,29,0,2,1,2,0,0,3,11,308,7,4,34,2,3,0,41,2,2,0,0,0,80,0,0,2,4,0,2,0,1,0,1,5,26,2,0,1,2,0,168,4,1,0,82,6,1,0,0,2,2,4,1,0,0,0,0,0,0,0,2,2,0,198,1,98,0,647,1,0,1,0,0,5,1,0,0,0,0,0,12,0,0,0,1,0,0,0,1,41
Spencer,Tioga,11,4,15,3,7,0,36,11,0,2,18,8,17,0,5,0,0,2,12,1,3,0,0,0,1,5,5,6,8,0,4,10,0,25,0,0,14,2,0,4,0,0,1,5,0,8,1,2,15,1,4,920,233,7,1,7,1,33,0,3,0,0,2,66,0,0,0,2,0,0,0,0,0,2,1,35,2,0,0,0,21,25,0,3,0,54,3,0,1,0,17,0,1,0,0,0,0,0,0,0,0,2,0,0,15,0,2,0,15,0,0,1,0,0,0,0,0,0,0,0,0,0,0,0,0,0,0,0,0,0,7
Tioga,Tioga,27,1,52,3,10,1,33,20,0,8,7,37,17,0,0,0,0,5,11,1,2,0,7,0,0,0,3,6,11,0,7,5,1,99,0,0,67,7,1,6,0,0,0,9,1,19,1,1,10,5,6,"1,844",110,28,2,6,0,5,0,3,0,0,0,42,3,0,0,5,1,0,0,1,0,4,7,29,6,0,0,0,6,49,0,11,0,208,9,0,0,0,13,2,4,0,0,0,0,0,0,0,0,2,0,0,31,49,8,0,76,0,0,1,0,0,0,0,0,0,0,0,0,2,0,0,0,0,0,0,0,0,19
Somers,Westchester,3,0,0,0,0,0,0,0,0,2,0,1,22,0,0,0,0,0,0,0,0,0,17,0,0,0,0,0,59,0,2,0,0,1,0,0,0,120,4,0,0,4,0,0,0,0,0,0,0,0,1,0,1,3,0,0,0,"1,163",0,0,0,0,0,29,0,0,1,1,0,0,0,0,0,1,5,6,0,0,0,0,0,3,2,0,0,7,0,0,0,0,4,5,0,3,0,24,0,0,0,0,0,2,0,0,15,0,22,0,158,0,0,1,0,0,0,0,0,0,0,0,0,2,1,0,0,0,0,0,0,0,0
Eagle,Wyoming,10,33,0,32,7,2,0,1,0,0,2,5,3,13,1,0,1,17,4,0,10,2,0,0,21,8,9,5,0,4,29,5,10,1,1,0,22,1,0,3,0,0,4,17,0,2,0,4,6,0,0,0,7,1,6,20,4,1,657,1,0,0,0,13,0,0,0,3,0,0,0,0,0,1,0,24,8,1,0,0,12,0,0,2,0,10,4,0,0,0,58,0,0,0,0,0,0,0,0,0,0,2,0,0,7,0,0,0,46,0,0,1,0,0,0,0,0,0,0,0,0,19,0,0,0,0,0,5,0,0,3
Ward,Allegany,0,481,5,3,8,0,0,17,0,1,0,0,3,2,0,0,1,1,1,3,0,0,0,0,5,6,0,0,4,0,0,5,13,2,0,1,7,1,0,22,0,0,0,3,0,1,0,4,50,0,0,5,8,0,1,11,0,0,0,5,0,0,0,11,0,0,0,1,0,0,1,1,0,0,1,12,0,0,0,0,1,3,1,0,0,22,33,0,0,0,8,0,2,0,0,0,0,0,0,0,0,2,0,0,3,0,0,0,52,0,0,0,0,0,0,0,0,0,0,0,0,0,0,0,0,0,0,0,0,0,0
Nanticoke,Broome,47,0,487,0,0,0,0,45,0,16,29,23,20,1,0,0,0,0,11,0,6,0,0,1,0,3,1,10,4,0,3,2,0,0,0,0,62,0,0,2,0,0,0,1,0,3,0,0,7,0,5,33,5,1,0,3,1,1,1,0,0,0,0,16,0,0,0,1,0,1,0,0,0,1,0,31,2,0,0,0,0,2,0,2,0,29,1,0,0,0,4,0,0,0,0,0,0,0,0,0,0,2,0,0,1,0,0,0,40,0,0,0,0,0,0,0,0,0,0,0,0,0,0,0,0,0,0,0,0,0,6
Vestal,Broome,37,0,"1,149",1,2,0,8,14,0,5,12,20,40,0,0,0,1,0,3,0,2,0,0,0,3,0,0,5,6,0,1,5,0,14,0,0,35,5,0,18,1,0,0,8,1,41,0,2,7,2,14,44,11,18,0,1,0,4,2,0,0,0,0,20,0,0,0,0,0,0,0,0,0,1,1,26,1,0,0,0,10,39,0,0,0,146,5,0,0,0,26,0,1,0,0,0,0,0,0,0,0,2,0,0,8,0,1,1,42,0,0,0,0,0,0,0,0,0,0,0,0,0,0,0,0,0,0,0,0,0,67
Windsor,Broome,17,0,"1,689",0,9,0,5,99,0,11,6,102,25,0,0,0,0,0,16,1,3,5,6,0,1,0,0,1,10,1,2,0,0,17,0,0,84,1,0,16,0,0,0,1,2,58,0,0,2,8,6,13,6,4,1,7,4,1,0,0,0,0,0,112,0,0,0,3,0,4,0,0,0,0,0,42,2,0,0,0,4,14,0,4,0,179,2,0,0,0,12,0,1,0,0,0,0,0,0,0,0,2,0,0,14,0,0,0,37,0,0,0,0,0,1,0,0,0,0,0,0,0,0,0,0,0,0,1,0,0,23
Freedom,Cattaraugus,2,30,0,633,29,0,1,0,1,8,0,4,7,42,6,0,1,13,0,0,13,1,0,1,9,7,9,4,1,10,51,0,5,0,3,2,24,0,0,1,0,1,0,5,0,5,0,6,4,0,0,0,0,0,1,24,1,0,45,0,0,0,0,5,0,0,0,0,0,0,0,0,0,3,1,25,1,1,0,0,11,6,0,5,0,25,2,0,0,0,36,0,2,0,0,0,0,0,0,0,0,2,0,0,5,3,7,1,3,0,0,0,0,0,0,0,0,0,0,0,0,26,0,0,0,0,0,218,0,0,1
Locke,Cayuga,6,0,1,1,707,2,4,2,0,3,17,2,7,0,0,0,4,1,3,0,4,1,0,0,0,1,0,1,10,0,0,6,5,15,0,2,6,0,1,3,0,0,1,9,0,1,0,3,3,0,1,3,112,13,0,6,0,9,0,0,0,0,0,23,0,0,0,0,0,0,0,0,0,0,0,11,0,0,3,0,2,3,0,8,0,8,7,0,0,0,31,0,0,0,0,0,1,0,0,0,0,2,0,0,9,1,0,0,21,0,0,0,0,0,0,0,0,0,0,0,0,12,0,0,0,0,0,0,0,0,10
Sempronius,Cayuga,2,2,0,0,718,1,2,5,0,4,48,6,28,0,0,0,0,1,4,0,16,3,1,0,0,5,0,2,5,3,5,49,2,12,0,7,12,0,0,13,0,2,0,10,1,5,0,2,2,2,3,2,13,10,0,11,3,6,0,0,0,0,1,18,0,0,0,2,0,4,0,0,0,2,0,32,0,0,0,0,8,6,0,9,0,3,13,0,0,0,10,0,1,0,0,0,0,0,0,0,0,2,0,0,10,0,0,0,47,0,0,0,0,0,0,0,0,0,0,0,0,4,0,0,0,0,0,1,0,0,2
Summer Hill,Cayuga,7,1,1,1,604,0,1,21,1,2,101,3,12,1,1,0,0,0,8,0,10,3,0,2,3,6,2,0,7,0,5,34,1,5,0,2,10,0,0,4,0,0,18,5,4,7,1,1,3,0,3,1,60,2,0,7,0,1,1,1,0,0,0,21,1,0,0,4,0,1,0,0,0,1,0,22,3,0,0,0,2,11,0,1,0,11,1,0,0,0,13,0,0,0,1,0,0,0,0,0,0,2,0,0,8,0,0,0,29,0,0,0,0,0,0,0,0,0,0,0,0,3,0,0,0,0,0,0,0,0,3
Throop,Cayuga,6,1,0,1,728,2,1,1,0,5,5,2,13,2,0,0,0,2,14,1,7,7,2,10,1,1,11,2,5,0,8,33,9,12,2,8,2,0,0,3,0,0,0,9,3,5,3,14,2,2,0,1,6,48,0,3,22,8,0,0,0,0,0,20,0,0,0,0,0,0,0,0,0,0,1,11,8,0,0,2,5,18,1,3,0,6,2,0,0,0,16,0,3,0,0,0,0,0,0,0,0,2,0,0,28,2,16,0,109,0,0,0,0,0,0,0,0,0,0,0,0,4,0,0,0,0,0,0,0,0,1
Venice,Cayuga,6,1,1,1,"1,267",3,1,14,0,5,23,5,46,1,1,0,0,1,1,0,2,8,1,0,3,6,2,5,6,0,10,24,1,6,0,4,3,1,0,10,0,0,0,7,2,3,1,12,2,0,0,4,40,0,0,14,3,5,2,1,1,0,0,35,0,0,0,3,0,0,0,0,0,0,4,41,15,0,1,0,0,31,0,8,0,47,6,0,0,0,18,6,0,1,0,0,0,0,0,0,0,2,0,0,21,0,1,0,124,0,0,0,0,0,0,0,0,0,0,0,0,1,0,0,0,0,0,0,0,0,12
Carroll,Chautauqua,1,2,4,19,4,809,0,4,0,3,1,1,1,2,0,0,1,3,1,0,4,1,1,0,0,3,1,3,281,0,7,1,2,0,0,1,9,0,0,7,2,0,0,2,0,2,0,1,2,0,0,2,0,0,0,3,2,0,0,0,0,0,0,10,0,0,0,0,0,2,0,0,0,1,0,50,1,0,0,0,13,7,0,9,0,63,0,0,0,0,51,1,1,0,0,0,0,0,0,0,0,2,0,0,7,1,0,0,10,0,0,0,0,0,0,0,0,0,0,0,0,0,0,0,25,0,0,1,0,0,6
Big Flats,Chemung,5,3,17,2,2,0,997,1,0,3,2,8,25,0,0,0,1,0,3,0,2,1,0,0,0,0,0,2,35,0,5,0,1,56,0,0,17,0,0,1,0,0,1,0,0,8,15,6,105,0,3,12,80,1,0,2,0,0,0,1,0,0,0,19,0,0,1,3,5,0,0,0,0,0,0,25,6,3,0,0,8,49,0,7,0,117,2,0,0,0,8,14,3,0,0,0,0,0,0,0,0,2,0,0,19,0,34,34,89,0,0,0,0,0,0,0,0,0,0,0,0,7,0,0,0,0,0,0,0,0,18
Chemung,Chemung,3,1,11,4,5,0,922,3,0,0,12,3,2,0,0,0,0,0,6,0,2,0,0,0,0,1,0,1,400,0,0,2,1,142,0,0,6,0,0,1,0,0,0,0,0,1,6,1,4,0,13,23,5,7,0,1,0,3,0,3,0,0,0,21,0,0,0,0,0,0,0,0,0,0,0,6,7,2,0,0,2,39,0,3,0,132,2,0,0,0,10,1,0,0,0,0,0,0,0,0,0,2,0,0,27,0,8,8,69,0,0,0,0,0,0,0,0,0,0,0,0,0,0,0,0,0,0,0,0,0,24
Greene,Chenango,45,2,176,3,3,5,0,"2,205",0,16,41,62,44,1,0,0,2,1,25,0,5,4,1,0,0,38,1,12,11,2,7,5,4,13,0,3,52,8,1,5,0,1,0,3,0,11,0,0,8,0,2,6,12,19,1,8,2,14,1,0,0,0,0,104,0,0,0,1,0,0,0,0,0,2,0,68,1,0,0,0,12,1,0,3,0,36,3,0,1,0,25,5,3,0,0,0,0,0,0,0,0,2,0,0,28,0,0,0,91,0,0,0,0,0,0,0,0,0,0,0,0,13,0,1,0,0,0,0,0,0,22
Guilford,Chenango,3,1,24,0,1,0,0,"1,556",0,30,8,70,31,0,0,0,0,0,11,0,5,2,0,1,0,9,0,2,8,0,6,3,0,23,0,0,234,6,0,4,0,1,0,5,2,13,0,1,9,0,6,2,6,2,0,6,1,8,0,0,0,0,0,133,0,0,0,1,1,0,0,0,0,0,1,36,1,0,0,1,4,5,0,2,0,27,18,0,3,0,15,1,2,0,0,0,0,0,0,0,0,2,0,0,30,0,16,0,8,0,0,0,0,0,0,0,0,0,0,0,0,2,0,0,0,0,0,1,0,0,13
Preston,Chenango,1,1,2,0,0,0,0,660,0,2,9,4,11,0,1,1,0,0,0,0,1,0,0,0,0,5,0,1,1,0,12,1,0,1,0,1,17,0,0,0,0,0,0,0,0,4,0,0,0,1,0,1,1,0,0,2,0,0,0,0,0,0,0,65,0,0,0,0,0,0,0,0,0,0,0,27,0,2,0,0,2,3,0,0,0,5,31,0,0,0,9,0,1,0,0,0,0,0,0,0,0,2,0,2,12,1,2,0,42,0,0,0,0,0,0,0,0,0,0,0,0,1,0,0,0,0,0,0,0,0,34
Claverack,Columbia,17,0,0,0,1,0,1,1,0,"2,657",1,1,81,4,1,0,2,0,63,0,1,1,3,0,1,1,1,3,19,2,7,1,0,0,1,1,7,1,1,23,0,0,0,5,0,25,0,1,1,0,0,0,0,22,0,5,2,6,0,0,0,0,0,32,0,0,0,0,0,0,0,0,1,1,3,39,0,0,0,0,1,5,1,1,0,13,2,1,0,0,4,6,2,1,0,0,0,0,0,0,0,2,0,0,15,102,102,0,128,0,0,0,0,0,0,0,0,0,0,0,0,11,0,0,0,0,0,1,0,1,6
Greenport,Columbia,8,0,0,0,0,0,0,0,0,877,0,1,15,1,0,0,0,0,12,0,0,0,1,0,0,0,0,1,26,0,0,0,0,1,0,0,0,0,2,3,1,0,1,0,0,3,0,0,0,0,0,0,1,6,0,1,0,0,0,0,0,0,0,3,0,0,1,0,0,0,0,0,0,0,0,9,0,0,0,0,1,4,0,2,0,1,0,2,0,0,4,0,4,0,0,0,0,0,0,0,0,2,0,0,16,1,14,0,95,0,0,0,0,0,0,0,0,0,0,0,0,7,0,0,0,0,0,0,0,0,3
Scott,Cortland,2,15,0,1,61,0,0,5,0,5,735,2,3,0,0,0,2,0,3,1,10,3,0,2,0,24,0,1,5,0,9,51,0,1,0,1,10,0,0,6,0,0,1,6,0,1,0,1,0,0,2,2,2,1,0,4,2,0,0,2,0,0,0,29,0,0,0,2,0,0,0,0,2,0,5,26,3,0,0,0,4,4,0,0,0,9,25,0,0,0,7,0,4,0,0,0,0,0,0,0,0,2,0,0,10,0,1,0,23,0,0,0,0,0,0,0,0,0,0,0,0,1,0,0,0,0,0,0,0,0,0
Davenport,Delaware,39,0,4,0,1,0,1,8,0,24,1,"1,504",9,0,0,0,0,0,59,0,2,0,2,0,0,2,1,3,6,1,11,2,1,1,0,0,239,1,0,4,0,0,0,0,4,118,0,0,0,0,7,0,0,2,0,3,0,1,0,0,0,0,0,30,0,0,0,0,0,0,0,0,0,0,0,12,0,0,0,0,1,10,0,3,0,8,3,0,0,0,2,0,1,0,0,0,0,0,0,0,0,2,0,0,13,0,7,0,67,0,0,0,0,0,0,0,0,0,0,0,0,16,0,0,0,0,0,0,0,0,2
Masonville,Delaware,29,0,35,0,0,0,0,106,0,11,6,"1,029",8,0,0,0,2,0,32,0,1,0,0,0,0,3,0,6,9,0,3,1,1,2,0,0,151,0,0,4,0,0,0,13,8,53,0,0,5,0,7,3,2,1,2,1,3,13,0,0,0,0,0,46,0,0,0,0,0,0,0,0,0,0,0,36,1,0,0,0,0,0,0,1,0,31,3,0,0,0,8,0,0,0,0,0,0,0,0,0,0,2,0,0,11,1,3,0,1,0,0,0,0,0,0,0,0,0,0,0,0,3,0,0,1,0,0,0,0,0,2
Pawling,Dutchess,0,0,0,0,1,0,0,0,0,7,0,0,"1,377",0,0,0,1,0,1,0,0,0,2,0,0,0,3,0,23,0,0,0,0,0,0,0,4,72,2,1,1,0,0,0,0,1,0,0,0,0,0,0,0,9,0,2,0,16,0,1,0,0,0,82,0,0,0,0,0,0,0,0,0,0,0,1,0,0,0,0,0,2,0,1,0,2,0,0,0,0,0,0,0,0,1,0,0,0,0,0,0,2,0,0,2,0,5,0,119,0,0,0,0,0,0,0,0,0,0,0,0,0,0,0,0,0,0,0,0,0,0
Red Hook,Dutchess,8,0,0,0,0,0,0,0,0,242,2,10,"2,175",0,1,0,1,0,11,0,2,0,3,0,2,1,0,2,88,0,2,1,0,3,2,0,1,3,1,14,0,0,0,4,0,11,0,0,0,0,3,0,0,33,0,3,4,12,0,0,0,0,0,28,0,0,0,2,0,0,0,0,1,4,2,20,0,0,0,1,0,11,3,1,0,19,1,0,0,0,4,1,0,0,0,0,0,0,0,0,0,2,0,0,47,8,56,0,232,0,0,0,0,0,0,1,0,0,1,0,0,10,0,0,1,2,0,3,2,0,18
Stanford,Dutchess,6,0,1,0,3,1,0,0,0,50,0,3,"1,782",1,0,0,1,1,9,1,0,1,3,0,0,1,0,0,29,0,0,0,0,3,0,0,0,161,0,5,0,0,0,8,0,6,0,0,0,0,1,0,0,15,0,0,0,13,0,0,0,0,0,32,0,0,0,0,1,0,0,0,0,1,2,10,0,0,0,16,0,6,0,1,0,2,4,0,1,0,2,3,0,0,0,0,0,0,0,0,0,2,0,0,12,1,9,0,140,0,0,0,0,0,0,9,0,0,0,0,0,7,0,0,0,0,0,0,0,0,4
Perth,Fulton,25,0,0,0,1,0,0,0,0,10,0,2,2,2,0,0,579,0,0,0,2,3,0,0,0,0,0,128,5,0,1,0,0,0,1,0,7,0,0,4,0,0,1,75,21,0,0,0,2,0,0,0,0,1,4,3,0,0,0,0,0,0,0,9,0,0,0,0,0,0,0,0,0,3,0,1,4,0,0,0,0,0,0,1,0,0,3,0,0,0,5,0,0,0,0,0,0,0,0,0,0,2,0,0,20,0,55,0,34,0,0,0,0,0,0,0,0,0,0,0,0,36,0,0,0,0,0,0,0,0,1
Wells,Hamilton,18,0,0,0,0,0,0,0,0,0,0,1,4,1,3,0,13,0,0,405,0,0,0,0,0,1,0,39,1,2,1,0,0,0,0,3,5,0,0,20,0,0,0,57,5,17,0,0,0,0,1,0,0,2,13,9,1,1,0,0,0,0,0,3,0,0,0,0,0,0,0,0,0,3,0,5,1,0,0,0,4,0,0,0,0,0,1,0,0,0,14,0,0,0,0,0,0,0,0,0,0,2,0,0,7,0,6,0,22,0,0,0,0,0,0,0,0,0,0,0,0,3,0,0,0,0,0,0,0,0,0
Ohio,Herkimer,17,0,0,0,1,0,0,0,0,6,0,3,0,0,0,0,5,0,8,1,581,6,1,3,2,2,0,38,1,0,28,1,0,0,0,3,3,1,0,11,0,0,0,7,26,14,0,0,0,0,0,0,0,4,1,3,0,0,0,0,0,0,0,2,0,0,0,0,0,0,0,0,0,0,0,12,0,2,0,0,0,1,0,0,0,0,0,0,0,0,6,0,0,0,0,0,0,0,0,0,0,2,0,0,2,4,97,0,19,0,0,0,0,0,0,0,0,0,0,0,0,2,0,0,0,0,0,2,0,0,0
De Ruyter,Madison,5,7,7,2,10,1,0,187,0,19,143,1,20,1,0,0,0,0,2,0,7,5,0,2,0,952,0,8,5,0,24,67,1,0,0,4,28,2,0,33,0,0,1,10,1,2,3,0,0,0,0,5,15,2,0,5,0,0,0,0,0,0,0,20,1,0,0,7,1,1,0,0,0,6,0,42,2,1,0,0,11,3,0,5,0,7,27,1,0,0,23,0,1,1,0,0,0,0,0,0,0,2,0,0,20,0,1,0,42,0,0,0,0,0,3,4,0,0,3,0,0,1,0,0,0,0,0,3,0,0,0
Glen,Montgomery,32,0,1,1,4,0,0,2,0,9,3,0,10,2,0,1,50,0,7,0,28,3,1,0,2,3,1,"2,097",8,0,9,5,1,13,1,3,13,2,0,8,1,0,2,20,59,51,0,1,1,0,3,0,0,4,3,8,2,0,0,1,0,0,0,10,0,0,0,2,0,2,0,1,1,1,0,19,1,0,0,0,0,15,1,1,0,3,1,0,1,0,11,2,3,0,0,0,0,0,0,0,0,2,0,0,34,0,62,0,59,0,0,0,0,0,0,0,0,0,17,0,0,7,0,0,0,1,0,0,0,0,4
Palatine,Montgomery,9,0,0,0,0,0,0,0,0,6,0,0,2,0,0,0,55,0,4,0,33,2,0,2,0,0,1,"2,088",2,0,4,0,0,0,0,1,10,0,0,1,0,1,0,18,18,8,0,0,0,0,0,0,0,3,0,0,0,0,0,0,0,0,0,5,0,0,0,1,0,0,0,0,0,0,0,8,0,0,0,0,2,0,0,1,0,2,0,0,0,0,2,1,0,0,0,0,0,0,0,0,0,2,0,0,40,1,189,0,38,0,0,0,0,0,0,0,0,0,0,0,0,1,0,0,0,0,0,0,0,0,0
Montgomery,Orange,4,0,1,0,0,0,0,0,0,8,0,1,47,0,0,0,0,0,1,0,0,0,20,0,0,0,3,0,70,0,1,3,0,"2,362",2,1,0,3,0,3,0,0,0,0,1,0,0,1,1,8,20,1,2,214,0,0,6,12,0,0,1,0,0,33,0,0,0,7,0,0,0,1,0,0,0,10,2,0,0,0,0,28,0,0,0,14,1,0,0,0,4,5,2,0,0,121,0,0,0,0,0,2,0,0,174,1,15,0,338,0,2,0,0,0,1,0,0,0,2,0,0,18,0,0,0,1,0,1,0,0,38
New Windsor,Orange,11,0,1,0,0,0,0,0,0,2,0,5,74,0,0,0,0,0,7,0,1,6,13,0,0,0,0,0,94,0,0,0,0,"1,593",0,0,2,13,2,2,0,13,0,1,1,3,0,1,0,9,14,0,2,65,0,0,0,10,0,0,0,0,1,12,0,0,0,4,0,0,0,0,0,5,2,29,1,0,0,0,1,52,0,2,0,7,2,1,0,0,0,3,0,0,0,0,0,0,1,0,1,2,1,0,88,4,26,0,483,0,0,0,0,0,0,1,0,0,0,0,0,21,0,0,0,0,0,0,0,0,2
Milford,Otsego,34,0,3,1,1,1,0,2,0,31,1,72,89,1,0,1,4,0,23,0,12,2,0,0,0,1,1,22,7,0,19,7,0,0,0,0,"1,586",0,0,14,0,0,3,5,7,92,0,1,1,0,1,1,1,1,0,1,0,2,0,0,0,0,0,26,0,0,0,2,0,2,0,0,0,0,0,23,0,0,0,0,2,6,1,0,0,12,15,0,0,0,12,0,1,0,0,0,0,0,0,0,0,2,0,0,15,0,9,4,55,0,0,0,0,0,0,0,0,0,0,0,0,2,0,0,0,0,0,0,0,0,18
Oneonta,Otsego,24,0,10,0,7,2,1,19,0,17,6,197,33,1,0,0,4,1,13,0,12,2,3,2,0,7,2,20,20,1,4,0,0,3,0,0,"1,661",0,0,17,0,0,0,8,4,58,0,0,3,1,4,1,0,2,0,8,0,1,2,0,0,0,1,28,0,0,1,3,0,2,0,0,0,2,2,21,2,0,0,0,2,0,0,1,0,10,6,0,0,0,10,0,0,0,0,0,0,0,0,0,0,2,0,0,18,0,8,0,35,0,0,0,0,0,0,0,0,0,0,0,0,12,0,0,0,0,0,0,0,1,12
Otego,Otsego,21,0,6,0,2,0,0,22,0,11,1,171,10,0,0,0,0,1,15,0,12,1,1,0,0,4,0,9,3,0,2,1,0,2,0,1,"1,307",0,0,6,0,0,0,7,3,25,0,0,2,0,1,0,1,0,0,2,0,3,0,0,1,0,0,63,0,0,0,5,0,0,0,0,0,0,1,39,3,0,0,0,4,0,0,0,0,21,20,0,0,0,18,1,2,0,0,0,0,0,0,0,0,2,0,0,10,0,1,0,8,0,0,0,0,0,0,0,0,0,0,0,0,2,0,0,0,0,0,0,0,0,29
Roseboom,Otsego,20,0,3,0,0,1,0,0,0,17,1,10,26,0,0,0,1,2,6,1,13,6,1,0,0,1,3,78,1,1,5,3,0,0,0,1,"1,222",0,0,12,0,0,0,2,9,163,0,3,0,0,0,0,0,2,0,0,1,0,1,0,0,0,0,14,0,0,1,0,2,0,0,0,0,0,0,7,2,0,0,0,0,2,0,2,0,1,2,2,0,0,1,0,0,0,0,0,0,0,0,0,0,2,0,0,30,0,2,0,22,0,0,0,0,0,0,0,0,0,1,0,0,10,0,0,0,0,0,0,0,0,0
Westford,Otsego,5,0,1,0,0,0,0,6,0,27,1,16,23,0,0,0,2,2,17,0,4,3,0,0,0,0,1,26,2,0,7,1,1,0,0,5,978,0,0,22,0,0,0,4,2,32,0,0,0,0,0,0,2,0,1,2,0,1,0,0,0,0,0,23,0,0,0,0,0,0,0,1,0,0,0,23,1,0,0,0,2,2,0,0,0,4,0,0,0,0,8,0,0,0,0,0,0,0,0,0,0,2,0,0,8,0,1,0,5,0,0,0,0,0,0,0,0,0,0,0,0,1,0,0,0,0,0,0,0,0,7
Grafton,Rensselaer,4,0,0,0,0,0,0,0,0,1,0,0,3,1,0,0,0,0,0,0,0,1,4,1,0,0,0,0,2,0,2,0,0,0,0,0,1,0,0,"1,496",0,0,0,2,0,0,0,0,1,0,0,0,0,0,1,1,2,0,0,0,0,0,0,4,2,0,0,0,0,0,0,0,0,1,0,3,0,0,0,0,0,0,0,0,0,4,7,0,0,0,12,0,0,0,0,0,0,0,0,0,0,2,0,0,8,0,78,0,23,0,0,0,0,0,0,0,0,0,0,0,0,0,0,0,0,0,0,0,0,0,6
Providence,Saratoga,3,0,1,0,0,0,0,0,0,3,0,0,9,0,1,0,38,1,0,4,0,1,0,1,0,1,1,7,0,0,0,1,0,0,0,0,0,0,0,11,0,0,2,"1,148",4,0,0,0,0,0,0,1,0,0,0,7,0,0,0,0,0,0,0,3,0,0,0,0,0,0,0,0,0,0,0,6,0,0,0,0,2,0,0,2,0,3,3,0,0,0,5,0,0,0,0,0,0,0,0,0,0,2,0,0,3,0,0,0,16,0,0,0,0,0,0,0,0,0,0,0,0,1,0,0,0,0,0,0,0,0,4
Duanesburg,Schenectady,246,0,1,0,0,0,0,0,0,27,1,1,53,0,2,8,11,0,5,0,11,1,2,0,1,1,1,235,13,0,9,5,3,1,0,1,19,0,0,20,1,0,0,12,"1,933",206,0,0,1,0,0,1,0,1,0,12,1,9,0,0,2,0,0,8,0,0,0,1,0,0,0,0,0,0,1,18,0,0,0,0,2,8,0,1,1,3,1,0,0,0,7,1,3,0,0,0,0,0,0,0,0,2,0,0,59,3,10,0,85,0,0,0,0,0,0,0,0,0,0,0,0,22,0,0,0,0,0,0,0,0,8
Rotterdam,Schenectady,160,0,0,1,0,0,0,0,0,60,1,0,5,1,0,1,2,2,6,0,5,1,1,1,1,1,0,69,10,7,6,2,0,2,5,1,0,1,1,36,0,0,0,33,"1,470",31,0,0,0,0,0,0,0,0,0,11,0,0,0,1,0,0,0,3,0,0,0,1,0,0,0,0,0,0,1,15,1,0,0,0,0,7,0,0,0,5,0,0,0,0,2,0,0,0,0,0,0,0,0,0,0,2,0,0,68,1,148,1,56,0,0,0,0,0,0,0,0,0,22,0,0,11,0,0,0,2,4,0,0,1,2
Seward,Schoharie,50,0,1,0,0,0,0,5,0,10,0,12,14,0,0,0,2,0,1,0,2,0,0,1,0,3,1,37,2,0,1,1,0,0,0,4,60,0,0,8,0,0,1,1,7,"1,393",0,0,0,0,0,0,0,3,0,2,0,0,0,0,0,0,0,5,0,0,0,1,0,0,0,0,0,1,0,6,0,0,0,0,0,2,0,0,0,1,3,0,0,0,3,2,1,0,0,0,0,0,0,0,0,2,0,0,0,0,3,0,18,0,0,0,0,0,0,0,0,0,0,0,0,0,0,0,0,0,0,0,0,0,22
Thurston,Steuben,4,4,11,0,6,0,13,7,0,1,1,27,4,0,0,0,0,2,11,0,23,0,0,0,6,2,0,9,0,1,1,3,8,7,0,1,21,4,0,0,0,0,0,5,0,2,37,5,702,0,1,9,21,5,2,5,4,1,2,38,0,0,0,17,0,0,0,0,0,5,0,0,0,4,5,12,4,0,0,0,0,29,0,1,0,24,12,0,0,0,9,0,1,0,0,0,0,0,0,0,0,2,0,0,2,0,3,0,19,0,0,0,0,0,1,0,0,0,0,0,0,3,0,0,0,0,0,0,0,0,9
Southampton,Suffolk,0,0,0,0,0,0,1,0,1,1,0,1,3,1,0,0,0,0,1,0,0,0,20,0,0,0,0,1,837,0,3,0,0,12,0,1,2,0,13,2,2,3,0,2,0,0,0,0,3,"4,606",0,0,0,1,0,2,0,2,0,0,0,0,0,120,0,1,0,3,0,0,0,0,0,7,3,17,3,0,0,1,3,42,1,2,0,16,4,1,0,0,5,3,0,0,0,0,1,0,0,0,1,2,0,0,67,2,30,0,277,0,0,0,0,0,2,0,1,0,0,0,0,7,0,1,0,3,0,1,0,0,46
Cochecton,Sullivan,8,0,3,0,0,1,0,8,0,10,0,97,8,0,0,1,2,0,33,0,2,0,21,1,0,1,1,1,147,0,1,0,0,33,0,0,1,0,0,1,0,4,0,0,1,43,0,1,0,2,"1,319",0,0,25,0,2,0,18,0,0,0,0,0,26,0,0,0,1,0,0,0,0,3,0,0,5,0,2,0,0,0,10,0,2,0,36,1,0,0,0,1,0,0,0,0,0,0,0,0,0,0,2,5,0,11,15,710,0,55,0,0,0,0,0,2,0,0,0,0,1,0,4,0,0,0,83,0,1,0,2,7
Forrestburgh,Sullivan,0,0,0,0,0,0,0,0,0,1,0,7,0,0,0,0,2,0,8,0,0,1,6,0,0,0,0,2,11,0,0,0,0,111,0,0,0,1,0,2,0,11,0,0,0,2,0,0,0,0,458,0,0,16,0,1,0,15,0,0,0,0,3,8,0,0,0,0,0,0,0,0,0,2,1,4,0,0,0,0,0,26,0,0,0,9,1,0,0,0,0,0,0,0,0,0,0,0,0,0,0,2,0,0,9,0,18,0,107,0,0,0,0,0,0,0,0,0,0,0,0,2,0,0,0,0,0,0,1,1,13
Mamakating,Sullivan,1,0,1,0,0,0,5,0,0,4,0,9,79,0,0,0,2,0,17,0,3,0,6,0,2,1,1,2,82,0,1,0,4,625,3,0,2,23,0,0,0,3,0,2,0,2,2,0,1,0,"2,449",2,3,273,0,0,0,35,0,0,0,0,0,46,0,0,0,2,0,0,0,0,0,3,1,12,0,0,1,2,1,84,0,5,0,36,10,0,0,0,1,0,0,0,0,0,1,0,0,0,0,2,0,0,55,0,20,0,276,0,0,0,0,0,1,0,0,0,0,0,0,13,0,0,0,1,0,2,0,0,11
Neversink,Sullivan,8,0,3,0,0,0,0,1,0,4,0,23,44,0,0,0,0,0,60,0,0,0,1,3,0,2,0,1,9,0,0,0,0,32,0,0,3,0,1,4,0,2,0,0,0,5,0,0,0,0,"1,698",0,0,385,0,0,0,8,0,0,0,0,1,40,0,0,0,2,1,0,0,0,0,0,0,1,0,0,0,0,0,12,0,5,0,9,0,0,0,0,2,1,0,0,0,0,0,0,0,0,0,2,0,0,10,4,27,3,116,0,0,0,0,0,0,0,1,0,0,0,0,3,0,0,0,1,0,0,0,2,2
Berkshire,Tioga,4,1,62,0,5,4,3,22,0,5,30,18,3,2,0,0,1,0,21,0,4,1,0,0,1,3,0,3,5,0,6,1,0,9,0,1,25,4,0,0,0,0,2,6,1,5,0,9,6,0,0,510,65,3,0,2,0,3,0,1,0,0,0,23,0,0,0,1,0,0,0,0,0,1,0,89,0,0,0,0,0,8,0,0,0,42,3,0,2,0,5,1,5,0,0,0,0,0,0,0,0,2,0,0,2,0,1,0,1,0,0,0,0,0,0,0,0,0,0,0,0,7,0,0,0,4,0,14,0,0,5
Caroline,Tompkins,7,3,39,0,11,1,11,19,0,15,36,17,40,1,0,0,0,0,6,0,6,1,7,0,5,4,0,3,8,1,3,8,4,36,0,3,11,2,1,4,0,2,0,3,1,4,8,9,2,0,8,210,"1,255",135,0,2,4,12,0,1,0,0,0,50,0,2,0,2,2,1,0,0,0,0,2,56,4,0,0,1,10,22,2,4,0,43,4,0,0,0,11,7,2,2,0,0,0,0,0,0,0,2,0,0,34,0,0,0,7,0,0,0,0,0,0,0,0,0,0,0,0,2,0,0,0,0,0,0,0,1,15
Marlborough,Ulster,8,0,0,0,1,0,0,0,1,20,0,4,139,1,0,0,0,0,13,0,0,0,11,0,0,1,1,1,99,0,1,2,0,159,2,0,0,10,5,3,0,9,0,4,0,3,0,1,0,2,13,1,0,"1,749",0,0,0,40,0,0,0,0,0,21,0,0,0,1,0,0,0,0,0,13,2,30,1,0,0,2,1,21,1,1,0,6,2,0,0,0,6,7,2,0,0,0,0,0,0,0,1,2,0,0,50,4,22,1,216,0,0,0,0,0,1,0,0,0,0,0,0,3,0,0,0,0,1,2,1,1,5
Plattekill,Ulster,1,0,0,0,2,0,0,0,0,2,0,7,38,0,0,0,0,0,4,0,0,0,6,0,0,1,0,1,36,0,0,0,3,43,0,0,0,4,1,0,0,3,0,1,1,1,0,0,0,0,3,0,0,"1,675",0,1,0,20,0,0,0,0,0,6,0,0,0,0,0,0,0,0,0,0,8,0,1,0,0,0,3,17,0,0,0,3,0,0,0,0,1,2,4,0,0,0,0,0,0,0,0,2,0,0,7,0,33,0,65,0,0,0,0,0,0,1,0,0,0,0,0,0,0,0,0,0,0,0,0,0,5
Rosendale,Ulster,1,0,1,0,0,0,0,1,0,4,1,1,19,0,0,0,0,0,4,0,0,0,2,0,0,0,0,0,13,0,0,2,0,3,0,1,0,0,0,0,0,1,0,2,0,0,0,0,0,1,9,0,0,"2,190",0,0,0,1,0,0,0,0,0,5,0,0,0,0,0,0,0,0,0,0,0,3,0,0,0,0,5,5,0,1,0,10,0,0,0,0,3,2,0,0,0,0,0,0,0,0,0,2,0,0,2,1,127,4,450,0,0,0,0,0,0,0,0,0,1,0,0,6,0,0,0,0,0,0,0,0,0
North Salem,Westchester,1,0,0,0,0,0,0,0,0,5,0,1,6,1,0,0,0,0,2,0,0,0,3,0,0,0,0,2,50,0,0,1,0,5,0,0,0,115,0,2,0,0,0,0,0,0,0,0,0,1,0,0,0,2,1,1,0,"1,017",0,0,0,0,0,86,0,1,0,0,0,0,0,0,0,0,4,15,0,0,0,0,4,11,0,0,0,2,2,0,0,0,2,4,0,0,0,0,0,0,0,0,0,2,0,0,10,1,6,0,152,1,0,0,0,0,0,0,0,0,0,0,0,2,0,0,0,0,0,0,0,0,1
Gainesville,Wyoming,6,26,3,10,11,2,0,10,0,12,3,9,5,14,3,0,0,29,2,0,5,1,0,0,53,16,17,24,2,4,8,7,13,5,1,3,7,3,0,12,0,0,0,15,2,5,0,4,6,0,0,0,1,6,8,45,0,2,934,2,0,0,0,27,0,0,0,2,1,1,1,0,0,0,0,37,12,1,0,0,8,10,0,4,0,9,3,0,0,0,60,2,3,0,0,0,0,0,0,0,0,2,0,0,40,0,3,2,44,0,0,0,0,0,0,0,0,0,0,0,0,4,0,0,0,0,0,1,1,0,1
Orangeville,Wyoming,4,6,2,1,11,1,0,3,2,4,0,1,6,16,11,0,2,22,2,0,2,9,0,0,9,7,8,3,4,2,8,2,1,0,3,0,9,0,0,4,0,0,0,9,0,2,0,1,1,0,0,0,0,0,1,14,0,0,798,0,0,0,0,19,0,0,0,1,1,1,0,0,0,7,1,27,2,0,0,1,2,2,0,5,0,2,17,0,0,0,32,0,3,0,0,0,0,0,0,0,2,2,0,0,4,118,6,0,13,0,0,0,0,0,0,0,0,0,15,0,0,2,0,0,0,0,0,1,0,0,3
Sheldon,Wyoming,2,9,0,8,6,2,1,6,0,4,0,5,2,67,3,1,0,17,3,0,9,3,0,1,4,9,4,1,28,3,6,7,8,2,1,1,6,0,0,9,0,0,0,1,0,2,0,1,2,0,0,0,1,0,0,6,1,0,"1,423",0,0,0,0,32,0,0,0,0,4,0,0,2,1,1,1,40,12,0,0,0,9,5,0,7,0,7,5,0,0,0,24,0,4,0,0,0,0,0,0,0,242,2,0,0,10,104,349,2,34,0,0,0,0,0,0,0,0,0,8,0,0,2,0,0,0,1,0,0,0,0,8
Rockland,Sullivan,9,1,1,0,0,0,5,1,1,0,1,160,8,0,0,0,0,0,41,0,0,1,0,0,0,0,0,0,20,0,0,0,0,21,0,0,5,0,0,1,0,8,0,0,0,18,0,0,0,1,"1,069",0,0,51,3,0,5,1,1,0,0,0,0,14,0,0,0,1,0,1,0,0,0,2,0,6,1,0,0,0,1,2,0,0,0,34,2,0,0,0,1,0,0,0,0,0,0,0,0,0,0,1,0,0,19,0,64,0,110,0,0,2,0,0,0,0,0,0,0,0,0,5,0,0,0,10,0,0,0,0,0
Rhinebeck,Dutchess,12,0,1,0,0,4,1,2,2,80,0,0,"2,589",0,0,0,0,0,20,0,0,1,4,0,0,0,1,1,96,1,5,1,1,10,0,1,1,2,0,14,0,0,0,2,3,4,0,0,0,0,6,0,0,121,0,6,2,8,0,0,0,0,0,25,1,0,0,0,1,1,0,0,0,1,4,16,5,0,0,2,3,32,1,4,0,19,3,1,0,0,8,0,0,0,0,0,0,0,0,0,0,1,1,0,45,0,75,0,306,0,3,1,0,0,1,9,0,0,1,0,0,11,0,0,0,2,0,2,1,1,29
Caton,Steuben,3,4,21,0,13,0,76,56,0,5,12,19,7,0,0,1,0,1,2,0,1,0,1,0,1,1,2,0,0,0,9,5,1,31,0,6,46,1,0,3,0,2,2,6,2,9,5,4,701,0,1,10,102,16,0,1,2,0,0,2,0,0,0,27,0,0,0,2,0,0,0,0,0,15,2,14,1,0,0,0,3,18,0,0,0,150,23,0,0,0,14,0,0,1,0,0,0,0,0,0,0,1,0,0,24,0,19,0,14,0,0,1,0,0,0,0,0,0,0,0,0,2,0,0,0,0,0,0,0,0,19
Thompson,Sullivan,9,0,0,0,1,2,0,0,0,4,0,22,42,1,0,0,0,0,25,0,1,0,5,0,1,1,0,1,91,1,2,1,1,243,0,0,8,16,31,2,2,10,0,0,0,13,0,0,4,0,"2,366",1,1,78,0,5,82,0,0,0,0,0,2,101,0,0,2,2,0,0,0,0,0,5,5,3,2,2,0,0,0,23,0,5,0,30,0,1,0,0,4,0,0,0,0,0,0,0,0,1,0,1,0,0,71,0,30,0,277,1,0,1,0,0,0,0,0,0,0,0,0,29,0,1,0,0,0,0,1,0,89
Newark Valley,Tioga,89,5,99,0,11,0,0,36,0,4,40,23,10,0,0,0,0,0,6,0,9,0,3,0,3,5,6,10,6,0,2,7,4,12,0,1,50,5,4,3,1,1,0,8,27,76,0,3,12,0,2,"1,108",34,4,0,3,0,2,0,0,0,0,0,66,1,0,0,4,0,0,0,0,0,1,0,86,2,0,0,0,6,7,1,1,0,64,7,0,0,0,17,1,0,0,0,0,0,0,0,0,0,1,0,0,10,16,10,0,67,0,0,1,0,0,1,0,0,0,0,0,0,3,0,0,0,9,0,0,0,0,14
Gilboa,Schoharie,94,0,2,1,0,0,0,0,0,34,0,126,31,0,0,0,0,2,101,4,1,0,4,0,0,1,0,2,6,0,2,0,0,3,0,1,17,0,2,6,0,0,0,3,2,"1,759",0,0,0,2,11,0,0,8,0,4,0,4,0,0,0,0,0,22,0,0,0,0,0,0,0,0,0,0,1,10,1,1,0,0,1,4,0,0,0,8,11,0,0,0,11,0,0,0,0,0,0,0,0,0,0,1,1,0,0,0,0,0,56,0,0,0,2,0,0,0,0,0,0,0,0,3,0,0,0,0,0,0,0,0,19
Hunter,Greene,9,0,1,0,0,0,0,0,0,15,0,15,23,0,0,0,1,0,"1,108",0,0,0,6,0,0,1,0,0,26,0,2,0,0,1,0,0,0,0,3,3,0,0,0,1,1,13,0,0,1,7,5,0,0,100,1,15,0,10,0,0,0,0,0,17,0,0,0,0,0,0,0,0,0,1,1,11,1,0,0,0,1,7,0,1,0,6,0,0,0,0,2,0,0,0,0,0,0,0,0,0,0,1,0,0,3,0,42,0,175,0,0,0,1,0,1,0,0,0,0,0,0,0,0,0,0,0,0,0,0,0,2
Springfield,Otsego,24,2,4,1,1,1,0,18,0,6,4,8,5,1,0,0,2,2,2,0,186,8,3,2,1,5,3,141,26,0,11,7,1,7,0,2,"1,441",1,0,11,0,0,0,5,0,42,0,0,0,0,0,0,0,2,1,3,2,1,0,0,0,0,0,38,0,0,0,0,1,1,0,1,0,1,0,35,1,0,0,0,5,2,0,4,0,3,5,0,0,0,8,0,0,0,0,0,0,0,0,0,0,1,0,2,57,1,14,0,102,0,0,0,1,0,0,0,0,0,0,0,0,4,0,0,0,0,0,0,0,0,11
Knox,Albany,"1,579",0,0,0,2,0,1,0,0,2,0,2,9,0,1,0,0,0,5,0,1,0,1,0,0,0,0,3,1,0,1,0,0,0,0,0,3,0,0,7,0,0,0,4,25,66,0,0,0,0,0,2,0,0,1,1,0,4,0,0,0,0,0,18,0,0,0,0,1,0,0,0,0,0,1,5,0,0,0,0,1,2,0,1,0,1,0,0,0,0,7,0,1,0,0,0,0,0,0,0,0,1,0,0,9,0,6,0,16,0,0,0,0,0,0,0,0,0,0,0,0,0,0,0,0,0,0,0,0,0,18
Rensselaerville,Albany,"1,891",1,0,0,1,1,0,1,0,43,1,7,50,0,1,0,1,1,160,0,2,1,4,0,0,2,1,3,4,0,3,1,0,0,1,1,20,0,0,3,0,0,0,6,2,314,0,0,0,8,1,4,0,2,0,2,2,5,0,0,0,0,0,16,0,0,0,2,0,0,0,0,0,4,4,14,1,0,0,0,1,3,0,2,0,7,14,0,0,0,9,1,1,0,0,0,0,0,0,0,0,1,0,0,17,15,11,0,30,0,0,0,0,0,11,1,0,0,0,0,0,1,0,0,0,0,0,0,1,0,39
Alfred,Allegany,0,777,3,0,8,4,2,11,0,0,3,1,0,0,2,0,0,6,0,0,12,1,0,2,10,24,2,0,15,1,14,4,8,1,0,0,11,0,0,76,0,0,0,7,0,0,1,7,72,0,0,0,12,0,0,0,1,3,1,5,0,0,0,27,0,0,5,1,0,0,0,0,0,0,0,12,1,0,0,0,2,4,1,3,0,41,70,0,0,0,8,4,6,0,0,0,1,0,0,0,0,1,0,0,2,0,1,0,37,0,0,0,0,0,1,0,0,0,0,0,0,0,0,0,0,0,0,0,0,0,1
Independence,Allegany,3,587,4,2,5,2,4,12,0,2,19,8,5,1,0,0,0,5,1,0,22,1,0,0,22,33,1,1,8,0,5,1,8,9,0,0,22,0,0,10,0,0,0,4,0,3,1,1,66,0,0,6,13,1,0,4,0,0,1,15,0,0,0,25,0,0,0,0,0,0,0,0,0,1,0,18,0,0,0,0,4,5,0,3,0,77,12,0,0,0,23,2,2,0,0,0,0,0,0,0,0,1,0,0,0,0,1,0,15,0,0,0,0,0,0,0,0,0,0,0,0,0,0,0,0,0,0,0,0,0,19
Conkin,Broome,18,0,627,0,1,1,1,19,1,16,1,28,28,1,0,0,0,0,21,2,0,0,3,11,0,3,2,2,7,0,7,1,0,20,0,0,11,1,0,8,0,0,0,6,8,40,0,0,0,0,11,11,4,3,0,4,0,8,0,0,1,0,0,35,0,0,0,4,0,2,0,0,0,0,0,24,3,0,0,2,0,23,0,0,0,176,3,0,0,0,4,0,1,0,0,0,0,0,0,0,0,1,0,0,7,0,5,0,38,0,0,0,0,0,1,0,0,0,0,0,0,24,0,0,0,0,0,0,0,0,2
Union,Broome,13,0,"1,532",4,9,0,9,37,0,15,27,31,67,1,0,0,0,0,21,0,2,1,3,0,0,1,7,4,40,0,6,3,0,46,0,2,57,0,0,2,3,1,1,2,4,50,0,3,2,0,13,100,17,13,0,0,3,0,0,1,0,0,0,39,0,0,0,3,1,0,0,0,0,0,1,37,3,1,0,0,25,49,0,4,0,85,2,0,0,0,31,2,4,0,0,0,0,0,0,0,0,1,0,0,10,0,0,0,71,0,0,0,0,0,0,0,0,0,0,0,0,11,0,0,0,0,0,0,0,0,0
Ischua,Cattaraugus,1,59,4,436,7,0,3,21,0,4,12,6,1,8,0,0,0,2,0,0,2,1,0,1,5,0,5,1,6,0,9,2,4,1,0,0,9,0,0,7,0,0,0,1,0,1,5,0,9,0,2,0,27,0,0,5,1,1,13,1,0,0,0,8,0,0,0,1,0,0,0,0,0,0,1,30,0,0,0,0,3,4,0,2,0,57,2,0,0,0,24,0,2,0,0,0,0,0,0,0,0,1,0,0,8,0,0,0,14,0,0,0,0,0,0,0,0,0,0,0,0,3,0,0,0,0,0,0,0,0,15
Lyndon,Cattaraugus,2,107,2,446,0,0,7,20,0,2,27,4,2,4,2,0,2,4,5,0,10,1,1,0,4,6,13,1,0,1,3,3,13,2,0,0,8,1,0,2,0,0,2,4,2,0,0,0,13,1,0,2,17,1,1,7,0,0,27,8,0,0,0,29,0,0,0,0,0,0,0,0,0,1,0,14,1,0,0,0,2,2,1,3,0,14,1,0,0,0,28,0,3,0,0,0,0,0,0,0,0,1,0,0,31,0,4,0,8,0,0,0,0,0,0,0,0,0,0,0,0,72,0,0,0,0,0,0,0,1,5
Baldwin,Chemung,0,2,12,0,0,1,629,7,0,0,3,4,4,0,0,0,0,0,1,0,1,1,0,0,3,0,1,0,0,0,3,3,1,27,0,0,4,1,0,0,0,0,0,2,0,2,1,0,9,0,6,2,19,16,3,0,0,0,0,0,0,0,0,5,0,0,0,3,0,0,0,0,0,0,0,4,0,0,0,0,1,40,1,3,0,43,5,0,0,0,17,0,0,0,0,0,0,0,0,0,0,1,0,0,18,0,0,0,5,0,0,0,0,0,0,0,0,0,0,0,0,0,0,0,0,0,0,0,0,0,9
Van Etten,Chemung,5,0,1,0,8,0,823,25,0,0,4,14,4,1,0,0,0,0,0,0,9,0,1,0,1,1,1,4,1,0,1,1,1,49,0,0,1,2,1,5,0,0,0,5,0,3,12,10,7,1,2,114,197,4,0,0,1,2,1,6,0,0,0,16,0,0,0,0,0,0,0,0,0,0,0,9,3,0,0,0,0,48,0,2,0,52,3,0,0,0,10,0,0,0,0,0,0,0,0,0,0,1,0,0,7,0,2,2,2,0,0,0,0,0,0,0,0,0,0,0,0,0,0,0,0,0,0,0,0,0,1
Afton,Chenango,25,1,133,0,1,1,0,987,9,6,109,13,0,0,0,0,0,0,10,0,2,0,0,0,1,2,1,6,4,0,6,1,1,2,0,0,188,0,0,14,0,0,0,3,3,55,0,0,1,1,1,4,1,7,0,6,3,11,0,0,0,0,0,44,0,0,0,3,0,0,0,0,0,1,0,21,0,0,0,0,14,3,0,2,0,22,14,0,2,0,40,1,0,0,0,0,0,0,0,0,0,1,0,0,6,0,0,0,8,0,0,0,0,0,1,0,0,0,0,0,0,0,0,0,0,0,0,0,0,0,25
Lincklaen,Chenango,3,4,7,3,1,0,0,565,0,5,65,3,4,0,0,0,0,1,0,1,12,2,0,1,0,74,1,4,1,1,4,30,0,2,0,3,43,0,0,25,0,0,0,0,0,3,0,0,0,0,0,0,3,0,0,3,1,0,0,0,0,0,0,24,0,0,0,2,0,0,0,0,0,0,0,11,1,0,0,0,1,2,0,0,0,8,27,0,0,0,5,0,2,0,0,0,0,0,0,0,0,1,0,0,15,0,0,0,10,0,0,0,0,0,0,0,0,0,0,0,0,0,0,0,0,0,0,0,0,0,4
Otselic,Chenango,2,2,5,2,1,0,0,877,0,3,24,4,10,0,0,0,0,0,1,0,8,0,4,0,1,168,1,14,0,0,24,10,0,2,0,5,73,0,0,21,0,0,0,4,0,2,0,0,0,0,0,0,0,0,0,11,1,1,0,0,0,0,0,51,0,0,0,0,1,0,0,0,0,1,0,25,2,0,0,0,24,2,0,1,0,2,28,0,0,0,18,0,3,0,0,0,0,0,0,0,0,1,0,0,11,2,0,0,11,0,0,0,0,0,0,0,0,0,0,0,0,1,0,0,0,1,0,0,0,0,2
Pharsalia,Chenango,4,0,5,0,2,0,0,796,0,2,19,7,8,0,0,0,0,0,1,0,5,1,1,0,0,30,0,4,1,0,11,0,0,1,0,0,21,0,0,1,0,0,0,2,0,5,0,0,3,0,3,1,1,0,0,2,0,0,0,0,0,0,0,61,0,0,0,1,0,0,0,0,1,6,0,26,1,0,0,0,3,0,0,1,0,3,22,0,0,0,6,0,0,0,0,0,0,0,0,0,0,1,0,0,9,9,0,0,5,0,0,0,0,0,1,0,0,0,0,0,0,2,0,0,0,0,0,0,0,0,17
Smyrna,Chenango,1,1,9,4,3,1,0,"1,031",0,5,14,8,18,0,0,0,0,0,5,0,20,5,4,0,1,126,0,23,2,0,42,9,1,0,0,0,68,0,1,7,0,0,0,4,2,10,0,1,1,0,0,0,3,0,0,3,0,0,0,0,0,0,0,47,0,0,0,5,0,0,0,0,0,0,0,22,4,0,0,0,6,2,0,4,0,4,59,0,0,0,14,0,9,0,0,0,0,0,0,0,0,1,0,0,20,0,2,0,24,0,0,0,0,0,0,0,0,0,0,0,0,2,0,0,0,0,0,7,0,0,12
Ancram,Columbia,2,0,0,0,0,0,0,1,0,"1,320",0,0,91,0,0,0,0,4,0,0,0,0,0,0,0,0,0,3,6,0,1,1,0,0,1,0,0,0,0,10,0,0,0,0,0,1,0,0,0,0,0,0,0,2,0,10,0,5,0,0,0,1,0,31,0,0,0,0,0,1,0,0,0,1,0,3,2,0,0,1,0,3,0,0,0,3,0,0,0,0,1,0,0,0,0,0,0,0,0,0,0,1,0,0,10,12,12,0,109,0,0,0,0,0,0,1,0,0,0,0,0,1,0,0,0,0,0,0,0,0,4
Clermont,Columbia,1,0,0,0,0,0,0,0,1,746,0,0,88,0,0,0,0,0,9,0,1,0,1,0,0,0,0,0,21,0,0,0,0,2,0,0,3,0,0,1,0,0,1,0,1,3,0,0,0,0,2,0,0,5,0,0,0,0,0,0,0,0,0,2,0,0,0,1,0,0,0,0,1,0,0,0,0,0,0,0,1,7,0,1,0,1,1,0,0,0,0,0,0,0,0,0,0,0,0,0,0,1,0,0,4,10,10,0,26,0,0,0,0,0,0,0,0,0,0,0,0,0,0,0,0,0,0,0,0,0,0
Gallatin,Columbia,4,0,0,0,0,0,0,0,0,"1,230",0,1,100,0,0,0,0,0,3,0,0,0,0,0,0,0,0,0,1,0,0,0,0,0,0,0,0,0,0,8,0,0,0,0,3,2,0,0,0,0,0,0,0,0,0,0,1,0,0,0,0,0,0,7,0,0,0,1,1,0,0,0,0,0,0,2,0,0,0,0,0,1,0,0,0,4,0,0,0,0,0,0,1,0,0,0,0,1,0,0,0,1,0,0,0,9,9,0,7,0,0,0,0,0,0,0,0,0,0,0,0,0,0,0,0,1,0,0,0,0,2
Hillsdale,Columbia,9,0,1,0,0,0,2,1,0,"1,580",2,2,74,0,0,0,3,0,27,0,0,0,0,0,0,0,0,1,23,1,1,2,1,1,0,0,7,0,0,17,0,0,0,4,0,13,0,1,0,0,0,0,0,2,2,1,0,8,0,1,0,0,0,60,0,0,0,0,0,1,0,0,0,3,0,115,3,0,0,2,1,5,0,6,0,2,0,0,0,0,8,0,0,0,0,0,0,0,0,0,0,1,0,0,16,7,28,0,72,0,0,0,0,0,0,0,0,0,0,1,0,0,0,0,0,1,0,1,0,0,22
Harford,Cortland,3,1,14,0,9,0,0,25,0,26,464,4,5,0,0,0,1,2,5,0,0,3,0,0,0,5,0,9,5,0,9,9,0,12,0,0,12,0,0,1,0,6,0,7,1,2,0,0,9,3,1,30,96,1,0,1,0,0,0,0,0,0,0,26,0,0,0,2,3,0,0,0,0,7,0,24,2,1,0,0,0,5,0,2,0,12,6,0,0,0,6,0,0,0,0,0,0,0,0,0,0,1,0,0,0,0,6,0,6,0,0,0,0,0,0,0,0,0,0,0,0,0,0,0,0,0,0,1,0,0,2
Lapeer,Cortland,3,0,30,0,2,1,0,17,0,5,513,17,0,0,0,0,0,0,2,0,7,4,0,0,0,2,0,3,1,0,2,7,0,2,0,0,19,0,0,4,0,0,0,3,1,15,0,0,1,2,3,8,18,5,0,2,0,0,0,1,0,0,0,14,0,0,0,0,0,0,0,0,0,1,0,14,1,0,0,0,2,4,0,2,0,3,13,0,0,0,1,0,1,0,0,0,0,0,0,0,0,1,0,0,0,0,1,0,2,0,0,0,0,0,0,0,0,0,0,0,0,0,0,0,0,0,0,0,0,0,1
Virgil,Cortland,7,1,14,0,32,0,1,18,0,8,"1,311",22,17,0,1,1,1,1,13,0,7,5,0,1,0,22,1,30,2,0,11,27,2,20,0,2,35,1,0,5,0,0,1,3,0,1,0,0,5,3,15,16,94,20,0,4,3,5,1,1,0,0,0,37,0,0,0,0,0,0,2,0,0,4,0,21,1,0,0,0,2,4,0,1,0,11,9,0,0,0,17,0,2,0,0,0,0,0,0,0,0,1,0,0,31,0,1,0,39,0,0,0,0,0,0,0,0,0,0,0,0,4,0,0,0,0,0,0,0,0,31
Colchester,Delaware,6,0,3,0,1,0,0,2,0,1,0,"1,985",24,1,0,0,0,0,22,0,2,1,1,0,0,0,0,0,15,0,0,0,3,0,0,0,10,10,0,0,0,2,0,1,1,8,0,0,4,0,100,4,2,27,0,2,0,11,0,0,0,0,0,16,0,0,0,2,0,0,0,0,0,0,0,4,1,0,0,0,5,6,0,0,0,18,2,1,0,0,2,0,1,0,0,0,0,0,0,0,0,1,0,0,16,0,18,0,43,0,0,0,0,0,0,0,0,0,0,0,0,55,0,0,0,0,0,0,0,0,5
Hamden,Delaware,12,0,1,1,1,0,0,6,0,8,3,"1,341",18,0,0,0,0,0,29,0,0,0,8,0,0,0,1,2,16,0,0,0,0,3,0,0,10,1,0,5,1,0,0,0,1,29,0,0,0,1,10,3,2,14,0,1,3,7,0,0,0,0,0,31,0,0,0,2,0,0,0,0,0,0,0,14,1,0,0,0,2,1,1,0,0,9,2,0,0,0,3,0,0,0,0,0,0,0,0,0,0,1,0,0,14,0,11,0,25,0,0,0,0,0,0,0,0,0,0,0,0,169,0,0,0,0,0,0,0,0,12
Harpersfield,Delaware,16,0,2,1,3,0,0,9,0,15,0,899,8,0,0,0,0,0,28,0,1,0,1,0,0,0,0,2,9,0,1,1,3,0,1,1,66,0,0,3,0,0,0,1,2,235,0,0,0,0,3,1,3,10,0,3,4,0,0,0,0,0,0,36,0,0,0,0,0,1,0,0,0,0,0,8,0,0,0,0,3,0,0,0,0,0,1,0,0,0,2,0,0,0,0,0,0,0,0,0,0,1,0,0,3,0,2,0,42,0,0,0,0,0,2,0,0,0,0,0,0,10,0,0,0,1,0,0,0,0,2
Roxbury,Delaware,17,0,3,0,3,0,0,0,0,11,5,"1,619",42,0,0,0,0,0,170,0,1,1,0,0,0,1,0,0,8,1,1,0,0,1,0,0,6,20,0,3,0,0,0,1,1,130,0,0,0,0,11,0,4,53,0,2,4,14,0,0,0,0,0,21,0,0,0,2,0,1,0,0,0,0,0,9,1,0,0,1,2,3,0,1,0,4,2,0,0,0,1,0,0,0,0,0,0,0,0,0,0,1,0,0,5,0,87,0,20,0,0,0,0,0,3,0,0,0,0,0,0,14,0,0,0,0,0,0,0,0,24
Sidney,Delaware,14,1,16,0,0,0,0,75,0,9,5,"1,072",16,1,0,1,0,0,32,6,0,0,2,0,1,3,1,0,3,0,6,1,0,0,0,1,208,0,0,4,0,0,0,3,0,20,0,0,3,0,11,0,0,2,0,3,0,5,0,0,0,0,0,71,0,0,0,1,0,0,0,0,0,0,0,38,0,0,0,0,3,0,0,2,0,36,4,0,0,0,14,2,3,0,0,0,0,0,0,0,0,1,0,0,22,2,2,0,9,0,0,0,0,0,2,0,0,0,0,0,0,3,1,0,0,0,0,0,0,0,12
Stamford,Delaware,5,0,1,0,1,0,0,0,5,3,0,"1,211",20,0,0,0,0,0,24,0,1,0,0,0,1,0,0,0,12,0,0,0,0,4,0,0,4,0,0,7,0,0,0,1,3,94,0,0,0,0,0,0,0,2,0,3,0,5,0,0,0,0,0,36,0,0,0,0,0,0,0,0,0,1,1,5,0,0,0,2,1,2,0,5,0,4,0,0,0,0,6,0,0,0,0,0,0,0,0,0,0,1,0,0,11,0,12,0,41,0,0,0,0,0,0,0,0,0,0,0,0,18,0,0,0,0,0,0,0,2,1
Walton,Delaware,9,1,10,0,0,0,5,14,0,17,1,"2,263",13,0,0,0,0,0,18,0,0,0,0,0,4,0,0,1,35,0,2,1,0,7,0,0,61,2,4,3,0,1,0,3,3,36,0,0,4,1,19,1,1,16,1,5,2,16,0,0,0,0,0,123,0,0,0,0,0,0,0,1,0,2,0,26,0,0,0,0,4,5,4,2,0,17,0,0,0,0,8,0,1,0,0,0,0,0,0,0,0,1,0,0,21,0,8,0,46,0,0,0,0,0,1,0,0,0,0,0,0,36,0,0,0,0,0,0,0,0,40
Pine Plains,Dutchess,8,0,3,0,0,0,0,0,0,172,0,0,984,0,1,0,0,0,6,0,0,1,0,0,0,0,0,0,15,0,0,2,2,1,0,0,1,1,0,0,0,0,0,2,0,0,0,0,0,0,1,0,1,6,1,1,1,1,0,0,0,0,0,32,0,0,0,0,0,0,0,1,0,0,1,11,3,0,0,0,0,0,0,0,0,1,0,0,0,0,3,2,5,0,0,0,0,0,0,0,0,1,0,0,9,0,10,0,33,0,0,0,0,0,0,0,1,0,0,0,0,5,0,0,0,4,0,1,0,0,6
Pleasant Valley,Dutchess,3,0,0,0,0,0,0,0,0,8,0,0,"1,656",0,0,0,1,0,1,0,0,0,0,0,0,0,0,1,0,1,1,0,1,11,0,0,1,5,30,1,0,1,2,0,1,1,0,0,1,3,0,0,0,40,0,2,0,3,0,0,0,0,0,20,0,0,0,1,0,0,0,0,0,1,0,5,0,0,0,0,1,4,0,0,0,6,0,0,0,0,1,3,0,0,0,0,0,0,0,0,0,1,0,0,11,0,0,0,82,1,0,0,0,0,0,0,0,0,0,0,0,2,0,0,0,0,0,0,0,0,5
Union Vale,Dutchess,2,0,1,0,2,1,0,0,0,2,1,2,"1,201",0,0,0,6,3,5,0,2,0,1,0,0,0,1,0,15,0,2,0,0,3,1,0,0,20,0,1,0,0,0,3,0,1,0,0,0,0,1,0,2,12,0,0,0,8,0,0,0,0,0,37,0,0,0,0,0,0,0,0,0,0,0,2,1,0,0,0,0,0,0,1,0,5,0,0,0,0,3,0,0,0,0,0,0,0,0,0,1,1,0,0,4,0,8,0,56,0,0,0,0,0,1,9,0,0,0,0,0,0,0,0,0,0,0,0,0,0,0
Bleecker,Fulton,28,0,0,0,0,0,0,1,0,1,0,2,2,0,0,0,514,0,1,10,4,1,2,0,0,0,0,16,2,0,2,0,0,0,0,2,2,0,0,7,0,1,0,16,2,7,0,0,0,0,0,0,0,0,7,0,0,0,0,0,0,0,0,1,0,0,0,0,0,0,0,0,0,5,0,27,0,0,0,0,2,1,0,0,0,2,0,0,0,0,2,0,0,0,0,0,0,0,0,0,0,1,0,0,7,0,287,6,18,0,0,0,0,0,0,0,0,0,0,0,0,0,0,1,0,0,0,0,0,0,3
Cairo,Greene,59,0,0,0,3,0,0,3,0,32,0,40,53,0,0,0,0,0,"1,739",0,2,0,12,0,0,0,0,3,4,0,0,2,0,5,0,0,4,2,2,5,0,1,0,8,0,59,0,0,0,5,1,0,0,32,3,0,2,2,0,1,0,0,15,17,0,0,0,2,0,0,0,0,0,0,4,8,5,0,0,0,1,6,2,0,0,0,5,0,1,0,5,2,0,0,0,0,0,0,0,0,0,1,0,0,23,0,19,0,20,0,0,0,0,0,0,0,0,0,0,0,0,2,0,0,0,4,0,0,0,0,132
Halcott,Greene,9,0,3,0,0,0,0,0,0,2,0,142,11,0,0,0,1,0,222,0,0,0,0,0,0,0,0,0,0,0,0,0,0,0,0,0,1,5,0,1,0,0,0,0,0,0,0,0,0,0,0,0,0,22,0,0,1,3,0,0,0,0,0,2,0,0,0,3,2,0,0,0,0,0,0,0,0,0,0,0,0,0,0,0,0,0,0,0,0,0,0,0,0,0,0,0,0,0,0,0,0,1,0,0,0,0,0,0,0,0,0,0,0,0,0,0,0,0,0,0,0,0,0,0,0,0,0,0,0,0,5
Windham,Greene,57,0,3,0,1,1,0,3,0,32,0,43,26,0,0,0,0,0,"1,182",0,0,0,0,0,0,0,0,0,13,0,3,0,0,0,0,0,1,2,1,4,0,1,0,2,0,65,0,0,0,0,6,1,0,4,0,0,3,0,0,0,0,0,0,70,0,0,0,0,0,0,0,0,0,0,0,15,0,0,0,0,3,8,0,0,0,1,2,0,0,0,0,0,0,0,0,0,0,0,0,0,0,1,0,0,1,0,4,0,42,0,0,0,0,0,0,0,0,0,0,0,0,2,0,0,0,0,0,0,1,0,14
Benson,Hamilton,0,0,0,0,0,0,0,2,0,1,0,0,1,0,0,0,52,0,0,145,3,0,0,0,0,0,0,19,0,0,0,1,0,0,4,0,4,0,0,1,0,0,0,18,2,2,0,0,0,0,0,0,0,1,10,1,0,0,0,0,0,0,0,2,0,0,0,1,0,0,0,0,0,0,0,10,2,0,0,0,0,1,0,0,0,2,0,0,0,0,8,0,0,0,0,0,0,0,0,0,0,1,0,0,4,0,9,0,6,0,0,0,0,0,0,0,0,0,0,0,0,0,0,0,0,0,0,0,0,0,2
Lake Pleasant,Hamilton,8,0,0,0,0,0,0,0,0,1,0,0,1,0,2,0,8,0,3,171,2,2,0,0,0,0,0,8,2,1,0,0,0,1,0,0,1,0,0,2,0,0,0,8,0,3,0,0,0,0,0,0,0,0,8,2,0,2,0,0,0,0,0,2,0,0,0,0,0,0,0,0,0,0,0,2,0,0,0,0,1,0,0,0,0,0,5,0,0,0,7,0,0,0,0,0,0,0,0,0,0,1,0,0,11,0,2,0,1,0,0,0,0,0,0,0,0,0,0,0,0,0,0,0,0,0,0,0,0,0,1
Columbia,Herkimer,19,0,0,1,0,1,0,3,0,4,3,1,8,1,1,0,0,1,1,0,"1,351",5,1,0,0,2,0,41,4,0,19,2,0,0,0,6,94,0,0,10,0,0,0,11,1,11,0,0,0,0,0,0,1,0,0,2,0,7,0,0,0,0,0,19,0,0,0,0,0,0,0,0,0,0,0,12,1,0,0,0,0,2,0,2,0,0,6,0,0,0,5,3,2,0,0,0,0,0,0,0,0,1,0,0,7,1,19,0,29,0,0,0,0,0,1,0,0,0,0,0,0,1,0,0,0,0,0,0,0,0,10
Litchfield,Herkimer,3,0,0,0,1,3,0,8,0,2,2,2,4,2,0,0,1,0,3,0,888,2,5,2,0,7,0,4,7,0,71,5,1,0,0,7,43,1,0,1,0,1,1,0,0,5,4,2,0,0,1,0,0,0,0,1,0,1,0,0,0,0,0,27,0,0,0,0,1,1,0,0,0,0,0,14,3,0,0,0,3,5,0,2,0,6,9,0,0,0,4,0,3,0,0,0,0,0,1,0,0,1,0,0,106,2,11,0,75,0,0,0,0,0,0,0,0,0,0,0,0,5,0,0,0,0,0,21,0,1,8
Warren,Herkimer,8,0,0,0,3,0,0,0,0,1,0,4,3,0,0,0,1,2,3,0,"1,138",5,0,5,0,11,3,43,3,7,20,6,0,0,0,6,133,1,0,10,0,0,3,3,3,12,0,0,4,0,0,0,0,2,2,2,1,0,0,0,0,0,0,29,0,0,0,1,0,0,0,0,0,0,0,11,3,0,0,0,1,4,0,2,0,0,3,0,0,0,9,0,6,0,0,0,0,0,0,0,0,1,0,0,28,1,29,0,28,0,0,0,0,0,0,0,0,0,0,0,0,1,0,0,0,0,0,0,0,0,7
Flatlands,Kings,0,0,0,0,0,0,0,0,0,0,0,0,0,0,0,0,0,0,0,0,0,0,"1,105",0,0,0,0,0,383,0,0,0,0,0,0,0,0,0,0,0,0,0,0,0,0,0,0,0,0,0,0,0,0,0,0,0,0,0,0,0,0,0,0,6,1,1,0,0,0,0,0,1,0,1,0,5,0,0,0,0,1,22,0,2,0,4,0,0,1,0,0,2,0,0,0,0,0,0,0,0,0,1,3,0,20,2,101,0,231,0,0,0,0,0,5,0,1,0,1,0,0,2,0,0,0,0,0,1,1,0,0
Lewis_L,Lewis,1,0,0,0,2,0,0,5,0,0,0,0,0,2,0,0,1,0,1,0,8,7,6,576,0,2,0,1,19,0,136,0,0,6,0,5,3,0,0,1,0,0,0,0,1,1,0,0,0,0,0,0,0,0,1,2,0,0,0,0,0,0,0,12,0,0,0,1,0,0,0,0,0,1,0,5,1,0,0,0,0,4,0,0,0,2,1,0,0,0,3,0,0,0,0,0,0,0,0,4,0,1,0,0,8,34,328,0,32,0,0,0,0,0,0,0,0,0,2,0,0,0,0,0,0,11,0,3,0,0,19
Brookfield,Madison,0,16,5,2,2,12,1,143,1,3,18,16,3,2,1,0,2,4,2,0,63,26,1,8,0,"2,134",2,18,11,0,233,2,1,0,4,12,213,2,0,18,0,0,2,9,0,12,0,0,2,0,0,0,1,0,0,3,0,5,0,0,0,0,0,116,0,0,0,5,1,0,0,0,0,6,0,42,7,2,0,0,7,10,0,4,0,6,112,0,0,0,32,1,5,0,0,0,0,0,0,0,0,1,0,0,35,0,3,0,134,0,0,0,0,0,0,0,0,0,0,0,0,9,0,0,0,0,0,12,0,0,28
Root,Montgomery,49,0,0,0,0,0,0,1,0,4,0,0,10,1,1,0,15,0,3,0,14,4,1,0,1,3,0,"1,963",2,0,3,12,4,1,0,2,26,0,0,22,0,0,0,10,28,116,2,3,1,0,0,0,0,3,1,5,0,0,0,0,0,0,0,6,0,0,0,4,0,0,0,0,0,0,0,5,0,0,0,0,0,12,0,1,0,7,0,1,0,0,3,0,1,0,0,0,0,0,0,0,0,1,0,0,7,2,45,0,46,0,0,0,0,0,0,0,0,0,1,0,0,0,0,0,0,0,0,0,0,0,3
Chester_O,Orange,1,0,4,0,1,0,6,0,0,2,0,4,11,0,0,0,0,1,3,0,0,0,6,0,0,1,2,3,42,0,0,0,4,"1,408",0,0,0,1,0,1,0,21,0,0,0,0,0,0,0,0,10,2,1,15,0,1,0,6,0,0,0,0,0,16,0,0,0,4,1,0,0,0,0,1,0,6,0,0,1,0,0,117,1,1,0,8,1,0,0,0,1,0,0,0,0,0,0,0,0,0,0,1,0,0,21,0,15,0,216,0,0,0,0,0,0,0,0,0,1,0,0,5,0,0,0,0,0,0,0,0,7
Crawford,Orange,0,0,0,0,0,2,3,0,0,1,0,5,24,0,0,0,0,1,2,0,0,0,26,0,0,0,0,0,0,0,0,1,1,"1,353",0,0,0,2,5,0,0,0,3,0,0,0,0,0,1,0,88,0,0,247,0,1,0,4,0,0,0,0,2,5,0,0,0,0,1,0,0,0,0,1,0,4,2,0,0,0,0,5,0,1,0,9,0,0,0,0,1,2,0,0,0,0,0,0,0,0,0,1,0,0,6,0,8,0,193,0,0,0,0,0,0,0,0,0,0,0,0,1,0,0,0,0,0,0,0,0,4
Goshen,Orange,5,0,2,0,0,0,12,0,0,3,1,3,22,6,0,0,1,0,2,0,0,0,7,1,0,0,0,1,108,0,0,0,4,"2,391",0,0,0,4,0,2,0,19,0,0,0,0,1,2,1,6,19,2,2,12,0,0,0,9,1,0,0,0,0,16,0,0,0,0,2,3,0,1,0,3,4,8,2,0,0,0,1,138,0,5,0,21,1,0,0,0,3,0,3,0,0,0,0,0,0,0,1,1,0,0,19,0,40,0,430,0,0,0,0,0,1,1,0,0,1,0,0,5,0,0,0,4,0,0,1,0,29
Mount Hope,Orange,3,0,1,3,0,0,5,6,0,1,2,2,9,0,0,0,0,0,0,0,4,0,5,0,0,0,1,0,17,0,0,0,0,"1,341",0,0,0,2,0,1,1,6,1,8,0,0,0,1,2,4,113,0,0,31,0,2,2,5,0,1,0,0,0,13,0,0,0,1,1,0,0,0,0,1,0,6,7,0,0,0,0,65,0,1,0,24,2,0,1,0,1,5,0,0,0,0,0,0,0,0,0,1,0,0,86,0,4,0,175,0,0,0,0,0,0,0,0,0,0,0,0,0,0,0,0,0,0,1,0,0,2
Edmeston,Otsego,5,2,6,0,0,0,0,97,0,3,2,1,13,0,0,0,1,0,0,1,15,2,0,0,0,95,1,2,0,0,36,2,0,2,0,1,"1,269",0,0,6,0,0,1,3,0,10,0,1,3,0,0,1,0,0,2,7,0,3,0,0,0,0,0,53,0,0,0,0,1,1,0,0,0,1,0,20,0,0,0,2,3,1,0,0,0,5,43,0,0,0,10,0,0,0,0,0,0,0,0,0,0,1,0,0,8,0,13,0,26,0,0,0,0,0,0,0,0,0,0,0,0,12,0,0,0,0,0,0,0,0,2
Exeter,Otsego,12,0,1,0,0,1,0,20,1,10,3,5,4,12,0,0,3,2,1,0,84,4,2,0,0,7,2,7,8,0,40,6,0,4,0,4,944,0,3,15,0,0,1,4,1,7,0,0,0,0,0,1,1,3,4,3,1,3,0,0,0,0,0,34,0,0,0,2,0,0,0,0,0,2,2,27,3,0,0,0,2,0,1,3,0,2,9,0,0,0,8,2,4,0,0,0,0,0,0,0,0,1,0,0,31,0,3,0,56,0,0,0,0,0,0,0,0,0,2,0,0,1,2,0,0,0,0,1,0,0,11
Maryland,Otsego,53,1,5,2,3,0,0,3,0,33,2,85,18,0,0,0,2,0,39,0,5,0,3,3,0,0,1,23,4,0,4,2,0,0,0,0,"1,526",0,0,17,0,0,0,11,9,99,0,0,0,0,1,0,1,4,0,3,3,0,1,0,0,0,0,27,0,0,0,0,2,1,0,0,0,0,0,29,2,0,0,1,1,3,0,2,0,8,5,0,0,0,15,0,1,0,0,0,0,0,0,0,0,1,0,0,19,0,2,0,83,0,0,0,0,0,0,0,0,0,0,0,0,3,0,0,0,0,0,0,0,0,27
Pittsfield,Otsego,9,0,2,2,2,0,0,142,0,3,4,11,7,0,0,0,0,0,0,0,2,0,0,1,0,18,0,5,7,0,14,2,0,0,0,0,997,0,0,4,0,1,1,2,2,8,0,0,1,0,0,0,3,1,0,6,0,0,0,0,0,0,0,33,0,0,0,3,0,1,0,0,0,0,0,18,4,0,0,0,5,2,0,1,0,2,16,0,0,0,13,0,1,0,0,0,0,0,0,0,0,1,0,0,44,0,1,0,18,0,0,0,0,0,0,0,0,0,0,0,0,7,0,0,0,0,0,0,0,0,17
Richfield,Otsego,7,1,3,0,2,0,0,17,0,8,1,5,9,5,0,0,1,2,2,2,362,5,1,3,1,18,1,14,12,2,32,2,0,0,3,15,810,0,0,11,2,0,0,5,2,15,0,0,2,0,0,0,0,2,0,5,1,5,0,0,0,0,0,54,0,0,0,1,0,0,0,0,0,0,0,31,0,1,0,3,5,9,0,5,0,5,6,0,1,0,8,4,2,0,0,0,0,0,0,1,0,1,0,0,31,2,3,0,85,0,0,0,0,0,0,0,0,0,0,0,0,6,0,0,0,0,0,1,1,0,3
Unadilla,Otsego,35,0,26,0,1,0,5,174,0,30,5,239,59,4,3,1,1,0,29,0,7,1,7,0,0,16,0,13,22,0,13,1,0,7,1,1,"1,360",0,1,17,0,0,0,3,4,43,6,1,2,0,10,3,3,8,0,1,1,11,0,0,0,0,0,118,0,0,0,5,1,0,0,0,0,1,2,43,2,0,0,0,21,4,0,4,0,50,9,0,0,0,18,2,3,0,0,0,0,0,0,0,0,1,0,0,38,0,12,0,169,0,0,0,0,0,0,0,0,0,0,0,0,4,0,0,0,1,0,0,0,0,2
Oyster Bay,Queens,21,0,0,0,1,1,0,1,2,3,0,3,21,4,0,2,1,0,5,0,0,0,149,0,0,0,1,2,568,1,5,4,0,20,2,27,3,2,"6,015",10,14,1,0,2,0,0,0,0,1,276,4,0,9,12,0,1,0,45,0,0,2,0,0,81,0,2,3,4,2,1,0,1,7,4,8,37,2,0,0,1,11,83,1,8,0,15,45,4,3,0,14,18,1,0,0,0,0,0,0,1,0,1,1,0,183,20,448,5,"1,045",0,0,0,0,1,0,1,0,0,12,0,0,31,0,0,0,14,0,3,4,0,50
Niskayuna,Schenectady,151,0,0,3,0,0,0,0,0,5,0,0,3,0,0,0,5,0,4,0,0,0,0,0,0,0,2,16,1,0,1,2,1,0,0,1,0,1,2,38,0,1,0,31,403,9,0,0,2,0,0,0,0,1,0,1,1,2,0,0,0,0,0,3,0,0,0,1,0,0,0,1,0,0,1,5,1,0,0,0,0,3,0,1,0,0,0,0,0,0,4,0,0,0,0,0,0,0,0,0,0,1,0,0,13,1,59,3,58,0,0,0,0,0,0,0,0,0,0,0,0,1,0,0,0,0,0,0,0,0,2
Blenheim,Schoharie,38,0,0,0,0,0,0,0,0,28,0,22,11,0,0,0,0,1,26,0,1,4,0,0,1,0,0,9,2,0,0,1,0,0,0,0,13,0,0,8,0,0,0,1,7,954,0,0,0,0,0,0,0,1,0,1,0,0,0,0,0,0,0,7,0,0,0,0,0,0,0,0,0,0,0,8,0,0,0,0,0,4,0,0,0,3,7,0,0,0,1,2,1,0,0,0,0,0,0,0,0,1,0,0,0,0,15,0,19,0,0,0,0,0,0,1,0,0,0,0,0,0,0,0,0,0,0,0,0,0,1
Conesville,Schoharie,78,1,0,0,0,0,0,0,0,18,0,19,20,0,0,0,0,0,150,0,1,9,0,0,0,1,0,1,12,0,1,0,1,0,0,0,5,2,3,2,0,0,0,0,1,946,0,0,0,2,0,0,0,11,0,0,0,5,0,0,0,0,0,27,0,0,0,0,0,0,0,0,0,0,0,9,0,0,0,0,0,0,0,0,0,3,0,0,0,0,1,0,1,0,0,0,0,0,0,0,0,1,0,0,8,0,1,0,17,0,0,0,0,0,0,0,0,0,0,0,0,0,0,0,0,0,0,0,0,0,2
Esperance,Schoharie,76,0,0,0,0,0,0,6,1,15,0,2,16,1,0,0,2,0,12,0,4,1,0,2,2,0,0,147,4,1,1,2,0,0,0,1,3,1,0,21,0,0,0,4,88,827,0,0,0,0,0,1,0,0,0,5,4,0,0,0,0,0,0,16,0,0,0,0,1,0,0,2,0,0,0,13,2,0,0,0,1,6,0,0,0,4,8,0,0,0,6,2,1,0,0,0,0,0,0,0,0,1,0,0,14,0,17,0,34,0,0,0,0,0,0,0,0,0,0,0,0,1,0,0,0,0,0,0,0,0,4
Fulton,Schoharie,176,1,1,0,1,0,0,0,1,59,0,10,13,1,0,0,0,0,53,0,24,0,0,0,0,1,0,4,5,0,3,1,1,0,0,0,36,0,0,2,0,0,0,9,5,"2,326",0,0,0,0,1,2,1,5,1,0,0,0,0,0,0,0,0,6,0,0,0,1,0,0,0,0,0,0,0,0,1,0,0,0,4,2,0,1,0,1,0,0,0,0,7,0,0,0,0,0,0,0,0,0,0,1,0,0,2,3,17,0,12,0,0,0,0,0,0,0,0,0,0,0,0,0,0,0,0,1,3,0,0,0,3
Richmondville,Schoharie,100,0,0,0,6,1,0,0,0,16,0,14,9,0,0,0,0,0,9,0,5,0,0,0,0,1,0,16,18,1,5,0,0,1,0,0,65,0,0,24,0,0,1,9,6,"1,733",0,2,0,0,0,0,0,1,0,1,1,3,0,0,0,0,0,6,0,0,0,0,0,0,0,0,0,0,0,7,0,0,0,0,1,1,0,1,0,7,0,0,0,0,6,0,1,0,0,0,0,0,0,0,0,1,0,0,7,0,20,0,141,0,0,0,0,0,0,1,0,0,0,0,0,1,0,0,0,0,0,0,0,0,23
Cayuta,Schuyler,5,1,7,0,4,0,70,3,0,1,1,5,4,0,0,0,0,1,1,0,1,0,0,0,1,1,0,1,1,0,0,2,0,16,0,0,1,1,0,0,0,0,0,0,0,4,322,1,5,1,2,14,84,1,0,1,1,0,0,3,0,0,0,8,0,0,0,0,0,0,0,0,0,0,0,1,0,0,0,0,1,18,0,0,0,22,0,0,0,0,3,0,0,0,0,0,0,0,0,0,0,1,0,0,1,0,1,0,3,0,0,0,0,0,0,0,0,0,0,0,0,2,0,0,0,0,0,0,0,0,8
Varick,Seneca,3,1,1,1,42,1,0,1,0,0,3,8,6,1,0,0,0,0,2,0,0,1,6,1,6,1,3,6,7,8,9,6,28,13,2,0,1,2,1,5,0,3,0,2,0,1,5,"1,268",26,3,0,5,20,0,0,10,1,0,0,5,0,0,0,7,0,0,0,2,3,0,0,0,0,0,0,3,11,0,0,1,0,90,0,5,0,97,0,1,0,0,2,1,1,0,0,0,0,0,0,0,0,1,0,1,19,10,26,0,26,0,0,0,0,0,0,0,0,0,0,0,0,3,0,0,0,0,0,0,0,1,4
Canisteo,Steuben,3,13,2,4,9,5,19,17,0,5,7,11,11,0,4,0,0,1,4,0,2,0,0,0,15,11,5,7,8,1,5,4,9,14,2,0,9,0,0,3,0,0,0,8,3,7,1,13,"1,462",2,0,14,49,3,1,3,3,2,1,34,0,0,0,21,0,0,0,3,1,0,0,0,0,1,0,27,2,0,0,0,20,19,0,3,0,59,0,0,0,0,11,0,0,0,0,0,0,0,0,0,0,1,0,0,20,0,0,0,71,0,0,0,0,0,1,0,0,0,0,0,0,1,0,0,0,0,0,0,0,0,55
Pultney,Steuben,15,3,1,2,4,0,5,5,0,9,2,1,22,1,0,0,0,1,5,0,4,0,0,0,2,5,2,5,5,1,8,3,30,10,3,2,16,24,0,0,0,0,3,1,0,3,3,30,818,0,1,1,9,6,0,3,1,33,2,100,0,0,0,27,0,0,0,4,1,0,0,0,0,0,1,11,11,0,0,0,1,53,0,4,0,17,2,0,0,0,2,0,0,1,0,0,0,0,0,0,0,1,0,0,22,0,0,0,14,0,0,0,0,0,0,0,0,0,0,0,0,1,0,0,0,0,0,0,0,0,13
Troupsburgh,Steuben,2,18,9,2,22,4,1,127,0,4,50,15,3,1,1,0,0,4,2,0,11,0,3,0,4,25,2,4,4,0,2,2,11,4,0,0,19,1,0,0,0,0,1,3,1,1,0,6,"1,267",0,0,5,26,0,0,8,1,0,0,10,0,0,0,14,0,0,0,0,0,0,0,0,0,3,0,19,0,0,0,0,5,13,0,4,0,169,17,0,0,0,22,0,2,0,0,0,0,0,0,0,0,1,0,0,2,0,6,0,42,0,0,0,0,0,3,0,0,0,0,0,0,0,0,0,0,0,0,2,0,0,53
Urbana,Steuben,2,7,2,0,4,0,5,6,0,5,2,11,22,0,0,0,0,3,2,0,6,1,5,0,9,2,5,12,8,0,5,1,16,25,0,2,59,36,0,4,0,0,1,9,0,1,4,24,"1,067",5,0,2,18,3,0,9,2,7,0,48,0,0,0,10,0,0,0,7,3,0,0,0,0,1,0,13,0,0,1,1,3,84,0,0,0,21,1,1,1,0,6,2,0,0,2,0,0,0,0,0,0,1,0,0,5,1,44,0,67,0,0,0,0,0,0,0,0,0,0,0,0,6,0,0,0,0,0,0,0,0,10
Highland,Sullivan,3,0,2,0,0,0,1,0,0,0,0,2,2,0,1,0,0,0,1,0,0,0,15,0,0,0,0,0,44,0,0,0,0,83,0,0,0,0,1,1,0,0,0,2,0,0,0,0,0,0,467,0,1,6,0,0,0,14,0,0,0,0,0,12,0,0,0,0,0,0,0,0,0,1,0,1,0,0,0,0,0,35,0,0,0,44,3,0,0,0,2,0,0,0,0,0,0,0,0,0,0,1,0,0,29,6,41,0,59,0,0,0,0,0,0,0,0,0,0,0,0,12,0,0,0,2,0,0,0,0,31
Tusten,Sullivan,0,0,0,0,1,0,0,1,0,1,0,6,2,0,0,0,0,0,7,0,0,0,5,0,0,0,0,3,18,0,1,0,0,42,0,0,3,1,0,2,0,0,0,0,0,4,0,0,0,1,502,0,0,3,0,0,0,5,0,0,0,0,0,1,0,0,0,0,0,0,0,0,0,1,0,1,0,0,0,0,0,19,0,0,0,108,0,0,0,0,0,0,0,0,0,0,0,0,0,0,0,1,0,0,13,0,143,2,71,0,0,0,0,0,0,0,0,0,0,0,0,1,0,0,0,0,0,1,0,0,4
Enfield,Tompkins,1,1,4,0,13,0,7,7,1,0,4,6,32,0,0,0,0,0,1,0,5,0,0,0,0,0,3,0,13,0,0,4,1,24,0,1,6,8,0,2,0,0,0,4,0,7,13,40,13,0,3,4,"1,171",2,0,0,1,44,0,7,0,0,0,18,0,2,0,3,0,1,0,0,0,0,0,4,5,0,0,0,1,65,0,4,0,20,5,0,0,0,3,3,1,0,0,0,0,0,0,0,0,1,0,0,8,0,4,0,25,1,0,0,0,0,0,0,0,0,0,0,0,2,0,0,0,0,0,0,0,0,64
Hurley,Ulster,8,0,2,0,1,0,0,2,0,16,0,53,62,4,0,0,0,0,116,0,1,0,2,0,0,1,0,1,33,0,0,0,3,11,0,3,2,1,0,1,0,3,0,2,1,3,0,0,0,0,2,0,2,"1,653",0,3,0,3,0,0,0,0,0,15,0,0,0,1,0,1,0,0,0,0,0,3,2,0,0,0,2,7,0,2,0,1,0,0,1,0,2,2,0,0,0,0,0,0,0,0,0,1,0,0,11,0,13,0,309,0,0,0,0,0,0,0,0,0,2,1,0,1,0,0,0,0,0,0,0,2,8
Olive,Ulster,15,0,0,0,0,0,0,0,0,13,0,36,50,0,0,0,0,0,85,0,0,2,2,0,1,0,0,0,18,0,2,1,0,6,0,0,1,3,0,0,0,3,0,0,0,8,0,0,0,1,4,0,2,"2,776",0,1,0,5,0,0,0,0,0,16,0,0,0,0,1,0,0,0,0,6,1,4,2,0,0,0,0,7,0,0,0,6,4,0,0,0,1,0,0,0,0,0,0,0,0,1,0,1,0,0,18,1,16,0,136,0,0,0,0,0,0,0,0,0,0,0,0,1,0,0,0,0,0,0,0,0,2
Rochester_U,Ulster,10,0,0,0,0,0,0,0,0,4,0,0,25,0,0,0,0,0,6,0,1,0,1,0,0,0,0,1,9,0,0,0,0,11,0,0,0,7,0,0,0,0,0,1,1,1,0,1,0,0,10,0,1,"3,355",0,0,0,0,0,0,0,0,0,36,0,0,0,2,0,0,0,0,0,1,0,0,0,0,0,0,0,7,0,0,0,3,0,0,0,0,0,0,1,0,0,0,0,0,0,0,0,1,0,0,20,0,26,0,31,0,0,0,0,0,0,1,0,0,1,0,0,0,0,0,0,0,0,0,0,0,10
Woodstock,Ulster,8,0,0,0,0,0,0,0,0,37,0,5,45,0,1,0,0,0,44,0,0,0,1,0,0,0,0,0,17,0,0,0,0,3,0,1,1,0,0,2,0,0,0,0,0,7,0,0,0,0,0,0,0,"1,339",0,0,1,2,0,0,0,0,0,9,0,0,0,1,0,0,0,0,0,4,0,0,2,0,0,0,0,2,0,0,0,7,0,0,0,0,0,0,0,0,0,0,0,0,0,0,0,1,0,0,3,0,26,0,26,0,0,0,0,0,2,0,0,0,2,0,0,0,0,0,0,0,0,0,0,0,25
Lewisboro,Westchester,0,0,0,0,1,0,0,1,0,1,0,2,8,0,0,0,0,0,0,0,0,0,9,0,1,0,0,0,64,0,0,1,0,1,0,1,0,36,0,2,0,4,0,1,0,0,0,3,0,7,2,0,0,4,0,0,0,"1,230",0,0,0,0,0,141,0,0,0,1,0,0,0,0,0,1,0,7,1,1,0,0,0,11,0,0,0,4,1,1,0,0,0,1,4,1,0,0,0,0,0,0,0,1,0,0,10,0,19,0,66,0,0,0,0,0,0,0,0,0,0,0,0,1,0,0,0,0,0,0,0,0,2
Scarsdale,Westchester,0,0,0,0,0,0,0,0,0,3,0,1,3,0,0,0,0,1,1,0,0,0,10,0,1,0,0,0,97,0,0,0,0,2,0,0,0,2,9,0,1,0,1,0,0,0,0,0,1,1,0,0,0,6,0,0,0,237,0,0,0,0,0,7,0,0,0,0,0,0,0,0,0,0,1,7,0,0,0,0,0,5,0,0,0,2,1,0,0,0,0,0,1,0,0,0,0,0,0,0,0,1,0,0,13,0,15,0,120,0,0,0,0,0,0,0,0,0,0,0,0,5,0,0,0,0,0,0,0,0,2
Milan,Dutchess,10,0,6,0,0,0,0,0,0,239,0,2,"1,132",0,0,0,0,0,14,0,0,0,5,0,0,0,1,1,18,0,0,2,2,3,0,0,0,0,0,15,0,0,0,6,0,1,0,1,1,0,0,0,0,11,0,0,0,3,0,2,0,0,0,13,0,0,3,0,1,0,0,0,0,0,1,2,0,0,0,0,0,2,0,3,0,1,5,0,0,0,1,1,0,0,0,0,0,0,0,0,0,0,0,0,0,0,9,0,26,0,0,1,0,0,0,0,0,0,0,0,0,2,0,0,0,0,0,0,1,0,1
Greenville_O,Orange,0,0,0,0,0,0,3,0,0,0,0,0,3,0,0,0,4,2,1,0,0,0,1,0,0,0,0,0,4,0,0,0,0,972,0,0,0,0,0,0,0,1,0,0,0,0,0,1,0,1,13,4,0,1,0,0,1,2,0,1,0,0,0,3,0,0,0,0,0,0,0,0,3,0,0,0,1,0,0,0,0,77,1,0,0,8,1,0,2,1,0,0,0,0,0,0,0,0,0,0,0,0,0,0,4,0,5,0,22,0,0,1,0,0,1,0,0,0,0,0,0,0,0,0,0,1,0,0,0,0,1
North Hempstead,Queens,7,0,0,1,3,1,0,0,0,3,0,0,14,2,0,0,0,0,2,1,1,0,91,0,0,0,0,0,230,0,1,1,0,3,0,0,2,1,"3,686",2,29,3,0,1,0,0,0,0,0,116,0,0,0,2,0,0,0,13,0,0,0,0,1,19,0,0,0,12,1,1,0,1,0,3,3,18,1,0,0,0,3,51,4,10,0,17,14,4,0,1,1,21,0,0,0,0,0,0,5,0,0,0,0,0,64,4,124,0,715,0,0,1,0,0,1,0,0,0,0,3,0,10,0,1,0,2,0,1,2,0,0
Yorktown,Westchester,2,0,0,0,0,0,0,0,0,1,0,2,22,0,0,0,0,1,1,0,0,0,11,0,0,0,0,0,164,0,0,0,0,2,0,0,0,113,2,5,0,4,0,3,1,0,0,0,1,1,2,1,0,9,0,1,2,"1,874",0,0,0,0,0,17,0,0,1,0,0,0,0,0,0,0,0,3,0,0,0,0,0,18,3,0,0,7,2,0,0,0,1,3,0,0,0,0,0,0,0,0,0,0,0,0,48,0,34,0,146,0,0,1,0,0,0,0,0,0,0,0,0,3,0,0,0,3,0,0,0,1,43
Westerlo,Albany,"1,962",0,5,1,2,0,0,0,0,22,0,4,37,2,0,0,1,0,171,0,2,0,1,1,2,0,2,4,10,1,6,0,0,0,0,1,10,2,1,21,0,0,0,8,1,60,0,0,1,0,0,3,0,4,0,3,0,17,0,0,0,0,0,11,0,0,0,2,0,3,0,0,5,0,0,4,0,0,0,0,0,15,1,2,0,14,8,0,0,0,3,1,0,0,0,0,0,0,0,0,0,0,0,0,2,1,26,1,28,0,0,0,0,0,0,0,0,0,0,0,0,2,0,0,0,0,0,0,1,0,4
West Almond,Allegany,1,540,9,10,4,0,8,9,0,2,2,1,2,2,0,0,0,3,5,0,1,0,1,0,23,7,4,1,10,0,0,3,5,0,1,0,2,0,0,13,0,0,0,1,0,1,0,5,49,0,0,8,12,1,0,34,0,0,2,4,0,0,0,6,0,0,0,0,0,1,0,0,0,1,0,15,5,0,0,0,1,17,0,1,0,12,5,1,3,0,9,0,2,0,0,0,0,0,0,0,0,0,0,0,10,0,0,0,14,0,0,0,0,0,0,0,0,0,0,0,0,1,0,0,0,0,0,0,0,0,7
Kirkwood,Broome,34,0,779,0,2,1,0,24,0,14,3,13,78,0,0,0,0,1,26,0,2,0,8,0,0,3,0,1,13,0,1,0,5,20,0,0,13,0,0,15,0,0,0,3,2,34,0,0,1,1,15,4,7,13,0,2,0,4,1,1,0,0,0,41,0,0,0,2,0,0,0,0,0,0,0,7,0,0,0,0,0,57,1,1,0,67,2,0,0,0,8,0,1,0,0,0,0,0,0,0,0,0,1,0,7,0,0,0,117,0,0,0,0,0,0,0,0,0,0,0,0,3,0,0,0,0,0,0,0,0,1
Maine,Broome,54,7,"1,074",0,4,1,2,39,0,7,11,12,21,0,0,0,0,1,15,0,5,1,1,0,0,3,1,3,8,1,1,3,0,11,0,2,92,2,0,7,1,3,0,7,12,76,0,3,3,3,11,108,16,4,0,3,3,6,0,2,0,0,0,74,0,0,0,7,0,1,0,0,1,0,0,78,2,0,0,0,31,7,0,2,0,41,8,0,0,0,15,0,5,0,0,0,0,0,0,0,0,0,0,0,11,0,1,1,63,0,0,0,0,0,2,0,0,0,0,0,0,23,0,0,0,0,0,0,0,0,38
Port Crane,Broome,28,3,845,0,0,0,1,119,0,5,14,23,23,0,0,0,1,0,4,0,4,0,0,0,1,9,2,1,6,0,2,8,0,7,0,0,40,7,0,11,0,0,0,1,1,76,0,0,3,0,3,7,7,18,0,19,0,18,0,0,0,0,0,40,0,0,0,2,0,0,0,0,0,0,0,23,3,0,0,0,6,13,0,0,0,40,0,0,0,0,11,1,0,0,0,0,0,0,0,0,0,0,0,0,0,0,4,0,13,0,0,0,0,0,0,0,0,0,0,0,0,3,0,1,0,0,0,0,0,0,26
Elmira,Chemung,7,5,7,3,2,0,621,7,0,2,11,3,18,0,1,0,0,1,3,0,0,1,2,0,1,2,1,0,9,2,3,3,2,62,1,3,6,1,1,0,0,0,0,0,0,3,14,4,21,1,12,26,30,12,0,1,0,4,0,1,0,0,0,11,0,0,0,0,0,0,0,0,0,0,3,6,10,1,0,0,2,18,0,2,0,81,0,0,0,0,10,6,1,0,0,0,0,0,0,0,0,0,0,0,18,0,21,21,41,0,0,0,0,0,0,0,1,0,0,0,0,6,0,0,0,0,0,0,0,1,10
Erin,Chemung,7,0,1,0,2,0,761,3,0,0,6,14,4,0,0,0,0,1,2,0,0,1,0,0,1,9,0,0,28,0,0,6,4,57,0,0,9,1,0,6,0,1,0,4,1,17,20,4,14,0,4,18,82,2,1,5,0,3,0,7,0,0,0,11,0,0,0,0,0,1,0,0,0,1,0,6,2,0,0,0,1,41,0,0,0,36,0,0,0,0,5,0,0,0,0,0,0,0,0,0,0,0,0,0,2,0,0,0,4,0,0,0,0,0,0,0,0,0,0,0,0,6,0,0,0,0,0,0,0,0,34
Bainbridge,Chenango,16,1,44,0,2,0,3,931,0,21,3,172,22,1,0,0,1,0,31,0,6,0,0,2,2,12,0,4,13,0,9,2,0,6,0,0,125,3,1,9,0,0,0,15,3,20,0,1,2,0,2,2,6,3,3,1,0,10,0,0,0,0,0,60,0,0,0,3,2,1,0,0,0,3,1,16,2,0,0,0,2,2,0,1,0,28,8,0,0,0,21,0,0,0,0,0,0,0,0,0,0,0,0,0,20,0,7,0,7,0,0,0,0,0,0,0,0,0,0,0,0,1,0,0,0,0,0,0,0,0,3
Columbus,Chenango,6,0,2,0,1,0,0,705,0,1,7,12,7,0,0,0,1,0,3,0,27,0,1,0,0,115,0,0,3,0,28,1,1,0,0,1,140,1,0,8,0,0,1,2,1,5,0,1,2,1,0,3,1,0,0,4,0,1,0,0,0,0,0,30,0,0,0,2,0,0,0,0,0,0,1,25,0,0,0,0,2,0,0,0,0,8,29,0,0,0,15,0,0,0,0,0,0,0,0,0,0,0,0,0,14,0,2,1,42,0,0,0,0,0,0,0,0,0,0,0,0,9,0,0,0,0,0,0,0,0,1
Coventry,Chenango,5,0,70,0,4,0,0,"1,012",0,6,2,46,11,0,0,0,0,0,20,0,2,1,0,0,0,6,0,3,4,0,10,3,0,8,0,0,34,0,0,4,0,0,0,3,0,18,0,0,5,0,4,0,2,1,0,2,0,7,0,0,0,0,0,102,0,0,0,2,0,0,0,0,0,0,1,33,0,0,0,0,5,1,1,2,0,13,5,0,0,0,15,4,1,0,0,0,0,0,0,0,0,0,0,0,7,1,8,0,14,0,0,0,0,0,1,0,0,0,0,0,0,1,0,0,0,0,0,1,0,0,10
German,Chenango,1,1,10,0,0,0,0,541,0,1,33,11,2,1,0,0,14,0,3,0,4,0,0,0,0,1,1,9,2,1,3,1,2,1,0,1,21,0,0,2,0,0,0,1,0,3,0,0,0,1,0,1,8,0,3,7,4,1,0,0,0,0,0,21,0,0,0,0,0,0,0,0,0,1,0,5,1,0,0,0,14,1,0,1,0,2,6,0,0,0,8,0,0,0,0,0,0,0,0,0,0,0,0,0,2,0,0,0,20,0,0,0,0,0,0,0,0,0,0,0,0,0,0,0,0,0,0,0,0,0,1
McDonough,Chenango,2,0,9,0,1,2,0,981,0,6,13,13,8,0,0,0,0,0,0,0,2,0,0,0,0,13,1,2,3,0,7,2,0,4,1,1,19,0,0,1,2,0,0,2,0,3,0,0,1,0,1,2,5,0,0,0,0,0,0,0,0,0,0,49,0,0,0,2,0,0,0,0,0,1,0,29,0,0,0,0,22,2,0,1,0,7,20,0,0,0,12,1,0,0,0,0,0,0,0,0,0,0,0,0,12,0,3,0,18,0,0,0,0,0,0,0,0,0,0,0,0,1,0,0,0,0,0,0,0,0,18
Pitcher,Chenango,2,1,10,0,1,2,0,734,1,1,97,7,8,0,0,0,0,1,2,0,2,1,0,0,0,40,2,4,2,0,15,20,0,0,0,1,34,0,0,5,0,0,0,3,2,3,0,0,2,0,0,1,2,1,0,1,0,0,0,0,0,0,0,89,0,0,0,4,1,0,0,0,0,1,0,22,1,0,0,0,0,2,0,2,0,13,4,0,0,0,8,0,11,0,0,0,0,0,0,0,0,0,0,0,7,0,3,0,8,0,0,0,0,0,0,0,0,0,0,0,0,0,0,0,0,0,0,0,0,0,2
Plymouth,Chenango,2,0,8,3,4,0,0,"1,049",0,4,12,7,22,0,0,0,1,0,1,0,10,2,0,0,0,24,0,19,0,0,15,5,0,0,0,4,20,1,0,3,0,0,3,5,0,9,0,1,5,1,0,3,0,1,1,4,0,1,0,0,0,0,0,80,0,0,0,1,0,0,0,0,0,3,1,41,2,0,0,0,6,4,1,2,0,11,41,0,0,0,7,0,1,0,0,0,0,0,0,0,0,0,0,0,12,4,1,0,14,0,0,0,0,0,0,0,0,0,0,0,0,1,0,0,0,0,0,2,0,0,2
Smithville,Chenango,3,1,19,0,3,2,0,"1,213",0,4,23,16,9,0,0,0,0,0,5,0,0,0,1,0,0,10,1,1,9,0,2,2,0,9,0,2,14,0,0,0,0,0,0,11,1,9,0,1,5,5,6,2,4,2,0,2,1,0,0,0,0,0,0,38,0,0,0,0,0,0,0,1,0,0,0,20,0,0,0,0,3,0,0,2,0,6,11,0,0,0,8,0,0,0,0,0,0,0,0,0,0,0,0,0,4,0,0,0,140,0,0,0,0,0,0,0,0,0,0,0,0,1,0,0,0,0,0,0,0,0,2
Copake,Columbia,2,0,0,0,0,0,0,0,0,"1,436",1,0,36,0,0,0,0,2,0,0,0,0,0,0,0,0,1,0,6,0,0,2,0,1,0,0,0,0,0,0,0,0,0,1,0,1,0,0,0,2,0,0,0,0,0,1,1,1,0,1,0,0,0,23,0,0,0,0,0,0,0,0,0,0,1,39,0,0,0,0,0,6,0,0,0,2,0,0,0,0,2,0,0,0,0,0,0,0,0,0,0,0,0,0,7,9,9,0,138,0,0,0,0,0,0,0,0,0,0,0,0,1,0,0,0,0,0,1,0,0,14
Germantown,Columbia,5,0,0,0,4,0,0,0,0,"1,048",0,8,15,0,2,0,0,0,0,0,0,0,15,0,0,0,0,0,80,0,0,0,0,4,0,1,2,0,0,3,0,0,0,5,0,3,0,0,4,0,3,0,0,5,2,5,0,7,0,0,0,0,0,3,0,0,0,0,0,0,0,0,0,0,0,5,0,0,0,0,0,0,0,0,0,0,0,0,0,0,0,0,0,0,0,0,0,0,0,0,0,0,0,0,7,20,20,0,15,0,0,0,0,0,0,0,0,0,0,0,0,0,0,0,1,0,0,0,0,0,5
Livingston,Columbia,5,0,0,0,0,0,0,0,0,"1,613",1,0,84,0,0,0,0,0,25,0,0,2,0,0,0,2,0,1,16,1,2,0,0,1,0,0,1,2,0,6,0,0,0,1,0,2,0,0,0,0,0,0,0,12,0,1,4,0,0,0,0,0,0,9,0,0,0,1,1,0,0,0,2,0,0,8,0,0,0,0,0,5,0,0,0,2,0,0,0,0,0,1,0,0,0,0,0,0,0,0,0,0,0,0,9,3,43,0,21,0,0,0,0,0,0,0,0,0,0,0,0,5,0,0,0,8,0,0,0,0,4
Taghkanick,Columbia,3,0,0,0,0,0,0,0,0,"1,384",0,0,25,0,0,0,0,0,2,0,0,0,0,0,0,0,0,0,1,0,0,0,1,0,0,0,0,1,0,3,0,0,0,0,0,0,0,0,0,0,0,0,0,0,0,0,0,1,0,0,0,0,0,0,0,0,0,0,0,0,0,1,0,0,0,5,0,0,0,0,0,1,0,0,0,0,0,0,0,0,1,0,1,0,0,0,0,0,0,0,0,0,0,0,2,0,27,0,12,0,0,0,0,0,0,0,0,0,0,0,0,0,0,0,0,0,0,0,0,0,2
Cincinnatus,Cortland,5,0,10,0,1,0,0,175,0,0,644,15,9,0,0,0,0,1,1,0,1,2,0,0,0,22,0,6,3,0,7,7,0,15,0,3,40,1,3,2,0,0,0,8,0,17,0,0,1,0,0,1,10,1,0,3,1,2,0,0,0,0,0,34,0,0,0,3,0,2,0,0,0,1,0,20,1,3,0,1,4,4,0,0,0,15,32,0,0,0,10,0,0,0,0,0,0,0,0,0,0,0,0,0,8,0,2,0,9,0,0,0,0,0,0,0,0,0,0,0,0,1,0,0,0,0,0,0,0,0,2
Freetown,Cortland,17,0,13,2,11,0,0,21,0,1,547,11,5,7,0,0,1,1,12,0,34,1,4,0,0,10,0,8,2,0,18,12,3,10,0,1,29,0,0,2,0,1,1,1,0,15,0,1,2,1,0,1,13,0,0,11,2,0,0,0,0,0,0,12,0,0,0,0,0,0,0,0,0,4,0,10,0,0,0,0,1,4,0,0,0,7,4,0,0,0,8,1,2,0,0,0,0,0,0,0,0,0,0,0,9,0,2,0,45,0,0,0,0,0,0,0,0,0,0,0,0,1,0,0,0,0,0,0,0,0,1
Taylor,Cortland,2,0,5,2,1,0,0,127,0,3,682,12,5,0,0,0,1,4,8,0,9,3,0,0,3,24,0,5,7,0,17,22,0,2,1,0,60,0,0,0,0,0,1,7,1,5,0,0,1,2,0,1,0,3,5,2,5,2,0,0,0,0,0,27,0,0,2,0,0,0,0,0,0,0,0,24,1,3,0,0,8,2,0,10,0,6,11,0,1,0,9,5,4,0,0,0,0,0,0,0,0,0,0,0,2,0,0,0,7,0,0,0,0,1,0,0,0,0,0,0,0,1,0,0,0,2,0,0,0,0,1
Willett,Cortland,1,0,75,0,3,0,1,158,0,3,508,22,17,0,0,0,0,0,1,0,2,0,0,0,0,20,1,2,5,0,9,5,0,3,0,0,28,2,0,2,0,1,0,1,0,9,0,0,2,0,0,0,2,0,0,1,0,6,0,0,0,0,0,15,0,0,0,0,0,0,0,0,0,2,1,8,0,0,0,0,0,0,0,0,0,11,23,0,0,0,3,0,1,0,0,0,0,0,0,0,0,0,0,0,3,0,0,0,21,0,0,0,0,0,0,0,0,0,4,0,0,1,0,0,0,0,0,0,0,0,1
Bovina,Delaware,4,0,3,0,0,0,0,1,0,0,0,932,8,0,0,0,0,0,0,0,0,0,1,0,0,0,0,1,8,0,0,0,0,0,0,0,2,0,0,0,0,0,0,1,0,0,0,0,0,0,3,0,0,1,0,10,0,0,1,0,0,0,0,2,0,0,0,1,0,0,0,0,0,0,0,0,0,0,0,0,0,1,0,3,0,4,0,0,0,0,0,0,1,0,0,0,0,0,0,0,0,0,0,0,8,0,0,0,18,0,0,0,0,0,0,1,0,0,0,0,0,130,0,0,0,0,0,1,0,0,1
Kortright,Delaware,5,0,5,0,0,0,0,0,1,3,0,"1,544",16,0,0,0,0,0,9,0,0,0,0,0,0,0,1,0,13,0,1,0,0,3,0,0,12,0,0,4,0,0,0,2,0,43,0,0,0,3,1,0,0,2,0,12,0,9,0,0,0,0,0,11,0,0,0,0,0,0,0,0,0,0,0,0,4,0,0,0,0,5,0,2,0,11,1,0,0,0,3,0,2,0,0,0,0,0,0,0,0,0,0,0,19,1,2,0,111,0,0,0,0,0,1,0,0,0,0,0,0,26,0,0,0,0,0,0,0,0,9
Meredith,Delaware,10,3,1,0,0,0,0,4,0,14,3,"1,128",19,1,0,0,0,0,20,0,0,0,1,1,1,0,0,0,9,0,2,0,0,0,0,0,36,1,0,1,0,0,0,2,0,9,0,0,1,0,5,0,1,4,0,4,1,0,1,0,0,0,0,56,0,0,1,4,0,2,0,0,0,0,0,12,0,0,0,0,0,0,0,1,0,12,2,0,0,0,1,1,2,0,0,0,0,0,0,0,0,0,0,0,12,0,0,0,55,0,0,0,0,0,0,0,0,0,0,0,0,61,0,0,0,0,0,1,0,0,1
Beekman ,Dutchess,0,0,0,0,0,0,0,0,0,2,0,6,"1,021",0,1,0,1,0,2,0,0,0,1,0,0,0,0,0,11,0,1,0,0,4,0,0,0,31,4,0,0,0,0,3,0,0,0,1,0,0,1,0,0,11,1,1,0,4,0,1,0,0,0,23,0,0,0,0,0,1,0,0,0,0,0,1,1,0,0,0,0,2,0,0,0,0,0,0,0,0,0,0,0,0,0,0,0,0,0,0,0,0,0,0,1,0,8,0,61,0,0,0,0,0,0,0,0,0,0,0,0,0,0,0,0,0,0,0,0,0,3
Clinton_D,Dutchess,4,0,1,0,2,0,0,0,0,25,0,2,"1,474",0,0,0,0,0,2,0,0,0,0,0,0,0,0,0,15,0,0,0,1,1,0,0,0,0,3,4,0,0,0,3,1,3,0,0,0,0,0,0,0,32,1,0,3,22,0,0,0,0,0,13,0,0,0,0,0,0,0,0,0,0,1,2,2,0,0,0,0,2,0,1,0,2,1,0,0,0,0,1,0,0,0,0,0,0,0,0,0,0,0,0,5,1,5,0,79,0,0,0,0,0,0,0,0,0,0,0,0,1,0,0,0,1,0,2,0,0,3
Washington,Dutchess,4,0,2,0,2,0,0,0,0,31,1,0,"2,129",0,1,0,0,0,5,0,0,0,1,0,0,0,2,0,13,0,2,7,1,0,0,0,1,6,0,1,0,1,0,6,0,0,0,0,0,0,1,2,0,7,0,0,2,6,0,0,1,0,0,24,0,0,0,2,0,2,0,1,0,1,1,5,0,0,0,0,0,2,0,1,0,0,6,1,0,0,2,1,3,0,0,0,0,0,0,0,0,0,0,0,30,1,16,0,317,0,0,0,0,0,1,9,4,0,0,0,0,12,0,0,0,0,0,0,0,0,31
Caroga,Fulton,13,0,0,0,1,0,0,0,0,10,0,0,25,3,0,0,299,0,1,2,7,3,0,0,0,0,0,99,0,0,4,0,0,1,1,0,3,1,0,5,0,0,1,3,2,18,0,0,0,0,0,0,0,0,10,5,0,0,0,1,0,0,0,5,0,0,0,1,0,1,0,0,0,1,0,5,0,0,0,0,10,1,0,5,0,5,1,0,0,0,6,1,2,0,0,0,0,0,0,0,0,0,0,0,8,1,40,2,9,0,0,0,0,0,0,0,0,0,3,0,0,1,0,0,0,0,0,0,0,0,5
Greenville_G,Greene,262,0,1,0,0,0,0,1,0,22,0,7,43,0,0,0,0,0,"1,612",1,0,1,2,0,0,0,0,5,18,0,4,0,0,1,0,0,7,2,0,13,0,0,0,2,1,44,0,0,0,9,3,0,0,19,1,0,0,9,0,0,0,0,0,27,0,0,0,1,0,0,0,1,0,0,0,8,4,0,0,2,0,1,0,1,0,5,1,0,0,0,2,0,10,0,0,0,0,0,0,0,0,0,0,0,11,0,26,0,49,0,0,0,0,0,0,0,0,0,2,0,0,2,0,0,0,0,0,0,0,0,5
Lexington,Greene,14,0,1,0,0,1,0,3,0,25,1,56,11,1,0,0,0,0,"1,167",0,0,0,1,0,0,0,0,1,8,0,0,0,0,0,0,0,4,0,0,20,0,0,0,1,0,20,0,0,0,0,1,0,1,75,1,1,0,9,0,0,0,0,0,22,0,0,0,1,0,1,0,0,0,0,0,7,0,0,0,0,0,5,0,1,0,12,4,0,0,0,0,0,0,0,0,0,0,0,0,0,0,0,0,0,5,1,2,0,11,0,0,0,0,0,1,0,0,0,0,0,0,2,0,0,0,0,0,0,0,0,31
Prattsville,Greene,19,0,2,0,0,0,0,1,0,29,0,184,32,0,0,0,0,1,849,1,1,0,1,0,2,0,0,0,7,2,1,0,0,1,0,0,7,1,0,5,0,1,0,0,0,190,0,0,0,0,6,0,0,21,1,1,0,1,0,0,0,0,0,12,0,0,0,2,0,0,0,1,0,0,0,11,4,0,0,0,0,3,0,0,0,13,1,0,0,0,6,0,0,0,0,0,0,0,0,0,0,0,0,0,5,0,11,0,38,0,0,0,0,0,0,0,0,0,3,0,0,3,0,0,0,0,0,0,0,0,3
Arietta,Hamilton,0,0,0,0,0,0,0,0,0,2,0,0,1,0,0,0,10,0,0,40,7,0,0,0,0,0,0,1,0,0,1,1,0,0,0,0,1,0,2,0,0,0,0,7,1,2,0,0,0,0,0,0,0,0,0,0,0,0,0,0,0,0,0,0,0,0,0,0,0,0,0,0,0,0,0,0,0,0,0,0,0,0,0,0,0,1,0,0,0,0,3,0,0,0,0,0,0,0,0,0,0,0,0,0,0,0,0,0,0,0,0,0,0,0,0,0,0,0,0,0,0,4,0,0,0,0,0,0,0,0,2
Danube,Herkimer,11,0,0,0,0,0,0,1,0,10,0,0,8,0,0,0,18,0,0,0,926,10,0,5,0,3,1,173,2,1,11,4,1,0,0,17,8,0,0,7,0,0,3,5,0,8,0,0,0,0,0,0,0,0,0,0,0,0,0,0,0,0,0,9,0,0,0,1,0,0,0,0,0,0,1,5,0,0,0,0,0,1,0,0,0,0,2,0,0,0,2,0,0,0,0,0,0,0,0,0,0,0,0,0,15,0,19,0,48,0,0,0,0,0,0,0,0,0,0,0,0,0,0,0,0,0,0,1,0,0,5
Stark,Herkimer,8,0,0,1,1,0,0,2,0,1,0,1,2,0,0,0,16,0,5,0,"1,111",2,0,0,0,2,0,134,2,5,10,5,0,0,3,1,89,0,0,6,0,0,0,0,1,20,0,0,1,0,0,0,0,1,0,1,0,0,0,0,0,0,0,4,0,0,0,0,0,0,0,0,0,0,0,4,0,0,0,2,0,0,0,0,0,2,0,0,0,0,0,0,0,0,0,0,0,0,0,0,0,0,0,0,21,0,14,0,42,0,0,0,0,0,0,0,0,0,0,0,0,2,0,0,0,0,0,0,0,0,0
Wilmurt,Herkimer,1,0,2,0,0,0,0,0,0,0,0,0,0,0,0,0,0,0,1,0,79,0,1,2,0,2,0,2,3,0,11,0,0,0,0,1,0,0,0,0,0,0,0,2,3,2,0,0,0,0,0,0,0,0,0,1,0,5,0,0,0,0,0,0,0,0,0,0,0,0,0,0,0,0,0,1,0,0,0,0,0,2,0,0,0,1,0,0,0,0,2,0,0,0,0,0,0,0,0,0,0,0,0,0,16,0,0,0,2,0,0,0,0,0,0,0,0,0,0,0,0,0,0,0,0,0,0,5,0,0,1
Bridgewater,Oneida,5,0,1,2,0,2,0,19,0,2,6,0,8,0,0,1,0,0,0,0,78,10,0,3,0,81,2,4,1,0,593,5,0,0,1,10,117,0,0,5,0,0,0,3,2,1,0,0,0,0,0,0,0,0,0,3,1,1,0,0,0,0,0,51,0,0,0,0,0,0,0,0,0,0,1,16,2,0,1,0,1,0,0,1,0,1,11,0,0,0,5,0,2,0,0,0,0,0,0,0,0,0,0,0,31,0,7,0,66,0,0,0,0,0,0,0,0,0,0,0,0,2,0,0,0,0,0,85,0,0,2
Hamptonburgh,Orange,0,0,1,0,0,0,0,14,0,0,1,1,14,0,0,0,0,0,0,0,0,0,2,0,0,0,0,0,29,0,0,0,0,931,0,0,0,1,1,3,0,4,0,1,0,0,0,0,0,0,10,0,0,18,0,4,0,2,1,0,0,0,0,1,0,0,0,1,0,0,0,0,0,0,1,2,0,0,0,0,0,15,1,0,0,5,0,0,0,0,7,0,0,0,1,0,0,0,0,0,0,0,0,0,6,1,7,0,122,0,0,0,0,0,0,0,0,0,0,0,0,1,0,0,0,3,0,0,0,0,0
Minisink,Orange,0,0,0,0,0,0,0,1,0,1,0,0,5,2,0,0,0,0,0,0,0,0,1,0,0,0,0,0,11,0,1,0,1,843,0,0,0,0,0,0,1,3,0,0,0,0,0,0,1,1,17,2,0,0,0,0,0,1,0,0,0,0,0,6,0,0,0,0,0,0,0,0,1,0,0,5,0,0,0,0,0,218,0,1,0,16,0,0,0,0,0,0,4,0,0,0,0,0,0,0,0,0,0,0,2,0,12,0,32,0,0,0,0,0,0,0,0,0,0,0,0,1,0,0,0,4,0,0,0,0,6
Wawayanda,Orange,5,0,3,0,0,0,5,1,0,0,0,0,4,0,0,0,0,0,1,0,0,0,2,1,0,0,1,1,33,0,0,0,0,"1,528",0,0,0,3,2,0,1,4,0,0,0,0,0,0,1,3,12,0,0,15,0,0,1,4,0,0,0,0,0,3,0,0,1,0,0,0,0,0,0,0,1,3,0,0,0,0,0,83,0,0,0,18,0,0,0,0,4,0,0,0,0,0,0,0,0,0,0,0,0,0,19,0,14,0,118,0,0,0,0,0,0,0,0,0,0,0,0,0,0,0,0,0,0,0,0,1,10
Burlington,Otsego,4,5,4,1,0,1,0,34,0,3,2,2,3,1,1,0,1,0,1,0,59,2,0,0,0,14,1,8,1,0,27,1,0,1,1,1,"1,221",0,0,7,0,0,5,6,0,9,0,0,4,0,0,0,0,0,4,9,3,8,0,0,0,0,0,55,0,0,0,1,2,0,0,0,0,3,1,22,0,0,0,0,7,3,0,0,0,10,17,0,0,0,9,1,0,0,0,0,0,0,0,0,0,0,0,0,23,0,6,0,16,0,0,0,0,0,0,0,0,0,0,0,0,47,0,0,0,0,0,10,0,0,2
Butternuts,Otsego,15,3,8,0,2,3,0,169,2,11,3,67,23,0,1,0,0,1,22,1,8,1,2,0,0,14,1,0,9,0,16,4,0,1,2,0,"1,416",0,0,5,0,1,1,1,1,19,0,0,1,0,2,0,1,3,1,4,1,27,0,1,0,0,3,131,0,0,0,2,0,3,0,0,0,1,0,34,0,0,0,0,6,1,0,1,0,13,4,0,0,0,11,2,7,2,0,0,0,0,0,0,0,0,0,1,107,0,1,0,24,0,0,0,0,0,1,0,0,0,0,0,0,8,0,0,0,0,0,2,0,0,6
Decatur,Otsego,16,0,1,1,2,0,0,3,0,11,0,8,5,0,0,0,0,2,8,0,2,1,0,0,0,0,3,27,2,0,0,0,1,0,0,0,583,0,0,4,0,0,0,1,6,126,0,1,0,0,0,0,0,0,0,2,0,1,0,0,0,0,0,9,0,0,0,1,0,0,0,0,0,0,0,3,0,0,0,0,1,0,0,0,0,1,0,0,0,0,4,1,3,0,0,0,0,0,0,0,0,0,0,0,4,0,0,0,1,0,0,0,0,0,0,0,0,0,0,0,0,0,0,0,0,0,0,0,0,0,8
Carmel,Putnam,3,0,0,0,0,0,0,0,0,3,0,2,30,1,0,0,0,3,0,0,0,0,6,0,0,0,0,0,58,0,0,0,0,11,0,0,0,"1,726",1,0,0,2,0,3,0,0,0,0,1,0,1,0,0,4,0,0,0,121,0,0,0,0,0,19,0,0,1,1,2,0,0,0,0,1,0,3,2,2,0,0,0,4,0,1,0,3,1,3,0,0,1,4,2,0,0,0,0,0,0,2,0,0,0,0,23,3,26,0,158,0,0,0,0,0,0,0,0,0,1,0,0,0,0,0,0,0,1,0,0,0,2
Kent,Putnam,3,0,0,0,0,0,0,0,0,2,0,3,135,0,0,0,0,1,2,0,0,0,1,0,0,0,0,0,6,0,1,0,0,4,0,0,0,"1,219",0,1,0,0,1,0,0,0,0,0,4,0,0,0,0,4,0,0,0,30,0,3,0,2,0,14,0,0,0,0,2,0,0,0,0,1,0,0,2,0,0,0,0,0,0,1,0,3,0,0,0,0,1,1,0,0,0,0,0,0,0,0,0,0,0,0,1,1,3,0,19,0,0,0,0,0,0,0,0,0,0,0,0,0,0,0,0,0,0,0,0,0,3
Patterson,Putnam,4,0,0,0,3,0,0,0,1,7,1,6,166,0,2,0,0,0,2,0,0,0,2,0,0,0,1,0,27,0,0,0,1,3,0,1,0,915,5,1,0,0,0,0,0,2,0,0,0,0,1,3,0,2,0,0,0,62,0,1,0,0,0,135,0,0,1,0,0,0,0,0,0,0,0,7,0,0,0,0,1,4,0,0,0,3,0,0,0,0,1,3,0,0,0,0,0,0,0,0,0,0,0,0,5,0,4,0,84,0,0,0,0,0,0,0,0,0,0,0,0,1,1,0,0,0,0,0,0,0,4
Carlisle,Schoharie,54,0,3,1,0,0,0,2,0,12,1,0,17,0,2,0,0,1,0,0,6,1,0,0,1,3,0,143,0,0,4,3,0,0,0,2,6,0,0,16,0,0,0,6,18,"1,320",0,0,0,0,0,0,1,5,1,0,0,0,0,0,0,0,0,3,0,0,0,0,0,0,0,0,0,0,0,4,0,0,0,0,0,6,0,0,0,1,2,0,0,0,2,0,0,0,0,0,0,0,0,0,0,0,0,0,7,0,2,0,31,0,0,0,0,0,0,0,0,0,1,0,0,0,0,0,0,0,0,0,0,0,11
Greenwood,Steuben,6,40,0,0,2,3,0,1,0,0,5,2,2,4,0,0,0,0,0,0,3,0,0,0,2,0,2,0,2,1,1,2,4,9,0,5,29,0,0,3,0,0,1,2,0,0,0,7,716,0,0,5,81,3,0,4,2,1,0,13,0,0,0,10,0,0,0,0,0,0,0,1,0,1,0,12,2,0,0,0,9,35,0,2,0,28,0,0,0,0,8,0,4,0,0,0,0,0,0,0,0,0,0,0,3,0,1,0,110,0,0,0,0,0,0,0,0,0,0,0,0,0,0,0,0,1,0,0,0,0,2
Wayne,Steuben,1,6,1,2,1,1,6,0,0,0,2,4,9,1,2,0,2,1,0,0,6,0,2,0,1,0,1,3,3,2,0,4,3,30,1,0,22,14,0,1,0,1,0,5,0,0,15,17,510,0,0,2,17,0,0,0,2,2,0,65,0,0,0,8,0,0,0,0,0,0,0,0,0,0,0,3,7,0,0,0,0,16,0,0,0,13,1,0,0,0,3,0,1,0,0,0,0,0,0,0,0,0,0,0,6,0,0,0,1,0,0,0,0,0,0,0,0,0,0,0,0,1,0,0,0,1,0,0,0,0,7
Wheeler,Steuben,18,9,1,1,2,0,18,0,0,1,2,5,11,2,0,0,2,0,4,0,59,0,0,0,6,1,0,43,3,0,4,8,15,6,0,6,3,7,0,47,0,1,0,4,0,1,3,17,796,0,0,4,2,5,2,9,1,12,0,56,0,0,0,10,0,0,0,0,0,0,0,0,0,1,0,9,1,0,1,0,2,20,0,1,0,26,2,0,0,0,5,1,0,0,0,0,0,0,0,0,0,0,0,0,10,1,2,0,2,0,0,0,0,0,0,0,0,0,1,0,0,2,0,0,0,0,0,0,0,0,0
Shelter Island,Suffolk,0,0,0,0,0,0,0,0,0,0,0,0,0,0,0,0,0,0,0,0,0,0,0,0,0,0,0,0,21,0,0,0,0,0,0,0,0,0,6,0,0,0,0,0,0,0,0,0,0,406,0,0,0,0,0,0,0,0,0,0,0,0,0,36,0,0,0,0,0,0,0,0,0,3,0,5,0,0,0,0,0,0,0,0,0,1,9,0,0,0,0,0,0,0,0,0,0,0,0,0,0,0,0,0,5,0,6,0,32,0,0,0,0,0,0,0,0,0,1,0,0,3,0,0,0,0,0,0,0,0,36
Smithtown,Suffolk,0,0,0,0,0,0,0,0,0,0,0,0,0,0,0,0,0,0,0,0,0,0,17,1,1,0,0,0,135,0,0,0,0,0,0,0,0,1,20,2,0,0,0,0,0,1,0,0,0,"1,599",0,0,0,0,0,4,0,12,0,0,0,0,0,10,0,0,0,0,0,0,0,1,0,1,1,16,0,0,0,0,0,9,2,0,0,2,1,0,0,0,2,4,0,0,0,0,0,0,0,0,0,0,1,0,32,6,31,0,122,0,0,0,0,0,0,0,0,0,0,0,0,12,0,0,0,0,0,0,0,0,39
Lumberland,Sullivan,1,0,0,0,0,0,0,0,0,0,0,10,4,0,0,0,0,0,1,0,0,0,10,0,3,0,0,0,15,0,0,0,0,98,0,0,1,0,0,0,0,1,0,0,0,0,0,0,0,0,597,0,0,6,0,0,0,7,0,0,0,0,0,1,0,0,0,0,0,0,0,0,0,0,0,0,0,1,0,0,0,66,0,0,0,54,1,0,0,0,0,1,1,0,0,0,0,0,0,0,0,0,0,1,19,1,55,0,44,0,0,0,0,0,0,0,0,0,0,0,0,25,0,0,0,0,0,0,0,0,0
Hardenburgh,Ulster,0,0,0,0,1,0,1,0,0,1,0,149,3,0,0,0,0,2,19,0,0,0,0,0,0,0,0,1,2,0,0,0,0,0,0,0,1,0,0,4,0,0,0,1,0,8,0,0,0,0,10,0,3,281,0,0,0,0,0,0,0,0,0,11,0,0,0,0,0,0,0,0,0,0,0,1,0,0,0,0,0,1,0,0,0,2,0,0,0,0,0,0,1,0,0,0,0,0,0,0,0,0,0,0,3,0,2,0,16,0,0,0,0,0,0,0,0,0,0,0,0,2,0,0,0,0,0,0,0,1,1
Lloyd,Ulster,8,0,0,0,2,0,0,0,0,4,0,2,124,0,0,0,0,0,12,0,0,0,1,0,0,0,0,2,28,0,0,0,0,31,0,0,0,9,0,6,0,5,0,5,1,4,0,0,0,2,8,1,1,"2,036",0,0,0,21,1,0,0,0,0,10,0,0,0,5,1,0,0,1,0,1,1,3,7,0,0,0,1,21,1,6,0,6,0,0,0,0,2,2,0,0,0,1,0,0,0,0,0,0,0,0,32,2,15,0,86,0,0,0,0,0,0,0,0,0,0,0,0,1,0,0,0,0,0,0,0,0,48
New Paltz,Ulster,2,0,0,0,0,0,0,0,0,2,0,0,12,0,0,0,0,0,2,0,0,0,0,0,0,0,0,0,0,0,0,0,0,18,0,0,0,0,0,0,0,0,0,0,0,0,0,0,0,0,0,0,0,"1,716",0,0,0,2,0,0,0,0,0,0,0,0,0,0,0,0,0,0,0,0,3,1,0,0,0,0,0,0,0,0,0,2,0,0,0,0,0,1,0,0,0,0,0,0,0,0,0,0,0,0,1,0,35,2,145,0,0,0,0,0,0,0,0,0,0,0,0,0,0,0,0,0,0,0,0,0,89
Shawangunk,Ulster,4,0,0,1,0,5,0,0,0,1,0,1,36,0,0,0,0,0,13,0,1,0,2,0,0,0,0,0,41,0,0,1,0,305,0,0,1,21,0,1,0,2,0,0,0,0,1,0,0,3,55,1,1,"1,956",0,0,0,10,0,3,0,0,0,8,0,0,0,2,0,0,0,0,0,0,1,8,0,0,0,0,3,14,0,0,0,3,0,0,1,0,0,1,1,0,0,0,0,0,0,1,0,0,1,0,7,0,6,0,0,0,0,0,0,0,1,0,0,0,0,0,0,4,0,0,0,0,0,109,0,0,130
Harrison,Westchester,0,0,0,0,0,2,0,0,0,1,0,3,5,0,0,0,0,0,0,0,0,0,18,0,1,0,1,0,177,0,0,0,0,7,0,0,0,8,2,1,2,0,0,0,0,0,0,0,0,0,0,0,0,2,0,4,0,802,0,0,0,0,0,43,0,0,0,1,0,0,0,0,0,1,4,9,0,0,0,8,4,12,3,1,0,7,1,0,0,0,6,5,0,0,0,0,0,0,0,0,0,0,0,0,15,0,29,6,176,0,0,0,0,0,1,0,0,0,0,0,0,1,0,1,0,1,0,0,0,1,8
New Castle,Westchester,4,0,0,0,0,0,0,0,0,0,0,1,19,0,0,0,0,0,1,0,0,0,8,0,0,0,0,0,138,0,4,0,0,8,1,0,3,12,2,0,2,3,0,0,1,3,0,0,0,1,0,0,0,4,0,1,0,"1,349",0,0,0,0,0,46,0,0,5,0,0,0,0,0,0,1,5,9,7,0,0,1,6,4,0,1,0,0,0,0,0,0,2,6,0,0,0,0,0,0,0,0,0,0,0,0,19,5,24,0,113,2,0,0,0,0,0,0,0,0,0,0,0,0,0,0,0,5,0,0,3,0,50
Poundridge,Westchester,0,0,0,0,0,0,0,1,0,4,0,0,3,1,0,0,0,0,1,0,0,0,7,0,0,0,1,0,29,0,0,0,0,7,0,0,0,4,0,0,0,2,0,1,0,0,0,0,0,0,2,0,0,0,0,0,0,"1,067",0,0,0,0,0,115,0,0,0,0,0,0,0,0,0,0,1,1,0,0,0,0,0,2,0,0,0,2,0,0,0,0,0,0,2,0,0,0,0,0,0,1,0,0,0,0,9,0,2,0,27,0,0,0,0,0,2,0,0,0,0,0,0,0,0,0,0,0,0,0,0,0,5