Town_City,County,Sub_Class ,Class,"Capital, Establishments Reporting","Capital, Amount","Value of Raw Materials, Establishments Reporting","Value of Raw Materials, Amount","Value of Products, Establishments Reporting","Value of Products, Amount",Establishments Using Steam Power,Establishments Using Water or Horse Power
Watervilet,Albanu,Hollow Ware,2,1,"$25,000",1,"$30,000",1,"$50,000",1,0
Albany,Albany,Butchering,22,1,$400,0,NA,1,"$1,825",0,0
Albany,Albany,Cigars,22,4,"$1,950",4,"$3,375",4,"$13,500",0,0
Albany,Albany,Meat Packing and Curing,22,1,"$100,000",1,"$150,000",0,NA,0,0
Albany,Albany,Refrigerators,22,0,NA,1,$500,1,"$1,000",0,0
Albany,Albany,Tobacco,22,5,"$155,200",5,"$313,350",5,"$453,850",3,0
Albany,Albany,Balmoral Skirts and Skirtings,21,1,$800,1,"$1,000",1,"$2,000",0,0
Albany,Albany,Clothing,21,1,$200,1,"$1,000",1,"$1,500",0,0
Albany,Albany,Drums,19,1,"$3,000",1,"$2,000",1,"$5,000",0,0
Albany,Albany,Jewelry,18,1,"$4,500",0,NA,1,"$8,000",1,0
Albany,Albany,Piano Fortes,18,3,"$75,500",3,"$59,000",2,"$131,000",1,0
Albany,Albany,Picture and Mirror Frames,18,1,"$5,000",0,NA,1,"$4,500",1,0
Albany,Albany,Printing and Publishing,18,1,"$50,000",1,"$130,000",1,"$150,000",2,0
Albany,Albany,Cabinet Ware,17,1,"$3,500",1,"$1,300",1,"$3,000",0,0
Albany,Albany,Boots and Shoes,16,3,"$16,200",3,"$16,900",3,"$92,000",1,0
Albany,Albany,"Harnesses, Saddles, and Trunks",16,4,"$9,400",4,"$7,550",4,"$11,084",0,0
Albany,Albany,"Lasts, Boot-Trees, and Crimps",16,1,"$12,000",1,"$1,860",1,"$18,000",1,0
Albany,Albany,Leather Dressers,16,1,"$16,100",1,"$7,000",1,"$12,000",1,0
Albany,Albany,Brick,15,3,"$16,000",0,NA,3,"$21,875",1,2
Albany,Albany,Fire Brick and Retorts,15,1,"$150,000",1,"$45,000",1,"$75,000",1,0
Albany,Albany,Lime and Cement,15,1,"$35,000",1,"$10,000",1,"$79,000",1,0
Albany,Albany,Looking Glasses,15,0,NA,0,NA,0,NA,1,0
Albany,Albany,Marble,15,3,"$8,600",2,"$7,000",3,"$14,800",1,0
Albany,Albany,Plaster,15,1,"$15,000",1,$300,2,"$10,800",2,0
Albany,Albany,Potteries,15,2,"$2,000",1,$500,1,"$5,000",0,1
Albany,Albany,Tiles,15,1,"$2,000",0,NA,1,"$12,000",0,1
Albany,Albany,Carpenter Shops,14,5,"$15,100",4,"$8,900",4,"$16,000",0,0
Albany,Albany,Cooper Shops,14,2,"$2,200",3,"$16,400",3,"$24,500",0,0
Albany,Albany,Kindling Wood,14,2,"$9,000",2,"$7,800",2,"$11,500",1,1
Albany,Albany,Patterns,14,1,"$4,000",1,"$5,000",1,"$15,000",0,0
Albany,Albany,Planes,14,1,"$8,000",1,"$1,000",1,"$5,000",1,0
Albany,Albany,Toys,14,1,"$2,500",1,$650,1,"$3,000",1,0
Albany,Albany,Feed Mills,13,1,"$10,000",1,"$32,000",1,"$44,000",1,0
Albany,Albany,Car Wheels,10,1,"$75,000",1,"$224,700",1,"$249,000",0,0
Albany,Albany,Coaches and Wagons,10,11,"$161,750",8,"$96,289",10,"$206,375",1,0
Albany,Albany,House Building,9,2,"$10,400",1,"$3,000",2,"$108,000",0,0
Albany,Albany,"Sash, Blinds, and Doors",9,1,"$4,000",1,"$7,500",1,"$20,000",1,0
Albany,Albany,Barometers and Thermometers,8,1,$700,1,$400,0,NA,0,0
Albany,Albany,Steam Boilers,6,2,"$5,000",2,"$4,575",2,"$10,080",0,0
Albany,Albany,Steam Engines and Boilers,6,2,"$95,000",2,"$30,595",2,"$130,000",2,0
Albany,Albany,Stoves,5,6,"$895,000",6,"$402,000",6,"$1,225,000",6,0
Albany,Albany,Bakeries,4,6,"$27,700",4,"$91,400",4,"$30,800",1,0
Albany,Albany,Breweries,4,11,"$646,200",12,"$1,016,649",12,"$1,466,921",8,0
Albany,Albany,Candles and Soap,4,6,"$62,000",6,"$67,115",6,"$98,873",3,0
Albany,Albany,"Coffee, Spice, and Mustard",4,2,"$47,000",0,NA,0,NA,0,0
Albany,Albany,Confectionery ,4,1,"$2,500",1,"$13,500",1,"$31,250",0,0
Albany,Albany,Distilleries,4,1,"$200,000",1,"$1,000,000",1,"$2,000,000",1,0
Albany,Albany,Drugs and Medicines,4,1,"$6,500",1,"$5,000",1,"$8,000",0,0
Albany,Albany,Gas,4,1,"$250,000",1,"$114,952",1,"$218,200",1,0
Albany,Albany,Glue,4,1,"$8,000",1,"$16,000",1,"$20,000",1,0
Albany,Albany,Malt,4,12,"$340,000",10,"$375,071",11,"$728,688",3,0
Albany,Albany,Mineral Water,4,1,"$3,000",1,"$1,030",1,"$2,050",0,0
Albany,Albany,Oil Cloth,4,1,"$5,000",1,"$48,000",1,"$50,000",1,0
Albany,Albany,Paints and Glazing,4,2,"$2,200",1,"$1,500",2,"$6,000",0,0
Albany,Albany,"Card Board, Printing Carrds, and Fancy Paper",3,1,"$100,000",0,NA,1,"$140,000",1,0
Albany,Albany,Rope and Twine,3,3,"$7,000",3,"$9,141",3,"$14,392",0,0
Albany,Albany,Blacksmithing,2,4,$900,2,$500,4,"$5,420",0,0
Albany,Albany,Brass and Copper Ware,2,1,"$6,500",1,"$4,800",1,"$14,000",1,0
Albany,Albany,Gas Meteres,2,1,"$21,500",1,"$8,537",1,"$30,000",1,0
Albany,Albany,Gold Leaf,2,1,"$3,000",0,NA,0,NA,0,0
Albany,Albany,Hames,2,1,"$1,500",1,$260,1,"$3,500",0,0
Albany,Albany,Hollow Ware,2,1,"$106,000",1,"$150,000",1,"$300,000",1,0
Albany,Albany,Iron Foundries,2,2,"$15,000",2,"$40,950",2,"$76,200",2,0
Albany,Albany,Machinery,2,4,"$117,000",4,"$40,914",4,"$54,000",3,0
Albany,Albany,Malleable Iron,2,1,"$30,000",1,"$26,000",1,"$75,400",1,0
Albany,Albany,Saddlery and Coach Hardware,2,2,"$105,000",1,"$54,825",2,"$140,000",2,0
Albany,Albany,Safes,2,1,"$85,000",1,"$54,825",1,"$100,000",1,0
Albany,Albany,Silver Plating,2,1,"$8,000",1,"$3,106",1,"$7,094",0,0
Albany,Albany,Silver Ware,2,2,"$13,000",2,"$29,776",2,"$40,780",2,0
Albany,Albany,Agricultural Implements Generally,1,2,"$135,000",2,"$135,450",2,"$252,671",2,0
Berne,Albany,Bedsteads,17,1,"$2,500",1,$300,1,"$1,000",0,1
Berne,Albany,Cabinet Ware,17,1,$800,1,$406,1,"$1,297",0,0
Berne,Albany,Boots and Shoes,16,1,$350,1,$40,1,$600,0,0
Berne,Albany,"Harnesses, Saddles, and Trunks",16,1,$350,1,$50,1,$540,0,0
Berne,Albany,Stone Quarries,9,1,$150,0,NA,1,"$1,200",0,0
Bethlehem,Albany,Knit Goods,3,0,NA,0,NA,0,NA,0,1
Bethlehem,Albany,Blacksmithing,2,1,$450,1,$315,1,"$1,292",0,0
Coeymans,Albany,Undertakers,22,1,$300,1,$600,1,$600,0,0
Coeymans,Albany,Clothing,21,1,"$1,000",1,"$2,000",1,"$4,000",0,0
Coeymans,Albany,Brooms,17,5,"$13,250",5,"$9,600",5,"$22,825",0,0
Coeymans,Albany,Boots and Shoes,16,1,$800,1,$300,1,$600,0,0
Coeymans,Albany,"Harnesses, Saddles, and Trunks",16,1,$300,1,$600,1,"$1,200",0,0
Coeymans,Albany,Coaches and Wagons,10,2,"$2,800",2,"$1,280",2,"$2,400",0,0
Coeymans,Albany,Stone Quarries,9,1,$100,0,NA,1,"$2,000",0,0
Coeymans,Albany,Flax Dressing,3,3,"$9,575",3,"$4,695",3,"$4,275",1,3
Coeymans,Albany,Blacksmithing,2,0,NA,2,$290,2,"$1,100",0,0
Coeymans,Albany,Iron Foundries,2,1,"$2,000",1,$650,1,$650,1,0
Guilderland,Albany,Undertakers,22,1,$500,0,NA,0,NA,0,0
Guilderland,Albany,Marble,15,1,"$2,500",1,"$1,100",1,"$3,500",0,0
Guilderland,Albany,Coaches and Wagons,10,2,"$2,200",2,$900,2,"$3,060",0,0
Guilderland,Albany,Blacksmithing,2,2,"$3,100",1,$500,1,"$1,000",0,0
Knox,Albany,Placeholder,0,0,NA,0,NA,0,NA,0,0
New Scotland,Albany,Placeholder,0,0,NA,0,NA,0,NA,0,0
Rensselaerville,Albany,Cabinet Ware,17,1,$500,1,$900,1,"$1,780",0,0
Rensselaerville,Albany,Boots and Shoes,16,3,"$2,950",3,"$1,950",1,"$1,700",0,0
Rensselaerville,Albany,"Harnesses, Saddles, and Trunks",16,2,$700,2,"$1,226",2,"$2,000",0,0
Rensselaerville,Albany,Cooper Shops,14,2,"$2,600",2,"$1,150",2,"$3,625",0,0
Rensselaerville,Albany,Iron Foundries,2,1,"$1,500",1,$400,1,$400,0,1
Watervilet,Albany,Motive Water-Power,22,1,"$500,000",1,"$176,000",1,"$400,000",0,1
Watervilet,Albany,Hosiery,21,2,"$310,000",2,"$530,170",2,"$1,245,540",0,2
Watervilet,Albany,Bedsteads,17,2,"$22,000",2,"$18,512",2,"$52,000",1,1
Watervilet,Albany,Chairs,17,1,"$50,000",1,"$45,000",1,"$105,000",1,0
Watervilet,Albany,Brick,15,1,"$7,000",0,NA,1,"$12,000",0,1
Watervilet,Albany,Fire Brick and Retorts,15,1,"$20,000",1,"$6,400",1,"$30,000",0,0
Watervilet,Albany,Lime and Cement,15,1,"$20,000",1,"$5,000",1,"$20,000",0,0
Watervilet,Albany,Carpenter Shops,14,1,"$1,000",1,$150,0,NA,1,0
Watervilet,Albany,Cooper Shops,14,6,"$42,100",6,"$37,850",6,"$109,950",0,0
Watervilet,Albany,Planing Mills,14,1,"$35,000",0,NA,1,"$40,000",1,0
Watervilet,Albany,Wood Turning,14,2,"$30,000",2,"$5,400",2,"$18,000",0,1
Watervilet,Albany,Scales,12,1,"$10,000",1,"$4,200",1,"$9,050",0,1
Watervilet,Albany,Cars,10,2,"$300,000",2,"$651,114",2,"$504,446",2,0
Watervilet,Albany,Coaches and Wagons,10,1,"$30,000",1,"$10,200",1,"$13,150",1,0
Watervilet,Albany,"Sash, Blinds, and Doors",9,1,"$4,000",1,"$2,000",1,"$6,000",0,0
Watervilet,Albany,Boat Building,7,2,"$30,000",2,"$29,000",0,NA,0,1
Watervilet,Albany,Locomotives,6,1,"$250,000",1,"$131,568",0,NA,1,0
Watervilet,Albany,Steam Engines and Boilers,6,1,"$80,000",1,"$68,900",1,"$268,164",1,0
Watervilet,Albany,Stoves,5,1,"$75,000",1,"$41,500",1,"$120,000",1,0
Watervilet,Albany,Breweries,4,2,"$54,500",2,"$80,500",2,"$207,500",2,0
Watervilet,Albany,Malt,4,1,"$50,000",1,"$24,000",1,"$27,000",1,0
Watervilet,Albany,"Preserved Fruits, Vegetables, and Meats",4,1,"$9,000",1,"$5,000",1,"$10,000",0,0
Watervilet,Albany,Knit Goods,3,8,"$504,000",7,"$790,556",5,"$1,738,550",2,7
Watervilet,Albany,Looms and Loom Harnesses,3,1,$200,0,NA,1,"$1,000",0,0
Watervilet,Albany,Shawls,3,0,NA,0,NA,0,NA,1,0
Watervilet,Albany,Axes and Edge Tools,2,2,"$250,000",2,"$158,950",2,"$351,000",0,2
Watervilet,Albany,Bells,2,1,"$60,000",0,NA,1,"$90,000",1,0
Watervilet,Albany,"Bolts, Nuts, and Washers",2,1,"$5,000",1,"$14,000",1,"$20,000",0,1
Watervilet,Albany,Files,2,1,"$1,000",1,$100,1,"$3,100",0,0
Watervilet,Albany,Foundry Facings,2,1,"$15,000",1,"$4,200",1,"$12,500",1,0
Watervilet,Albany,House Builders Hardware,2,2,"$58,000",1,"$99,000",2,"$275,000",2,1
Watervilet,Albany,Iron Foundries,2,3,"$75,000",3,"$73,300",3,"$313,750",2,1
Watervilet,Albany,"Iron Rolling, Cutting, and Forging Works",2,1,"$35,000",1,"$57,000",1,"$132,000",0,1
Watervilet,Albany,Knitting Machine Needles,2,0,NA,1,"$10,000",1,"$30,000",0,0
Watervilet,Albany,Machinery,2,1,"$10,000",1,"$3,000",1,"$10,000",0,1
Watervilet,Albany,Malleable Iron,2,1,"$21,500",1,"$34,875",1,"$70,000",1,0
Watervilet,Albany,Pins,2,1,"$10,000",1,"$24,000",1,"$31,000",0,1
Watervilet,Albany,"Cotton, Hay, and Hop Presses",1,1,"$25,000",1,"$3,000",1,"$10,000",1,0
Watervilet ,Albany,Bone Black and Bone Manure,4,1,"$5,000",1,"$15,000",1,"$20,000",1,0
Westerlo,Albany,Millinery,21,1,$600,1,"$1,000",1,"$1,200",0,0
Westerlo,Albany,Hay Hoops,14,1,$200,1,$350,1,"$1,650",0,0
Westerlo,Albany,Coaches and Wagons,10,2,"$1,250",1,"$1,000",1,"$1,415",0,1
Westerlo,Albany,Carding and Cloth Dressing,3,1,"$2,500",1,"$3,734",1,"$4,174",0,1
Westerlo,Albany,Blacksmithing,2,3,"$1,050",3,"$1,150",3,"$2,800",0,0
Alfred,Allegany,Boots and Shoes,16,1,$75,0,NA,0,NA,0,0
Alfred,Allegany,Cheese Boxes,14,1,"$1,200",1,"$1,300",1,"$2,700",1,0
Alfred,Allegany,Coaches and Wagons,10,1,$200,0,NA,0,NA,0,1
Allen,Allegany,Blacksmithing,2,1,$500,2,$150,1,$500,0,0
Alma,Allegany,Shingles,14,3,"$3,000",0,NA,3,"$6,200",1,2
Almond,Allegany,Wood Turning,14,1,$600,1,"$8,000",1,"$9,000",0,1
Almond,Allegany,Reapers and Mowers,1,1,"$30,000",1,"$8,200",1,"$40,000",0,1
Amity,Allegany,Artificial Teeth,20,1,$400,1,$100,1,$600,0,0
Amity,Allegany,Boots and Shoes,16,1,$100,1,$150,1,$500,0,0
Amity,Allegany,Cooper Shops,14,1,"$20,000",1,"$13,296",1,"$16,294",1,0
Amity,Allegany,"Headings, Hoops, and Staves",14,1,"$2,000",1,"$10,500",2,"$14,496",1,1
Amity,Allegany,Blacksmithing,2,2,$450,2,$700,2,"$2,100",0,0
Andover,Allegany,Cabinet Ware,17,2,"$6,000",2,"$1,400",2,"$5,500",1,1
Andover,Allegany,Boots and Shoes,16,1,$900,1,"$1,000",1,"$1,500",0,0
Andover,Allegany,Blacksmithing,2,2,$450,2,$350,2,"$2,000",0,0
Andover,Allegany,Iron Foundries,2,1,"$1,600",1,$875,1,"$2,000",1,0
Andover,Allegany,Tin Smithing,2,1,$850,1,$900,1,"$1,500",0,0
Angelica,Allegany,Cabinet Ware,17,1,"$2,000",1,"$1,600",1,"$5,000",0,1
Angelica,Allegany,Boots and Shoes,16,1,"$2,000",1,"$2,000",1,"$3,500",0,0
Angelica,Allegany,Coaches and Wagons,10,1,"$3,000",1,$500,1,"$1,200",0,1
Belfast,Allegany,Boots and Shoes,16,0,NA,1,$975,1,"$3,275",0,0
Belfast,Allegany,"Harnesses, Saddles, and Trunks",16,1,$700,1,$470,1,"$1,000",0,0
Belfast,Allegany,Pumps,11,1,"$1,500",1,$410,1,"$1,000",0,1
Belfast,Allegany,Coaches and Wagons,10,1,"$2,000",1,$495,1,"$1,575",0,0
Belfast,Allegany,"Sash, Blinds, and Doors",9,1,"$2,000",0,NA,1,"$2,250",0,1
Birdsall,Allegany,Placeholder,0,0,NA,0,NA,0,NA,0,0
Bolivar,Allegany,Boots and Shoes,16,1,$600,1,$200,1,$375,0,0
Bolivar,Allegany,Shingles,14,3,"$6,000",3,$800,3,"$1,900",1,2
Bolivar,Allegany,Carding and Cloth Dressing,3,1,"$1,500",1,"$6,000",1,"$4,000",0,1
Burns,Allegany,Cabinet Ware,17,1,$800,1,$200,1,"$2,000",0,0
Burns,Allegany,Rakes,1,1,"$1,600",0,NA,1,"$15,000",0,1
Caneadea,Allegany,Coaches and Wagons,10,1,$575,1,$100,1,$600,0,0
Caneadea,Allegany,Boat Building,7,1,"$2,000",1,"$1,000",1,"$4,000",0,0
Caneadea,Allegany,Blacksmithing,2,1,$500,1,$200,1,"$1,000",0,0
Caneadea,Allegany,Iron Foundries,2,1,"$1,500",1,$210,1,$800,1,0
Centerville,Allegany,Cabinet Ware,17,1,$200,1,$250,1,$800,0,1
Centerville,Allegany,Boots and Shoes,16,1,$250,2,$700,2,"$1,436",0,0
Centerville,Allegany,Cooper Shops,14,1,$100,1,$250,1,$500,0,0
Centerville,Allegany,Asheries,4,1,"$1,600",1,"$1,650",1,"$4,000",0,0
Centerville,Allegany,Blacksmithing,2,1,"$1,000",1,$630,1,"$1,500",0,0
Cuba,Allegany,Placeholder,0,0,NA,0,NA,0,NA,0,0
Friendship,Allegany,Placeholder,0,0,NA,0,NA,0,NA,0,0
Genesee,Allegany,Boots and Shoes,16,1,$150,1,$500,1,"$1,000",0,0
Genesee,Allegany,Shingles,14,6,"$3,500",3,"$1,910",6,"$14,670",2,4
Genesee,Allegany,"Sash, Blinds, and Doors",9,1,"$2,000",1,$300,1,"$1,000",1,0
Granger,Allegany,Placeholder,0,0,NA,0,NA,0,NA,0,0
Grove,Allegany,Placeholder,0,0,NA,0,NA,0,NA,0,0
Hume,Allegany,Hosiery,21,1,"$30,000",1,"$74,000",1,"$107,000",0,1
Hume,Allegany,Shingles,14,1,$200,1,$271,1,$542,1,0
Hume,Allegany,Steam Engines and Boilers,6,1,"$7,000",1,"$3,000",1,"$8,000",0,0
Independence,Allegany,"Harnesses, Saddles, and Trunks",16,1,$300,1,$200,1,$500,0,0
Independence,Allegany,Shooks,14,1,"$1,200",1,$750,1,"$1,800",0,1
Independence,Allegany,Coaches and Wagons,10,2,"$2,250",1,$250,1,"$1,350",0,1
Independence,Allegany,Blacksmithing,2,2,$400,2,$325,2,"$2,200",0,0
Independence,Allegany,Iron Foundries,2,1,"$3,000",1,$320,1,"$1,500",1,0
New Hudson,Allegany,Coaches and Wagons,10,1,$600,1,$50,1,$500,0,0
New Hudson,Allegany,Asheries,4,1,$600,1,$475,0,NA,0,0
New Hudson,Allegany,Blacksmithing,2,1,$200,1,$200,1,$800,0,0
Rushford,Allegany,Cabinet Ware,17,2,"$1,200",2,$545,2,"$1,500",0,0
Rushford,Allegany,Boots and Shoes,16,3,"$1,300",3,"$1,200",3,"$3,000",0,0
Rushford,Allegany,"Harnesses, Saddles, and Trunks",16,2,$800,2,"$1,050",2,"$2,200",0,0
Scio,Allegany,Fire Arms,19,1,$200,1,$50,1,$100,0,0
Scio,Allegany,Cabinet Ware,17,1,$200,1,$250,1,$800,0,1
Scio,Allegany,Boots and Shoes,16,1,$400,1,$700,1,"$1,500",0,0
Scio,Allegany,"Headings, Hoops, and Staves",14,2,"$2,200",2,"$4,750",2,"$15,500",2,0
Scio,Allegany,Shingles,14,5,"$6,100",5,"$7,575",5,"$18,600",4,1
Scio,Allegany,Shooks,14,1,"$4,000",1,"$3,900",1,"$15,000",1,0
Scio,Allegany,Coaches and Wagons,10,2,$400,2,$350,2,"$1,100",0,0
Scio,Allegany,Matches,4,1,$100,0,NA,0,NA,0,0
Scio,Allegany,Blacksmithing,2,3,$950,3,"$1,000",3,"$3,200",0,0
Ward,Allegany,Placeholder,0,0,NA,0,NA,0,NA,0,0
Wellsville,Allegany,Cabinet Ware,17,1,"$4,000",1,"$1,000",1,"$6,000",1,0
Wellsville,Allegany,Drugs and Medicines,4,1,"$6,000",1,"$4,500",1,"$12,000",0,1
Wellsville,Allegany,Machinery,2,1,"$10,000",1,"$10,000",1,"$35,000",1,0
West Almond,Allegany,Placeholder,0,0,NA,0,NA,0,NA,0,0
Willing,Allegany,Placeholder,0,0,NA,0,NA,0,NA,0,0
Wirt,Allegany,"Sash, Blinds, and Doors",9,1,"$2,000",1,$163,1,$441,0,0
Barker,Broome,Cooper Shops,14,1,"$2,000",1,"$1,494",1,"$2,500",0,1
Binghamton,Broome,Butchering,22,2,$900,2,"$5,015",2,"$10,230",0,0
Binghamton,Broome,Cigars,22,1,"$15,000",1,"$15,000",2,"$100,000",0,0
Binghamton,Broome,Bedsteads,17,1,"$10,000",1,"$2,000",1,"$40,000",1,0
Binghamton,Broome,Brooms,17,1,$800,1,"$2,000",1,"$2,800",0,0
Binghamton,Broome,Boots and Shoes,16,7,"$95,900",2,$865,7,"$297,850",0,0
Binghamton,Broome,"Harnesses, Saddles, and Trunks",16,2,"$4,500",2,"$3,250",2,"$9,000",0,0
Binghamton,Broome,Marble,15,1,"$6,000",1,"$4,500",1,"$11,000",0,0
Binghamton,Broome,Plaster,15,1,"$4,000",1,"$3,000",1,"$4,200",0,0
Binghamton,Broome,Potteries,15,1,"$8,000",1,"$5,750",1,"$13,200",0,1
Binghamton,Broome,Cigar Boxes,14,1,"$1,000",0,NA,1,"$2,300",0,0
Binghamton,Broome,Cooper Shops,14,4,"$8,200",2,"$12,680",2,"$25,750",0,1
Binghamton,Broome,Lath,14,1,$350,1,$100,1,$900,0,1
Binghamton,Broome,Shooks,14,1,"$5,000",0,NA,0,NA,0,0
Binghamton,Broome,Coaches and Wagons,10,1,$200,1,$100,0,NA,0,0
Binghamton,Broome,"Spokes, Felloes, and Bows",10,2,"$9,000",2,"$21,600",1,"$15,000",1,0
Binghamton,Broome,"Sash, Blinds, and Doors",9,2,"$105,000",2,"$5,000",1,"$3,000",1,0
Binghamton,Broome,Breweries,4,2,"$25,000",2,"$28,500",2,"$33,200",2,0
Binghamton,Broome,Candles and Soap,4,1,$200,1,$100,1,$800,0,0
Binghamton,Broome,Gas,4,1,"$30,000",1,"$2,800",1,"$15,000",1,0
Binghamton,Broome,Paints and Glazing,4,1,"$1,500",1,"$2,500",1,"$6,000",0,0
Binghamton,Broome,Vinegar,4,1,"$1,000",1,$625,1,"$1,000",0,0
Binghamton,Broome,Writing Ink and Blacking,4,1,"$14,000",1,"$6,000",1,"$12,000",0,0
Binghamton,Broome,Carding and Cloth Dressing,3,1,"$2,000",1,"$1,000",1,"$2,250",0,1
Binghamton,Broome,Blacksmithing,2,1,$650,1,$875,1,"$2,325",0,0
Binghamton,Broome,Machinery,2,1,"$40,000",1,"$10,380",1,"$20,000",1,0
Binghamton,Broome,Tin Smithing,2,2,"$16,000",2,"$7,290",2,"$20,700",0,0
Binghamton,Broome,Plows and Cultivators,1,1,"$2,000",1,"$1,000",1,"$1,500",0,0
Chenango,Broome,Placeholder,0,0,NA,0,NA,0,NA,0,0
Colesville,Broome,Cigars,22,1,$600,0,NA,1,$500,0,0
Colesville,Broome,Clothing,21,1,$70,0,NA,1,$600,0,0
Colesville,Broome,Cabinet Ware,17,1,$500,0,NA,1,$250,0,0
Colesville,Broome,Boots and Shoes,16,1,$100,1,$200,1,$500,0,0
Colesville,Broome,"Harnesses, Saddles, and Trunks",16,1,$225,1,$600,1,"$1,200",0,0
Colesville,Broome,Whips,16,1,"$1,500",1,"$4,617",1,"$8,000",0,1
Colesville,Broome,Cooper Shops,14,3,"$1,200",3,"$1,693",2,"$1,500",0,0
Colesville,Broome,Feed Mills,13,1,$300,1,"$1,000",0,NA,0,1
Colesville,Broome,Coaches and Wagons,10,4,"$5,800",2,$385,4,"$3,500",1,0
Colesville,Broome,Blacksmithing,2,6,"$2,300",3,"$1,110",4,"$8,850",0,0
Colesville,Broome,Rakes,1,2,$500,2,$123,2,$400,0,2
Conkin,Broome,Drugs and Medicines,4,1,"$20,000",1,"$4,500",0,NA,0,0
Kirkwood,Broome,"Harnesses, Saddles, and Trunks",16,1,$150,0,NA,0,NA,0,0
Kirkwood,Broome,Blacksmithing,2,1,$250,0,NA,0,NA,0,0
Lisle,Broome,Placeholder,0,0,NA,0,NA,0,NA,0,0
Maine,Broome,Coaches and Wagons,10,2,NA,0,NA,0,NA,0,0
Maine,Broome,Blacksmithing,2,2,NA,0,NA,0,NA,0,0
Maine,Broome,Placeholder,0,0,NA,0,NA,0,NA,0,0
Nanticoke,Broome,"Headings, Hoops, and Staves",14,1,"$1,200",1,$600,1,"$1,710",1,0
Nanticoke,Broome,Feed Mills,13,1,$600,1,"$1,500",1,"$1,650",0,1
Port Crane,Broome,Placeholder,0,0,NA,0,NA,0,NA,0,0
Sanford,Broome,Placeholder,0,0,NA,0,NA,0,NA,0,0
Triangle,Broome,Cabinet Ware,17,2,"$1,400",2,$250,2,"$1,000",0,1
Triangle,Broome,"Harnesses, Saddles, and Trunks",16,1,$200,1,$175,1,$500,0,0
Triangle,Broome,Planing Mills,14,1,"$1,000",1,"$1,000",1,"$2,000",0,1
Triangle,Broome,Blacksmithing,2,2,$415,2,$350,2,"$1,200",0,0
Triangle,Broome,Tin Smithing,2,0,NA,1,"$3,600",1,"$5,000",0,0
Union,Broome,Brick,15,1,"$4,000",0,NA,1,"$7,000",0,1
Union,Broome,Rakes,1,1,"$3,000",1,$600,1,"$2,400",0,1
Vestal,Broome,Placeholder,0,0,NA,0,NA,0,NA,0,0
Windsor,Broome,Boots and Shoes,16,1,$100,0,NA,0,NA,0,0
Windsor,Broome,Whips,16,0,NA,1,"$6,000",1,"$12,000",0,0
Windsor,Broome,Coaches and Wagons,10,2,$500,0,NA,0,NA,0,0
Windsor,Broome,"Spokes, Felloes, and Bows",10,1,$300,1,$125,0,NA,0,0
Windsor,Broome,Blacksmithing,2,3,"$2,175",0,NA,0,NA,0,0
Windsor,Broome,Tin Smithing,2,1,"$1,800",1,$800,1,"$1,500",0,0
Windsor,Broome,Agricultural Implements Generally,1,1,"$1,500",0,NA,0,NA,0,0
Olean,Cattararaugus,Machinery,2,1,"$20,000",1,"$12,000",1,"$20,000",1,0
Randolph,Cattararaugus,Machinery,2,1,"$5,000",1,"$1,920",1,"$12,000",1,0
Allegany,Cattaraugus,Placeholder,0,0,NA,0,NA,0,NA,0,0
Ashford,Cattaraugus,Cabinet Ware,17,2,$400,2,"$1,100",2,"$1,500",0,0
Ashford,Cattaraugus,Boots and Shoes,16,2,$400,2,"$1,100",2,"$3,300",0,0
Ashford,Cattaraugus,Coaches and Wagons,10,2,"$1,000",2,$240,2,"$2,400",0,0
Ashford,Cattaraugus,Blacksmithing,2,2,$700,2,$300,2,"$1,500",0,0
Carrolton,Cattaraugus,Placeholder,0,0,NA,0,NA,0,NA,0,0
Cold Spring,Cattaraugus,Boots and Shoes,16,1,$30,1,$520,0,NA,0,0
Cold Spring,Cattaraugus,Cooper Shops,14,1,$260,1,$160,1,$470,0,0
Cold Spring,Cattaraugus,Shingles,14,5,"$3,700",5,"$2,040",5,"$6,935",2,3
Cold Spring,Cattaraugus,Coaches and Wagons,10,1,"$1,000",1,$126,0,NA,0,0
Cold Spring,Cattaraugus,Carding and Cloth Dressing,3,1,"$1,000",1,"$10,500",1,"$10,000",0,1
Conewango,Cattaraugus,Boots and Shoes,16,1,$700,1,$600,1,"$1,775",0,0
Conewango,Cattaraugus,Cooper Shops,14,2,$250,2,$324,2,$445,0,0
Conewango,Cattaraugus,Coaches and Wagons,10,1,$600,1,$875,1,"$3,055",0,0
Dayton,Cattaraugus,Cheese Boxes,14,1,$100,1,$300,1,"$1,500",1,0
Dayton,Cattaraugus,Shingles,14,3,"$3,500",3,"$1,700",3,"$4,300",0,1
East Otto,Cattaraugus,Placeholder,0,0,NA,0,NA,0,NA,0,0
Ellicottville,Cattaraugus,Clothing,21,1,$800,1,$500,1,$900,0,0
Ellicottville,Cattaraugus,Cabinet Ware,17,2,"$1,800",2,$900,2,"$2,000",0,0
Ellicottville,Cattaraugus,Boots and Shoes,16,1,$800,2,"$1,600",2,"$3,200",0,0
Ellicottville,Cattaraugus,"Harnesses, Saddles, and Trunks",16,1,$800,1,$600,1,"$2,000",0,0
Ellicottville,Cattaraugus,Blacksmithing,2,4,"$2,700",4,"$1,875",4,"$5,300",0,0
Farmersville,Cattaraugus,Boots and Shoes,16,1,$200,1,$100,1,$500,0,0
Farmersville,Cattaraugus,Cheese Boxes,14,1,"$4,000",1,$560,1,"$3,000",0,1
Franklinville,Cattaraugus,Agricultural Implements Generally,1,1,"$15,000",1,"$7,500",1,"$15,000",0,1
Freedom,Cattaraugus,Cabinet Ware,17,1,"$1,000",1,$350,1,$780,0,1
Freedom,Cattaraugus,Boots and Shoes,16,1,$550,1,$500,1,$950,0,0
Freedom,Cattaraugus,"Harnesses, Saddles, and Trunks",16,1,$625,1,$500,1,$676,0,0
Freedom,Cattaraugus,Cheese Boxes,14,1,$800,1,$520,1,$706,0,1
Freedom,Cattaraugus,Carding and Cloth Dressing,3,1,"$1,200",1,"$3,009",0,NA,0,1
Great Valley,Cattaraugus,Placeholder,0,0,NA,0,NA,0,NA,0,0
Hinsdale,Cattaraugus,Cabinet Ware,17,1,$100,1,$400,1,"$1,000",0,0
Hinsdale,Cattaraugus,Boots and Shoes,16,2,$350,2,$610,2,"$1,050",0,0
Hinsdale,Cattaraugus,"Harnesses, Saddles, and Trunks",16,1,$500,1,$80,1,"$1,200",0,0
Hinsdale,Cattaraugus,Shingles,14,1,"$1,500",1,"$1,600",1,"$3,000",1,0
Hinsdale,Cattaraugus,Coaches and Wagons,10,1,$300,1,$20,1,$800,0,0
Hinsdale,Cattaraugus,Blacksmithing,2,1,$500,1,$250,0,NA,0,0
Humphrey,Cattaraugus,Shingles,14,1,$200,0,NA,0,NA,0,0
Ischua,Cattaraugus,Placeholder,0,0,NA,0,NA,0,NA,0,0
Leon,Cattaraugus,Cooper Shops,14,1,"$1,000",1,$640,1,"$3,600",0,0
Leon,Cattaraugus,Coaches and Wagons,10,1,$800,1,$440,1,"$1,000",0,0
Little Valley,Cattaraugus,Cooper Shops,14,2,$400,1,$70,2,$600,0,0
Little Valley,Cattaraugus,Lath,14,1,$200,0,NA,1,$600,0,1
Little Valley,Cattaraugus,Coaches and Wagons,10,1,$800,0,NA,0,NA,0,0
Little Valley,Cattaraugus,Blacksmithing,2,1,$500,1,$160,0,NA,0,0
Lyndon,Cattaraugus,Placeholder,0,0,NA,0,NA,0,NA,0,0
Machias,Cattaraugus,Boots and Shoes,16,2,$250,2,"$1,100",2,"$2,200",0,0
Mansfield,Cattaraugus,Placeholder,0,0,NA,0,NA,0,NA,0,0
Napoli,Cattaraugus,Cooper Shops,14,2,$900,2,$290,2,"$1,170",1,0
New Albion,Cattaraugus,Cigars,22,1,$25,1,$250,1,"$1,000",0,0
New Albion,Cattaraugus,Clothing,21,1,$50,1,$100,1,$500,0,0
New Albion,Cattaraugus,Cabinet Ware,17,1,$400,1,$63,1,$839,0,0
New Albion,Cattaraugus,Boots and Shoes,16,2,$150,2,$735,2,"$1,730",0,0
New Albion,Cattaraugus,"Harnesses, Saddles, and Trunks",16,1,$25,1,$200,1,$385,0,0
New Albion,Cattaraugus,Marble,15,1,$25,1,$450,1,$900,0,0
New Albion,Cattaraugus,Cooper Shops,14,2,$350,2,$539,2,"$2,185",0,0
New Albion,Cattaraugus,Coaches and Wagons,10,1,$500,1,$750,1,"$1,040",0,0
Olean,Cattaraugus,Cigars,22,1,"$5,000",1,"$1,872",1,"$8,600",0,0
Olean,Cattaraugus,Clothing,21,2,"$4,500",2,"$12,700",2,"$17,800",0,0
Olean,Cattaraugus,Boots and Shoes,16,2,"$1,500",2,"$1,400",2,"$3,850",0,0
Olean,Cattaraugus,"Harnesses, Saddles, and Trunks",16,1,"$3,000",1,"$1,500",1,"$3,000",0,0
Olean,Cattaraugus,Coaches and Wagons,10,3,"$8,600",3,"$5,625",3,"$14,400",1,0
Orleans,Cattaraugus,Potteries,15,1,"$4,000",1,$600,1,"$3,000",0,1
Otto,Cattaraugus,Clothing,21,2,"$1,450",2,"$3,675",2,"$7,000",0,0
Otto,Cattaraugus,Cabinet Ware,17,1,$800,1,$225,1,"$1,500",0,0
Otto,Cattaraugus,Boots and Shoes,16,1,$500,1,$470,1,"$1,405",0,0
Otto,Cattaraugus,Cheese Boxes,14,1,"$1,000",1,$925,1,"$2,800",0,1
Otto,Cattaraugus,Agricultural Implements Generally,1,1,"$2,500",1,"$1,285",1,"$2,220",1,0
Perrysburgh,Cattaraugus,Clothing,21,1,$700,1,$500,1,$650,0,0
Perrysburgh,Cattaraugus,Millinery,21,1,"$1,200",1,"$1,200",1,"$1,600",0,0
Perrysburgh,Cattaraugus,Boots and Shoes,16,4,$850,4,"$1,700",4,"$3,700",0,0
Perrysburgh,Cattaraugus,"Harnesses, Saddles, and Trunks",16,1,$125,1,$250,1,$400,0,0
Perrysburgh,Cattaraugus,Feed Mills,13,2,$600,2,"$2,100",1,"$2,340",1,1
Perrysburgh,Cattaraugus,Coaches and Wagons,10,1,$350,1,$100,1,$500,0,0
Perrysburgh,Cattaraugus,Drugs and Medicines,4,1,"$5,000",1,"$2,000",1,"$4,000",1,0
Perrysburgh,Cattaraugus,Blacksmithing,2,3,$750,3,$500,3,"$1,950",0,0
Perrysburgh,Cattaraugus,Grain Cradles,1,1,$300,1,$175,1,$600,0,0
Persia,Cattaraugus,Cigars,22,1,$100,1,$500,1,"$2,000",0,0
Persia,Cattaraugus,Clothing,21,2,$925,2,"$4,900",2,"$6,950",0,0
Persia,Cattaraugus,Millinery,21,3,$107,3,$230,3,"$1,595",0,0
Persia,Cattaraugus,Cabinet Ware,17,1,"$2,000",1,"$1,000",1,"$2,000",0,0
Persia,Cattaraugus,Boots and Shoes,16,2,$700,2,"$2,100",2,"$4,200",0,0
Persia,Cattaraugus,"Harnesses, Saddles, and Trunks",16,2,"$1,300",2,"$1,500",2,"$3,230",0,0
Persia,Cattaraugus,Marble,15,1,$300,1,"$1,200",1,"$3,500",0,0
Persia,Cattaraugus,Cooper Shops,14,1,$500,1,$100,1,$175,0,0
Persia,Cattaraugus,Coaches and Wagons,10,2,"$3,200",2,"$1,058",2,"$2,097",0,0
Persia,Cattaraugus,"Sash, Blinds, and Doors",9,1,$850,1,$215,1,$650,0,0
Portville,Cattaraugus,Placeholder,0,0,NA,0,NA,0,NA,0,0
Randolph,Cattaraugus,Cabinet Ware,17,2,"$5,000",2,$260,2,"$1,500",0,0
Randolph,Cattaraugus,Cooper Shops,14,1,"$2,400",1,"$1,040",1,"$1,150",0,0
Randolph,Cattaraugus,Coaches and Wagons,10,1,"$2,500",1,$654,1,"$1,700",0,0
Salamanca,Cattaraugus,Placeholder,0,0,NA,0,NA,0,NA,0,0
South Valley,Cattaraugus,Shingles,14,1,"$1,400",1,$600,1,"$1,600",0,1
Yorkshire,Cattaraugus,Clothing,21,1,$100,0,NA,1,$175,0,0
Yorkshire,Cattaraugus,Millinery,21,1,$100,0,NA,0,NA,0,0
Yorkshire,Cattaraugus,Cabinet Ware,17,2,$880,2,$300,2,"$1,225",0,0
Yorkshire,Cattaraugus,Chairs,17,1,$75,1,$50,1,$450,0,0
Yorkshire,Cattaraugus,Boots and Shoes,16,5,"$1,175",5,"$1,450",5,"$2,875",0,0
Yorkshire,Cattaraugus,"Harnesses, Saddles, and Trunks",16,1,$200,1,$180,1,$480,0,0
Yorkshire,Cattaraugus,Cheese Boxes,14,1,"$1,500",1,$750,1,"$1,700",0,0
Yorkshire,Cattaraugus,Cooper Shops,14,2,$100,1,$65,1,$380,0,0
Yorkshire,Cattaraugus,Windmills,13,1,"$5,000",1,"$1,374",1,"$5,000",0,1
Yorkshire,Cattaraugus,Coaches and Wagons,10,2,$800,1,$120,2,$765,0,1
Yorkshire,Cattaraugus,Carding and Cloth Dressing,3,1,$600,1,"$9,000",1,"$10,100",0,1
Yorkshire,Cattaraugus,Blacksmithing,2,5,$930,3,$395,5,"$2,730",0,0
Freedom,Cattaraugus ,Tin Smithing,2,1,"$1,250",1,$500,1,$790,0,0
Machias,Cattaraugus ,Tin Smithing,2,1,$500,1,$800,1,"$2,000",0,0
New Albion,Cattaraugus ,Tin Smithing,2,1,$400,1,$800,1,$964,0,0
Olean,Cattaraugus ,Tin Smithing,2,1,"$3,000",1,"$2,000",1,"$4,000",0,0
Otto,Cattaraugus ,Tin Smithing,2,1,$800,1,$660,1,"$1,353",0,0
Perrysburgh,Cattaraugus ,Tin Smithing,2,1,$700,1,$350,1,$560,0,0
Persia,Cattaraugus ,Tin Smithing,2,1,$450,1,"$2,000",1,"$2,500",0,0
Ledyard,Catyuga,Reapers and Mowers,1,1,"$20,000",1,"$22,688",1,"$112,375",1,0
Auburn,Cayuga,Tobacco,22,1,"$5,000",1,"$15,000",1,"$33,378",0,1
Auburn,Cayuga,Clothing,21,1,$150,0,NA,1,$400,0,0
Auburn,Cayuga,Millinery,21,1,$600,1,$100,1,"$1,000",0,0
Auburn,Cayuga,Piano Forte Stools,18,1,"$4,600",1,"$2,060",1,"$4,000",0,1
Auburn,Cayuga,Printing and Publishing,18,2,"$25,600",2,"$26,520",2,"$55,000",1,0
Auburn,Cayuga,Cabinet Ware,17,3,"$47,000",3,"$20,465",3,"$60,000",1,2
Auburn,Cayuga,Boots and Shoes,16,3,"$100,250",3,"$150,670",3,"$220,400",0,0
Auburn,Cayuga,"Harnesses, Saddles, and Trunks",16,2,"$11,500",2,"$6,500",2,"$12,000",0,0
Auburn,Cayuga,Brick,15,1,"$3,000",0,NA,1,"$9,000",0,1
Auburn,Cayuga,Looking Glasses,15,2,"$4,400",2,"$2,950",2,"$11,000",0,0
Auburn,Cayuga,Cooper Shops,14,1,"$25,000",1,"$21,500",1,"$30,000",1,0
Auburn,Cayuga,Planes,14,1,"$64,000",1,"$14,500",1,"$87,000",1,0
Auburn,Cayuga,Cars,10,1,"$150,000",1,"$22,839",1,"$195,000",1,0
Auburn,Cayuga,Coaches and Wagons,10,2,"$10,025",2,"$3,200",2,"$7,875",0,0
Auburn,Cayuga,Stone Quarries,9,1,"$6,000",0,NA,1,"$6,000",0,0
Auburn,Cayuga,Bakeries,4,2,"$18,500",2,"$30,105",2,"$40,112",0,0
Auburn,Cayuga,Breweries,4,2,"$8,000",2,"$13,174",2,"$15,200",0,0
Auburn,Cayuga,Candles and Soap,4,3,"$15,000",1,"$25,000",1,"$32,503",0,0
Auburn,Cayuga,Confectionery ,4,0,NA,1,$500,1,"$5,500",0,0
Auburn,Cayuga,Lamp Black and Stove Polish,4,1,"$1,500",1,$900,1,"$3,600",0,0
Auburn,Cayuga,Petroleum Refineries,4,1,"$16,000",0,NA,0,NA,0,0
Auburn,Cayuga,Carpets,3,1,"$200,000",0,NA,0,NA,0,1
Auburn,Cayuga,Paper Bags,3,1,"$34,000",1,"$80,000",1,"$110,000",0,0
Auburn,Cayuga,Blacksmithing,2,3,"$10,900",3,"$1,917",2,$750,0,0
Auburn,Cayuga,"Iron Rolling, Cutting, and Forging Works",2,1,"$50,000",1,"$43,470",1,"$35,615",1,0
Auburn,Cayuga,Machinery,2,3,"$90,000",3,"$75,400",3,"$117,850",1,2
Auburn,Cayuga,Wire and Wire Work,2,1,"$9,000",1,"$29,000",1,"$50,000",0,1
Auburn,Cayuga,Plows and Cultivators,1,1,"$5,000",1,"$3,000",1,"$9,000",1,0
Auburn,Cayuga,Reapers and Mowers,1,5,"$873,000",6,"$676,890",6,"$1,669,842",2,4
Aurelius,Cayuga,Placeholder,0,0,NA,0,NA,0,NA,0,0
Brutus,Cayuga,Clothing,21,2,"$1,300",0,NA,0,NA,0,0
Brutus,Cayuga,Cabinet Ware,17,1,$700,0,NA,0,NA,0,0
Brutus,Cayuga,Boots and Shoes,16,2,"$1,100",2,$350,2,"$1,700",0,0
Brutus,Cayuga,"Harnesses, Saddles, and Trunks",16,2,$550,1,$150,1,"$1,200",0,0
Brutus,Cayuga,Marble,15,1,"$2,000",1,"$1,000",1,"$2,400",0,0
Brutus,Cayuga,Coaches and Wagons,10,1,$150,1,$50,1,$500,0,0
Brutus,Cayuga,"Sash, Blinds, and Doors",9,1,$800,0,NA,0,NA,1,0
Brutus,Cayuga,Paints and Glazing,4,1,$50,1,$500,0,NA,0,0
Brutus,Cayuga,Blacksmithing,2,4,$800,2,"$2,700",0,NA,0,0
Brutus,Cayuga,Machinery,2,1,"$3,000",0,NA,0,NA,0,0
Brutus,Cayuga,Tin Smithing,2,1,"$6,000",1,$500,0,NA,0,0
Cato,Cayuga,Boots and Shoes,16,1,"$1,100",1,"$1,327",1,"$7,100",0,0
Cato,Cayuga,"Headings, Hoops, and Staves",14,1,"$2,000",0,NA,1,"$3,000",1,0
Cato,Cayuga,Coaches and Wagons,10,1,"$1,600",1,$210,1,"$1,088",0,0
Cato,Cayuga,Blacksmithing,2,1,$800,1,$630,1,"$2,100",0,0
Cato,Cayuga,Agricultural Implements Generally,1,1,"$3,000",1,$400,1,$820,1,0
Conquest,Cayuga,Pumps,11,2,"$1,600",2,$450,2,"$3,000",0,0
Fleming,Cayuga,Placeholder,0,0,NA,0,NA,0,NA,0,0
Genoa,Cayuga,Boots and Shoes,16,2,"$2,736",2,$921,2,"$1,765",0,0
Genoa,Cayuga,Blacksmithing,2,1,$750,1,$188,1,$600,0,0
Genoa,Cayuga,Agricultural Implements Generally,1,2,"$10,000",2,"$5,210",2,"$8,486",0,0
Ira,Cayuga,Butchering,22,1,$75,0,NA,1,"$1,000",0,0
Ira,Cayuga,Millinery,21,2,$600,1,$200,2,$950,0,0
Ira,Cayuga,Cabinet Ware,17,1,$500,1,$100,1,$600,0,0
Ira,Cayuga,Boots and Shoes,16,4,"$1,850",4,"$1,100",4,"$2,650",0,0
Ira,Cayuga,"Harnesses, Saddles, and Trunks",16,2,$650,2,$500,2,"$2,400",0,0
Ira,Cayuga,Lime and Cement,15,1,$650,0,NA,1,$550,0,0
Ira,Cayuga,Drugs and Medicines,4,1,"$2,000",0,NA,1,"$3,000",0,0
Ira,Cayuga,Blacksmithing,2,3,"$1,600",1,$800,1,"$2,500",0,0
Ira,Cayuga,Plows and Cultivators,1,1,"$3,400",1,"$3,000",1,"$3,500",0,0
Locke,Cayuga,Placeholder,0,0,NA,0,NA,0,NA,0,0
Mentz,Cayuga,Butchering,22,2,"$2,450",2,"$5,881",2,"$6,781",0,0
Mentz,Cayuga,Cigars,22,1,"$6,000",1,"$2,000",1,"$3,000",0,0
Mentz,Cayuga,Undertakers,22,1,"$1,200",1,$225,1,$800,0,0
Mentz,Cayuga,Boots and Shoes,16,3,"$2,590",3,"$2,300",3,"$1,600",0,0
Mentz,Cayuga,"Harnesses, Saddles, and Trunks",16,1,$600,1,"$1,300",1,"$2,200",0,0
Mentz,Cayuga,Marble,15,1,$515,1,$150,1,$700,0,0
Mentz,Cayuga,Plaster,15,1,"$2,500",1,$500,1,$675,0,1
Mentz,Cayuga,Coaches and Wagons,10,1,"$2,000",1,$266,1,"$2,000",0,0
Mentz,Cayuga,"Sash, Blinds, and Doors",9,1,"$1,500",1,$240,1,$800,0,0
Mentz,Cayuga,Confectionery ,4,1,"$6,000",0,NA,0,NA,0,0
Mentz,Cayuga,Distilleries,4,1,"$2,000",0,NA,1,"$6,000",0,0
Mentz,Cayuga,Iron Foundries,2,1,"$6,000",1,"$2,000",1,"$5,000",0,1
Mentz,Cayuga,Tin Smithing,2,1,"$2,000",1,"$2,000",1,$400,0,0
Mentz,Cayuga,Grain Cradles,1,1,"$4,000",1,"$6,000",0,NA,0,1
Montezuma,Cayuga,Salt,4,1,"$3,800",1,$260,1,"$2,400",1,0
Moravia,Cayuga,Undertakers,22,1,"$2,000",1,$100,1,$600,0,0
Moravia,Cayuga,Clothing,21,1,"$1,300",1,$900,1,"$1,400",0,0
Moravia,Cayuga,Boots and Shoes,16,2,"$3,000",3,"$1,800",3,"$5,300",0,0
Moravia,Cayuga,"Harnesses, Saddles, and Trunks",16,1,$800,1,$500,1,$720,0,0
Moravia,Cayuga,Brick,15,1,"$1,600",1,$210,1,$642,0,1
Moravia,Cayuga,Cooper Shops,14,3,$550,3,$381,1,"$1,250",0,0
Moravia,Cayuga,Shingles,14,1,"$2,000",0,NA,0,NA,0,0
Moravia,Cayuga,Coaches and Wagons,10,3,"$3,900",2,$400,3,"$3,300",0,0
Moravia,Cayuga,Blacksmithing,2,1,"$1,800",1,$150,1,"$1,700",0,0
Moravia,Cayuga,Tin Smithing,2,1,"$1,500",1,"$1,500",1,"$2,200",0,0
Moravia,Cayuga,Agricultural Implements Generally,1,1,"$5,000",1,"$3,000",1,"$5,000",0,1
Niles,Cayuga,Boots and Shoes,16,1,$300,1,$400,1,$700,0,0
Niles,Cayuga,"Harnesses, Saddles, and Trunks",16,1,$100,1,$700,1,"$1,500",0,0
Niles,Cayuga,Blacksmithing,2,2,$350,4,$356,3,"$1,500",0,0
Niles,Cayuga,Tin Smithing,2,1,$400,1,$400,1,$700,0,0
Owasco,Cayuga,Boots and Shoes,16,3,$800,3,"$1,800",3,"$3,600",0,0
Owasco,Cayuga,Cooper Shops,14,1,$300,1,$150,1,$200,0,0
Owasco,Cayuga,Coaches and Wagons,10,3,"$1,300",3,$850,3,"$2,550",0,0
Owasco,Cayuga,Blacksmithing,2,5,"$2,050",5,"$1,800",5,"$5,400",0,0
Scipio,Cayuga,Boots and Shoes,16,1,$300,1,$400,1,$700,0,0
Scipio,Cayuga,"Harnesses, Saddles, and Trunks",16,1,$600,1,$455,1,$781,0,0
Sempronius,Cayuga,Blacksmithing,2,2,$300,2,$225,2,$975,0,0
Sennett,Cayuga,Coaches and Wagons,10,1,"$1,300",1,"$1,500",1,"$2,500",0,1
Sennett,Cayuga,Blacksmithing,2,3,"$1,400",3,$490,2,"$1,200",0,0
Springport,Cayuga,Brick,15,1,$400,0,NA,1,"$2,250",0,1
Springport,Cayuga,Plaster,15,2,"$14,000",0,NA,1,"$14,900",0,0
Springport,Cayuga,Tiles,15,1,"$3,000",1,$30,1,"$3,000",0,1
Springport,Cayuga,Coaches and Wagons,10,1,"$2,200",1,$590,1,"$4,255",0,0
Springport,Cayuga,"Spokes, Felloes, and Bows",10,1,"$1,000",1,"$6,000",1,"$14,000",0,0
Springport,Cayuga,Gypsum Quarries,9,4,"$12,700",4,"$16,562",4,"$25,744",0,0
Springport,Cayuga,Agricultural Implements Generally,1,1,"$15,000",1,"$3,000",1,"$5,000",1,0
Sterling,Cayuga,Millinery,21,1,$500,1,"$1,000",1,"$2,000",0,0
Sterling,Cayuga,"Harnesses, Saddles, and Trunks",16,1,$350,1,$550,0,NA,0,0
Sterling,Cayuga,"Headings, Hoops, and Staves",14,1,"$3,000",1,"$2,000",1,"$4,200",1,0
Sterling,Cayuga,Lath,14,1,$400,1,$100,1,$335,0,1
Sterling,Cayuga,Coaches and Wagons,10,2,$325,1,$220,1,$440,0,0
Sterling,Cayuga,Flax Dressing,3,1,"$2,000",1,"$1,000",1,"$2,240",0,1
Sterling,Cayuga,Blacksmithing,2,2,$900,2,$591,2,"$1,800",0,0
Sterling,Cayuga,Agricultural Implements Generally,1,1,"$2,000",1,$970,1,"$1,480",1,0
Summer Hill,Cayuga,Placeholder,0,0,NA,0,NA,0,NA,0,0
Throop,Cayuga,Brick,15,1,"$2,000",1,$565,1,$800,0,1
Throop,Cayuga,Lath,14,2,$600,1,"$1,825",1,$765,0,0
Venice,Cayuga,Tiles,15,1,"$2,500",0,NA,1,"$1,300",0,1
Victory,Cayuga,Cabinet Ware,17,1,"$1,000",1,$200,1,"$1,200",0,0
Victory,Cayuga,Coaches and Wagons,10,1,"$1,000",1,$100,1,$800,0,0
Victory,Cayuga,Blacksmithing,2,2,"$3,000",2,"$2,300",2,"$5,200",0,0
Charlotte,Chautaqua,Cheese Boxes,14,1,"$1,000",1,$460,1,"$1,340",0,1
Charlotte,Chautaqua,Cooper Shops,14,1,$500,1,$188,1,$600,0,0
Charlotte,Chautaqua,Horse Powers,1,1,"$2,500",1,"$10,080",1,"$18,000",0,1
Chautauqua,Chautaqua,Boots and Shoes,16,1,"$1,000",1,$75,1,$500,0,0
Cherry Creek,Chautaqua,Cooper Shops,14,2,"$3,600",2,"$1,392",2,"$3,105",0,0
Clymer,Chautaqua,Boots and Shoes,16,4,$450,2,$450,4,"$1,710",0,0
Clymer,Chautaqua,Carpenter Shops,14,2,$175,0,NA,1,$500,0,0
Clymer,Chautaqua,Cooper Shops,14,5,"$1,000",5,$550,5,"$2,075",0,0
Dunkirk,Chautaqua,Cigars,22,1,"$2,000",1,"$4,750",1,"$10,500",0,0
Dunkirk,Chautaqua,Millinery,21,3,"$3,800",3,"$5,100",3,"$8,750",0,0
Dunkirk,Chautaqua,Boots and Shoes,16,6,"$3,550",6,"$9,875",6,"$13,000",0,0
Dunkirk,Chautaqua,Cooper Shops,14,1,$875,1,"$1,250",1,"$3,245",0,0
Ellicott,Chautaqua,Cooper Shops,14,2,"$1,200",2,"$1,454",2,"$3,657",0,1
Ellicott ,Chautaqua,Boots and Shoes,16,4,"$7,700",4,"$4,650",4,"$11,266",0,0
Ellington,Chautaqua,Boots and Shoes,16,0,NA,1,$47,1,$200,0,0
Ellington,Chautaqua,Cooper Shops,14,2,"$1,700",1,$180,1,$550,0,1
Ellington,Chautaqua,Rakes,1,1,"$1,500",0,NA,1,"$1,040",0,0
Hanover,Chautaqua,Millinery,21,3,"$1,175",2,$800,2,"$2,400",0,0
Hanover,Chautaqua,Cooper Shops,14,3,"$1,350",3,"$1,048",2,"$2,475",0,0
Harmony,Chautaqua,Boots and Shoes,16,1,$250,1,$200,1,$560,0,0
Harmony,Chautaqua,Cooper Shops,14,3,"$4,100",2,$994,3,"$3,716",1,1
Pomfret,Chautaqua,Boots and Shoes,16,2,$600,2,$500,2,$800,0,0
Pomfret,Chautaqua,Cheese Boxes,14,1,"$1,200",1,$200,1,$800,0,1
Portland,Chautaqua,Cooper Shops,14,1,$275,1,$60,1,$370,0,0
Portland,Chautaqua,Rakes,1,1,"$1,000",1,$200,1,"$1,300",0,1
Ripley,Chautaqua,Boots and Shoes,16,5,$340,5,"$1,720",5,"$4,350",0,0
Sherman,Chautaqua,Boots and Shoes,16,2,$800,2,$950,2,"$1,550",0,0
Sherman,Chautaqua,Cooper Shops,14,2,"$3,400",2,"$1,350",2,"$3,900",0,0
Stockton,Chautaqua,Boots and Shoes,16,1,$700,1,$323,1,$500,0,0
Stockton,Chautaqua,Cooper Shops,14,3,"$3,900",3,"$1,750",3,"$4,475",1,0
Villenova,Chautaqua,Boots and Shoes,16,1,$500,0,NA,1,"$2,000",0,0
Westfield_C,Chautaqua,Boots and Shoes,16,1,$200,1,"$1,000",1,"$1,500",0,0
Arkwright,Chautauqua,Placeholder,0,0,NA,0,NA,0,NA,0,0
Busti,Chautauqua,Placeholder,0,0,NA,0,NA,0,NA,0,0
Carroll,Chautauqua,Shingles,14,1,$500,1,$600,1,"$1,600",0,1
Charlotte,Chautauqua,Dentistry,20,1,$500,1,$113,1,$590,0,0
Charlotte,Chautauqua,Cabinet Ware,17,1,$500,1,$75,1,"$1,500",0,1
Charlotte,Chautauqua,"Harnesses, Saddles, and Trunks",16,1,$500,1,$550,1,"$1,000",0,0
Charlotte,Chautauqua,Blacksmithing,2,2,"$1,600",2,$565,2,"$2,100",0,0
Charlotte,Chautauqua,Tin Smithing,2,2,"$2,000",2,"$1,200",2,"$1,890",0,0
Chautauqua,Chautauqua,Coaches and Wagons,10,1,$500,1,$200,1,$500,0,0
Chautauqua,Chautauqua,Agricultural Implements Generally,1,1,"$6,000",1,$500,1,"$4,000",1,0
Cherry Creek,Chautauqua,"Harnesses, Saddles, and Trunks",16,1,$500,1,$50,1,$600,0,0
Cherry Creek,Chautauqua,Coaches and Wagons,10,2,$700,2,$180,2,"$1,300",0,0
Cherry Creek,Chautauqua,Blacksmithing,2,2,$400,0,NA,2,$900,0,0
Cherry Creek,Chautauqua,Tin Smithing,2,1,"$1,000",1,$100,1,$600,0,0
Clymer,Chautauqua,Clothing,21,3,$245,0,NA,1,$150,0,0
Clymer,Chautauqua,Dentistry,20,1,$125,1,$30,1,$250,0,0
Clymer,Chautauqua,Chairs,17,5,$740,1,$164,3,$750,0,1
Clymer,Chautauqua,"Harnesses, Saddles, and Trunks",16,1,$150,1,$100,1,$75,0,0
Clymer,Chautauqua,Coaches and Wagons,10,3,$400,2,$200,2,"$2,450",0,0
Clymer,Chautauqua,"Spokes, Felloes, and Bows",10,1,$125,0,NA,0,NA,0,0
Clymer,Chautauqua,Wooden Sleigh Shoes,10,1,$13,1,$5,1,$150,0,0
Clymer,Chautauqua,Stone Quarries,9,1,$130,0,NA,1,$300,0,0
Clymer,Chautauqua,Carding and Cloth Dressing,3,0,NA,0,NA,0,NA,0,1
Clymer,Chautauqua,Blacksmithing,2,1,$150,1,$25,1,$200,0,0
Clymer,Chautauqua,Tin Smithing,2,1,"$1,150",1,"$1,000",1,"$1,400",0,0
Clymer,Chautauqua,Agricultural Implements Generally,1,1,"$5,040",0,NA,1,"$1,000",0,1
Dunkirk,Chautauqua,Clothing,21,3,"$11,000",3,"$19,000",3,"$24,250",0,0
Dunkirk,Chautauqua,Dentistry,20,1,$300,1,$450,1,"$2,000",0,0
Dunkirk,Chautauqua,Photographing,18,1,"$7,000",1,"$1,900",1,"$3,000",0,0
Dunkirk,Chautauqua,Picture and Mirror Frames,18,1,"$2,000",1,$600,1,"$1,500",0,0
Dunkirk,Chautauqua,Cabinet Ware,17,2,"$5,800",2,"$1,550",2,"$5,000",0,0
Dunkirk,Chautauqua,"Harnesses, Saddles, and Trunks",16,2,"$1,550",2,"$1,450",2,"$3,000",0,0
Dunkirk,Chautauqua,Brick,15,2,"$3,075",2,"$2,080",2,"$6,800",0,2
Dunkirk,Chautauqua,Planing Mills,14,1,"$3,000",1,"$4,900",1,"$10,500",1,0
Dunkirk,Chautauqua,Cars,10,1,"$50,000",1,"$334,641",1,"$342,100",1,0
Dunkirk,Chautauqua,Coaches and Wagons,10,2,"$1,600",2,"$1,050",2,"$3,625",0,0
Dunkirk,Chautauqua,"Sash, Blinds, and Doors",9,1,"$2,000",1,"$5,000",1,"$8,500",0,1
Dunkirk,Chautauqua,Bakeries,4,2,"$5,000",2,"$16,705",2,"$22,575",0,0
Dunkirk,Chautauqua,Breweries,4,2,"$13,000",2,"$7,482",2,"$17,440",0,2
Dunkirk,Chautauqua,Petroleum Refineries,4,1,"$8,000",1,"$52,300",1,"$57,600",1,0
Dunkirk,Chautauqua,Machinery,2,3,"$17,750",2,"$16,500",2,"$47,250",2,0
Dunkirk,Chautauqua,Tin Smithing,2,3,"$3,750",3,"$8,140",3,"$15,825",0,0
Ellery,Chautauqua,Placeholder,0,0,NA,0,NA,0,NA,0,0
Ellicott,Chautauqua,Cabinet Ware,17,3,"$39,189",3,"$9,772",3,"$61,244",1,2
Ellicott,Chautauqua,Brick,15,1,$500,1,$340,1,"$2,100",0,1
Ellicott,Chautauqua,Marble,15,1,"$3,250",1,"$1,500",1,"$4,500",0,0
Ellicott,Chautauqua,Shingles,14,2,$500,0,NA,0,NA,0,0
Ellicott,Chautauqua,Pumps,11,1,"$1,000",1,$200,1,"$1,850",0,1
Ellicott,Chautauqua,Coaches and Wagons,10,3,"$8,750",3,"$7,665",3,"$21,240",0,0
Ellicott,Chautauqua,"Sash, Blinds, and Doors",9,3,"$17,000",3,"$11,950",3,"$30,654",0,3
Ellicott,Chautauqua,Petroleum Refineries,4,2,"$32,250",2,"$135,000",2,"$325,000",0,0
Ellicott,Chautauqua,Axes and Edge Tools,2,1,"$18,000",1,"$16,430",1,"$28,680",0,1
Ellicott,Chautauqua,Machinery,2,1,"$12,000",1,"$4,500",1,"$14,000",1,0
Ellicott,Chautauqua,Tin Smithing,2,3,"$13,000",3,"$9,280",3,"$15,150",0,0
Ellicott,Chautauqua,Agricultural Implements Generally,1,2,"$6,500",2,"$2,100",2,"$6,000",0,2
Ellicott ,Chautauqua,"Harnesses, Saddles, and Trunks",16,2,"$5,500",2,"$6,965",2,"$15,125",0,0
Ellicott ,Chautauqua,Grain Measures,1,1,"$3,500",1,"$2,495",1,"$7,875",0,1
Ellicottville,Chautauqua,Clothing,21,3,"$19,560",3,"$39,000",3,"$78,300",0,0
Ellington,Chautauqua,Coaches and Wagons,10,1,$500,0,NA,0,NA,0,0
Ellington,Chautauqua,Blacksmithing,2,1,$340,0,NA,0,NA,0,0
French Creek,Chautauqua,Placeholder,0,0,NA,0,NA,0,NA,0,0
Gerry,Chautauqua,Shingles,14,1,$500,1,$200,1,$400,1,0
Gerry,Chautauqua,Veneerings,14,1,$500,1,$75,1,$500,0,1
Gerry,Chautauqua,Carding and Cloth Dressing,3,1,$500,1,$300,1,$100,0,1
Gerry,Chautauqua,Blacksmithing,2,1,$175,1,$200,1,"$1,500",0,0
Hanover,Chautauqua,Clothing,21,1,$400,1,$400,1,$800,0,0
Hanover,Chautauqua,Cabinet Ware,17,2,"$7,000",2,"$4,300",2,"$8,400",1,1
Hanover,Chautauqua,"Harnesses, Saddles, and Trunks",16,1,"$1,000",1,"$1,000",1,"$2,000",0,0
Hanover,Chautauqua,Coaches and Wagons,10,4,"$21,000",4,"$10,200",4,"$19,200",0,0
Hanover,Chautauqua,Blacksmithing,2,3,"$1,050",3,$210,1,$600,0,0
Hanover,Chautauqua,Agricultural Implements Generally,1,2,"$30,000",2,"$11,250",2,"$46,000",1,0
Harmony,Chautauqua,Shingles,14,2,$700,1,$430,2,$810,1,1
Harmony,Chautauqua,Coaches and Wagons,10,1,$300,1,$80,1,$630,0,0
Harmony,Chautauqua,Stone Quarries,9,1,"$1,600",1,"$1,600",1,$818,0,0
Kiantone,Chautauqua,Brick,15,1,$150,1,$450,1,"$1,170",0,1
Mina,Chautauqua,Placeholder,0,0,NA,0,NA,0,NA,0,0
Poland,Chautauqua,"Spokes, Felloes, and Bows",10,1,"$2,500",1,$500,1,"$1,500",1,0
Pomfret,Chautauqua,Bedsteads,17,1,"$2,400",1,$360,1,"$1,000",0,1
Pomfret,Chautauqua,Cabinet Ware,17,4,"$16,500",4,"$2,525",4,"$6,100",0,2
Pomfret,Chautauqua,Coaches and Wagons,10,2,"$21,700",2,"$9,749",2,"$20,300",0,1
Pomfret,Chautauqua,Drugs and Medicines,4,1,"$1,500",1,$725,1,$800,1,0
Pomfret,Chautauqua,Carding and Cloth Dressing,3,1,"$4,000",1,"$8,280",1,"$9,000",0,1
Pomfret,Chautauqua,Flax Dressing,3,1,"$2,500",1,$350,1,$500,0,1
Pomfret,Chautauqua,Agricultural Implements Generally,1,1,"$3,000",1,"$2,000",1,"$4,000",0,1
Portland,Chautauqua,"Harnesses, Saddles, and Trunks",16,1,$200,1,$550,1,"$1,056",0,0
Portland,Chautauqua,"Spokes, Felloes, and Bows",10,1,"$1,000",1,$200,1,$300,0,1
Portland,Chautauqua,Blacksmithing,2,1,$200,1,$240,1,"$1,000",0,0
Portland,Chautauqua,Tin Smithing,2,1,$800,1,$559,1,$925,0,0
Ripley,Chautauqua,Agricultural Implements Generally,1,1,"$2,000",1,$650,1,"$1,525",1,0
Sheridan,Chautauqua,Placeholder,0,0,NA,0,NA,0,NA,0,0
Sherman,Chautauqua,Cabinet Ware,17,1,"$1,000",1,$400,1,"$1,200",0,0
Sherman,Chautauqua,"Harnesses, Saddles, and Trunks",16,2,"$2,200",2,"$3,100",2,"$5,700",0,0
Sherman,Chautauqua,Coaches and Wagons,10,1,"$2,000",1,"$1,175",1,"$3,750",0,0
Stockton,Chautauqua,Coaches and Wagons,10,1,$125,1,$75,1,$500,0,0
Villenova,Chautauqua,Fire Arms,19,1,$400,1,$150,1,$350,0,0
Villenova,Chautauqua,Cabinet Ware,17,1,$500,1,$20,1,$600,0,0
Villenova,Chautauqua,Marble,15,1,$500,1,$300,1,"$1,000",0,0
Villenova,Chautauqua,Coaches and Wagons,10,2,$500,1,$200,1,"$1,100",0,0
Villenova,Chautauqua,Carding and Cloth Dressing,3,1,"$2,000",1,"$11,100",1,"$12,940",0,1
Villenova,Chautauqua,Blacksmithing,2,4,"$1,550",4,$700,4,"$5,200",0,0
Westfield_C,Chautauqua,"Harnesses, Saddles, and Trunks",16,2,"$6,000",2,"$2,475",2,"$8,000",0,0
Westfield_C,Chautauqua,Coaches and Wagons,10,3,"$5,500",3,"$1,725",1,"$7,000",0,0
Westfield_C,Chautauqua,Malleable Iron,2,1,"$75,000",0,NA,0,NA,1,0
Westfield_C,Chautauqua,Tin Smithing,2,2,"$2,200",1,"$1,830",1,"$2,290",0,0
Westfield_C,Chautauqua,Agricultural Implements Generally,1,1,"$20,000",1,"$8,050",1,"$24,500",1,0
Baldwin,Chemung,Placeholder,0,0,NA,0,NA,0,NA,0,0
Big Flats,Chemung,Shingles,14,1,$150,0,NA,0,NA,0,1
Catlin,Chemung,Shingles,14,2,"$1,150",2,$830,2,"$3,105",2,0
Catlin,Chemung,Coaches and Wagons,10,1,$300,1,$100,1,$600,0,0
Catlin,Chemung,Blacksmithing,2,2,$400,2,$600,2,"$1,400",0,0
Chemung,Chemung,Brooms,17,1,$400,1,$300,1,$500,0,0
Chemung,Chemung,Boots and Shoes,16,1,$400,1,$600,1,"$1,000",0,0
Chemung,Chemung,Shingles,14,1,$600,0,NA,1,$500,1,0
Chemung,Chemung,Coaches and Wagons,10,1,$500,1,$100,1,"$1,000",0,0
Chemung,Chemung,Blacksmithing,2,2,$600,1,$175,1,$550,0,0
Elmira,Chemung,Cigars,22,4,"$18,500",4,"$8,000",4,"$21,500",0,0
Elmira,Chemung,Tobacco,22,1,"$20,000",1,"$50,000",1,"$82,500",1,0
Elmira,Chemung,Clothing,21,7,"$48,000",2,"$1,487",7,"$97,205",0,0
Elmira,Chemung,Hats and Caps,21,1,"$10,000",1,"$1,500",1,"$4,500",0,0
Elmira,Chemung,Piano Fortes,18,1,"$15,000",0,NA,0,NA,0,0
Elmira,Chemung,Printing and Publishing,18,1,"$3,000",1,$320,0,NA,0,0
Elmira,Chemung,Cabinet Ware,17,4,"$31,000",4,"$8,112",4,"$15,460",0,0
Elmira,Chemung,Boots and Shoes,16,13,"$92,600",13,"$112,970",12,"$115,440",0,0
Elmira,Chemung,"Harnesses, Saddles, and Trunks",16,2,"$23,700",2,"$12,041",2,"$63,750",0,0
Elmira,Chemung,Fire Brick and Retorts,15,1,"$8,000",1,"$1,896",1,"$5,600",0,0
Elmira,Chemung,Lime and Cement,15,1,"$5,000",1,"$5,840",1,"$12,000",0,0
Elmira,Chemung,Marble,15,3,"$7,400",3,"$5,400",3,"$13,000",0,0
Elmira,Chemung,Cooper Shops,14,1,"$1,500",0,NA,1,"$7,300",0,0
Elmira,Chemung,Saws,14,1,"$10,100",1,"$12,139",1,"$18,338",1,0
Elmira,Chemung,Paper Bags,3,0,NA,1,"$2,700",1,"$3,667",1,0
Elmira,Chemung,Shoddy,3,1,"$2,500",1,"$6,000",1,"$12,000",1,0
Elmira,Chemung,Axes and Edge Tools,2,1,"$16,000",1,"$10,250",1,"$60,000",1,0
Elmira,Chemung,Blacksmithing,2,3,$815,3,$549,3,"$2,250",0,0
Elmira,Chemung,Agricultural Implements Generally,1,2,"$2,000",2,"$6,180",2,"$11,150",2,0
Elmira  ,Chemung,Fire Arms,19,2,"$4,000",2,"$1,500",2,"$4,000",0,0
Elmira  ,Chemung,Cars,10,1,"$15,000",1,"$150,000",1,"$275,000",1,0
Elmira  ,Chemung,Coaches and Wagons,10,4,"$27,700",4,"$7,453",4,"$21,882",0,0
Elmira  ,Chemung,Stone Quarries,9,1,$650,0,NA,2,"$2,000",0,0
Elmira  ,Chemung,Steam Engines and Boilers,6,1,"$18,000",1,"$12,125",1,"$32,000",1,0
Elmira  ,Chemung,Bakeries,4,2,"$8,000",2,"$22,992",2,"$32,500",0,0
Elmira  ,Chemung,Breweries,4,2,"$9,000",2,"$13,040",2,"$15,800",1,0
Elmira  ,Chemung,Candles and Soap,4,1,"$5,000",1,"$15,200",1,"$17,100",0,0
Elmira  ,Chemung,"Coffee, Spice, and Mustard",4,1,"$15,000",1,"$12,000",1,"$14,000",1,0
Elmira  ,Chemung,Confectionery ,4,0,NA,1,"$3,000",1,"$5,000",0,0
Elmira  ,Chemung,Drugs and Medicines,4,1,"$30,000",1,"$1,000",1,"$7,567",1,0
Elmira  ,Chemung,Gas,4,1,"$50,000",1,"$15,275",1,"$30,000",1,0
Elmira  ,Chemung,Glue,4,1,"$2,000",1,$800,1,"$1,200",1,0
Elmira  ,Chemung,Malt,4,1,"$15,000",1,"$36,500",1,"$39,500",1,0
Elmira  ,Chemung,Petroleum Refineries,4,1,"$5,000",1,"$30,000",1,"$67,500",1,0
Elmira  ,Chemung,Iron Foundries,2,1,$500,1,$384,1,$840,1,0
Elmira City,Chemung,Blacksmithing,2,1,"$3,000",1,"$1,650",1,"$9,000",0,0
Elmira City,Chemung,Iron Foundries,2,1,"$17,000",1,"$10,850",1,"$33,000",1,0
Elmira City,Chemung,"Iron Rolling, Cutting, and Forging Works",2,1,"$50,000",0,NA,1,"$480,000",1,0
Elmira City,Chemung,Tin Smithing,2,5,"$87,000",5,"$49,000",5,"$78,500",0,0
Erin,Chemung,Cooper Shops,14,1,$300,1,$300,1,"$1,200",0,0
Horseheads,Chemung,Undertakers,22,1,$600,1,$239,1,$520,0,0
Horseheads,Chemung,Boots and Shoes,16,0,NA,0,NA,2,"$18,000",0,0
Horseheads,Chemung,"Harnesses, Saddles, and Trunks",16,1,$300,1,$250,1,$500,0,0
Horseheads,Chemung,Brick,15,1,"$25,000",0,NA,1,"$75,000",0,1
Horseheads,Chemung,Cooper Shops,14,1,$250,1,$168,1,$481,0,0
Horseheads,Chemung,Coaches and Wagons,10,1,"$7,000",1,"$4,550",1,"$7,650",0,0
Southport,Chemung,Cabinet Ware,17,2,$400,2,$550,2,"$1,000",0,0
Southport,Chemung,Boots and Shoes,16,4,$475,1,$920,1,"$1,790",0,0
Southport,Chemung,"Harnesses, Saddles, and Trunks",16,1,$80,1,$200,1,$450,0,0
Southport,Chemung,Plaster,15,1,"$2,500",1,"$1,718",1,"$3,060",0,1
Southport,Chemung,Cooper Shops,14,2,$250,2,$140,2,$550,0,0
Southport,Chemung,Planing Mills,14,1,"$2,500",1,"$3,000",0,NA,1,0
Southport,Chemung,Shingles,14,1,$500,1,$40,1,$200,0,1
Southport,Chemung,Coaches and Wagons,10,2,$700,1,$500,2,"$1,500",0,0
Southport,Chemung,"Sash, Blinds, and Doors",9,1,$250,1,$250,1,$800,0,0
Southport,Chemung,Carding and Cloth Dressing,3,1,"$2,000",0,NA,1,"$1,419",0,1
Southport,Chemung,Blacksmithing,2,7,"$1,640",7,"$2,075",7,"$5,375",0,0
Van Etten,Chemung,Placeholder,0,0,NA,0,NA,0,NA,0,0
Veteran,Chemung,Bedsteads,17,1,"$9,000",1,"$3,000",1,"$12,000",0,1
Veteran,Chemung,Boots and Shoes,16,1,$800,1,$700,1,"$1,300",0,0
Veteran,Chemung,Cooper Shops,14,1,"$3,000",1,"$3,900",1,"$5,500",0,1
Afton,Chenango,Cooper Shops,14,2,"$6,000",2,"$2,000",2,"$5,750",1,0
Afton,Chenango,"Spokes, Felloes, and Bows",10,1,"$12,000",1,$500,1,"$2,500",0,1
Afton,Chenango,"Sash, Blinds, and Doors",9,1,"$2,500",1,$180,1,"$1,200",0,1
Bainbridge,Chenango,Cabinet Ware,17,1,$600,1,$72,1,$800,0,0
Bainbridge,Chenango,Cooper Shops,14,1,$350,1,"$1,200",1,"$3,125",0,0
Bainbridge,Chenango,Shingles,14,1,"$1,000",1,$100,1,$600,0,1
Bainbridge,Chenango,"Spokes, Felloes, and Bows",10,0,NA,1,$80,1,$600,0,1
Bainbridge,Chenango,Carding and Cloth Dressing,3,1,"$1,000",1,"$3,000",1,"$3,240",0,1
Bainbridge,Chenango,Blacksmithing,2,3,"$1,900",3,$800,3,"$2,500",0,0
Bainbridge,Chenango,Iron Foundries,2,1,"$1,000",1,$200,1,$600,0,1
Columbus,Chenango,Cabinet Ware,17,1,$350,1,$89,1,$256,0,0
Columbus,Chenango,Boots and Shoes,16,1,$300,1,$400,1,"$1,100",0,0
Columbus,Chenango,Cooper Shops,14,1,$100,1,$122,1,$405,0,0
Columbus,Chenango,Blacksmithing,2,1,$200,1,$96,1,$200,0,0
Coventry,Chenango,Boots and Shoes,16,2,"$1,925",2,"$1,500",2,"$2,663",0,0
Coventry,Chenango,Cooper Shops,14,1,$140,1,$150,1,$500,0,0
Coventry,Chenango,Shingles,14,1,$150,0,NA,1,$600,0,1
Coventry,Chenango,Coaches and Wagons,10,1,$250,1,$150,1,$700,0,0
Coventry,Chenango,Blacksmithing,2,2,"$1,400",2,$650,2,"$2,200",0,0
Elmira,Chenango,Wooden Water Pipes and Pump Logs,11,1,"$6,000",1,"$4,100",1,"$7,486",1,0
German,Chenango,Marble,15,1,"$3,000",0,NA,1,"$4,000",0,0
German,Chenango,Cooper Shops,14,1,$100,1,$150,1,$312,0,0
Greene,Chenango,Boots and Shoes,16,2,$270,2,$150,2,$550,0,0
Greene,Chenango,Cooper Shops,14,5,$865,5,$590,5,"$2,700",0,0
Greene,Chenango,"Sash, Blinds, and Doors",9,1,$800,0,NA,0,NA,0,1
Greene,Chenango,Blacksmithing,2,3,$600,3,$215,3,"$2,950",0,0
Greene,Chenango,Cutlery,2,1,"$2,000",1,$300,0,NA,0,0
Greene,Chenango,Iron Foundries,2,1,"$6,000",1,"$2,000",1,"$8,000",1,0
Guilford,Chenango,Bedsteads,17,2,"$3,100",2,$325,2,"$4,300",0,2
Guilford,Chenango,Boots and Shoes,16,1,$600,1,$675,0,NA,0,0
Guilford,Chenango,Planing Mills,14,2,"$2,600",2,$400,0,NA,0,2
Guilford,Chenango,"Spokes, Felloes, and Bows",10,1,$200,1,"$1,000",1,"$1,500",0,1
Guilford,Chenango,Iron Foundries,2,1,"$8,000",1,"$2,000",1,"$5,000",0,1
Lincklaen,Chenango,Boots and Shoes,16,1,$800,1,$400,1,$900,0,0
Lincklaen,Chenango,Cooper Shops,14,1,$150,1,$150,1,$400,0,0
Lincklaen,Chenango,Coaches and Wagons,10,1,$200,1,$30,1,$150,0,0
Lincklaen,Chenango,Blacksmithing,2,0,NA,1,$75,1,$600,0,0
Macdonough,Chenango,Placeholder,0,0,NA,0,NA,0,NA,0,0
McDonough,Chenango,Boots and Shoes,16,1,$100,1,$300,1,$600,0,0
McDonough,Chenango,Cooper Shops,14,1,$100,1,$640,1,"$1,000",0,0
McDonough,Chenango,Coaches and Wagons,10,2,$900,2,$700,2,"$1,710",0,0
McDonough,Chenango,Blacksmithing,2,2,"$2,000",2,"$1,880",2,"$5,500",0,0
New Berlin,Chenango,Undertakers,22,2,$400,1,$200,2,$900,0,0
New Berlin,Chenango,Clothing,21,2,"$3,075",1,"$2,000",2,"$3,600",0,0
New Berlin,Chenango,Millinery,21,2,"$1,600",1,$900,2,"$2,300",0,0
New Berlin,Chenango,Cabinet Ware,17,2,$500,0,NA,2,$700,0,0
New Berlin,Chenango,Boots and Shoes,16,4,"$2,750",4,"$1,650",3,"$2,700",0,0
New Berlin,Chenango,Cooper Shops,14,5,$930,4,$480,4,"$1,989",0,0
New Berlin,Chenango,Coaches and Wagons,10,3,"$2,000",1,$500,3,"$5,400",0,0
New Berlin,Chenango,House Building,9,1,$200,0,NA,1,"$1,000",0,0
New Berlin,Chenango,Breweries,4,1,$500,0,NA,1,$600,0,0
New Berlin,Chenango,Blacksmithing,2,3,$700,0,NA,3,"$2,200",0,0
New Berlin,Chenango,Iron Foundries,2,1,"$1,000",1,$200,1,"$1,000",0,0
New Berlin,Chenango,Tin Smithing,2,2,"$2,500",0,NA,2,"$2,800",0,0
North Norwich,Chenango,Plaster,15,1,$500,1,"$2,250",1,"$3,500",0,1
Norwich,Chenango,Cigars,22,2,"$3,600",1,$800,2,"$24,000",0,0
Norwich,Chenango,Clothing,21,4,"$18,000",3,"$13,505",2,"$13,000",0,0
Norwich,Chenango,Drums,19,1,$500,1,$400,1,$600,0,0
Norwich,Chenango,Photographing,18,2,"$4,400",2,"$3,000",2,"$5,500",0,0
Norwich,Chenango,Piano Fortes,18,1,"$25,000",1,"$18,080",0,NA,1,0
Norwich,Chenango,Boots and Shoes,16,4,"$6,400",4,"$3,300",3,"$4,000",0,0
Norwich,Chenango,Marble,15,1,"$2,000",1,$700,1,"$3,000",0,0
Norwich,Chenango,Plaster,15,1,"$2,500",1,"$1,000",1,"$4,800",0,1
Norwich,Chenango,Cheese Boxes,14,2,"$4,000",2,"$3,400",1,"$3,300",2,0
Norwich,Chenango,Coaches and Wagons,10,3,"$13,300",2,"$9,000",2,"$1,800",1,0
Norwich,Chenango,"Sash, Blinds, and Doors",9,1,"$2,000",1,"$1,250",1,"$1,550",0,1
Norwich,Chenango,Asheries,4,1,$200,0,NA,0,NA,0,0
Norwich,Chenango,Bakeries,4,1,"$1,800",1,"$10,000",1,"$12,000",0,0
Norwich,Chenango,Breweries,4,1,"$4,000",0,NA,1,"$15,000",1,0
Norwich,Chenango,Confectionery ,4,1,"$6,000",1,"$25,000",1,"$120,000",0,0
Norwich,Chenango,Gas,4,1,"$15,000",1,"$3,700",1,"$4,000",0,0
Norwich,Chenango,Blacksmithing,2,2,"$3,500",2,"$1,700",2,"$6,000",0,0
Norwich,Chenango,Hammers and Skates,2,1,"$45,000",1,"$19,800",1,"$75,414",1,0
Norwich,Chenango,Iron Foundries,2,1,"$12,000",1,"$4,800",1,"$14,000",1,0
Norwich,Chenango,Tin Smithing,2,1,"$3,000",1,"$2,000",1,"$4,000",0,0
Otselic,Chenango,Boots and Shoes,16,1,$25,1,$300,1,$400,0,0
Otselic,Chenango,Asheries,4,1,$400,1,$250,0,NA,0,0
Otselic,Chenango,Carding and Cloth Dressing,3,1,$800,1,"$2,000",1,"$2,180",0,1
Otselic,Chenango,Rope and Twine,3,1,$100,1,$400,1,$600,0,0
Otselic,Chenango,Tin Smithing,2,1,$800,0,NA,0,NA,0,0
Oxford,Chenango,Cabinet Ware,17,2,"$2,200",2,$304,2,"$3,500",0,1
Oxford,Chenango,Boots and Shoes,16,1,"$1,075",1,$256,1,$700,0,0
Oxford,Chenango,Cooper Shops,14,1,"$7,050",1,"$2,040",1,"$6,000",0,0
Oxford,Chenango,"Sash, Blinds, and Doors",9,1,"$6,000",1,$700,1,"$2,000",1,0
Oxford,Chenango,Stoves,5,1,"$3,000",1,"$1,000",1,"$5,000",1,0
Oxford,Chenango,Tin Smithing,2,0,NA,1,"$2,000",0,NA,0,0
Oxford,Chenango,Hoes,1,2,"$59,000",2,"$8,205",2,"$44,950",1,1
Pharsalia,Chenango,Placeholder,0,0,NA,0,NA,0,NA,0,0
Pitcher,Chenango,Cigars,22,1,$100,1,$600,1,"$1,000",0,0
Pitcher,Chenango,Cabinet Ware,17,1,"$2,500",1,$458,1,"$2,400",0,1
Pitcher,Chenango,Boots and Shoes,16,1,$100,1,$250,1,$500,0,0
Pitcher,Chenango,Planing Mills,14,1,"$1,000",1,"$7,000",1,"$8,000",0,1
Pitcher,Chenango,Coaches and Wagons,10,1,"$1,000",1,$200,1,$800,0,0
Pitcher,Chenango,Axes and Edge Tools,2,1,"$3,000",1,$880,1,"$2,200",0,1
Pitcher,Chenango,Blacksmithing,2,4,"$1,230",4,"$1,050",4,"$3,100",0,0
Plymouth,Chenango,Boots and Shoes,16,1,$200,1,$500,1,"$1,500",0,0
Plymouth,Chenango,Blacksmithing,2,3,"$1,100",3,$250,3,"$1,600",0,0
Preston,Chenango,Cheese Boxes,14,1,$800,1,$360,0,NA,0,1
Preston,Chenango,Carding and Cloth Dressing,3,1,"$1,200",0,NA,0,NA,0,1
Preston,Chenango,Blacksmithing,2,1,$400,0,NA,0,NA,0,0
Sherburne,Chenango,Dentistry,20,1,$300,1,$100,1,$600,0,0
Sherburne,Chenango,Cabinet Ware,17,1,"$1,200",1,$100,1,"$1,200",0,0
Sherburne,Chenango,Boots and Shoes,16,2,"$2,400",2,"$2,300",2,"$4,700",0,0
Sherburne,Chenango,Plaster,15,2,"$1,950",2,"$2,450",2,"$3,900",1,1
Sherburne,Chenango,Potteries,15,1,"$2,000",1,"$1,600",1,"$3,500",0,1
Sherburne,Chenango,Cheese Boxes,14,1,"$1,000",1,$350,1,"$1,200",0,1
Sherburne,Chenango,Cooper Shops,14,1,$250,1,"$1,000",1,"$2,000",0,0
Sherburne,Chenango,Coaches and Wagons,10,1,$200,1,$170,1,$600,0,0
Sherburne,Chenango,"Sash, Blinds, and Doors",9,1,"$3,500",1,"$12,000",1,"$14,000",0,1
Sherburne,Chenango,Stone Quarries,9,0,NA,0,NA,1,"$1,600",0,0
Sherburne,Chenango,Asheries,4,2,"$1,000",2,"$1,100",2,"$3,150",0,0
Sherburne,Chenango,Blacksmithing,2,1,$550,1,$800,1,"$1,800",0,0
Sherburne,Chenango,Tin Smithing,2,2,"$3,000",1,"$1,800",1,"$2,875",0,0
Smithfield,Chenango,Planing Mills,14,1,$800,1,$200,0,NA,0,1
Smithville,Chenango,Cabinet Ware,17,1,"$1,000",1,$150,1,$950,0,0
Smithville,Chenango,Cheese Boxes,14,1,$600,1,$130,1,$450,0,1
Smithville,Chenango,Carding and Cloth Dressing,3,1,$800,1,$100,0,NA,0,1
Smyrna,Chenango,Boots and Shoes,16,1,$50,1,"$1,650",1,"$3,154",0,0
Smyrna,Chenango,Pumps,11,1,$635,1,"$3,500",1,"$5,400",0,0
Smyrna,Chenango,Coaches and Wagons,10,1,"$1,500",1,"$2,740",1,"$6,000",0,0
Smyrna,Chenango,Blacksmithing,2,2,"$1,000",2,$316,1,"$1,200",0,0
Smyrna,Chenango,Tin Smithing,2,1,"$1,000",1,$830,1,"$1,500",0,0
Veteran,Chenango,Plows and Cultivators,1,1,"$5,000",1,"$1,350",1,"$4,000",0,1
Coventry,Chenango ,"Harnesses, Saddles, and Trunks",16,1,$500,0,NA,1,"$1,224",0,0
Greene,Chenango ,"Harnesses, Saddles, and Trunks",16,1,$150,1,$200,1,"$1,500",0,0
New Berlin,Chenango ,"Harnesses, Saddles, and Trunks",16,2,$700,1,$200,1,"$1,500",0,0
Norwich,Chenango ,"Harnesses, Saddles, and Trunks",16,2,"$3,500",2,"$3,700",2,"$9,000",0,0
Otselic,Chenango ,"Harnesses, Saddles, and Trunks",16,1,$330,1,$175,1,$150,0,0
Oxford,Chenango ,"Harnesses, Saddles, and Trunks",16,1,$800,1,"$2,357",1,"$4,558",0,0
Plymouth,Chenango ,"Harnesses, Saddles, and Trunks",16,1,$250,1,$600,1,$900,0,0
Sherburne,Chenango ,"Harnesses, Saddles, and Trunks",16,2,$775,2,"$1,069",2,"$3,500",0,0
Smyrna,Chenango ,"Harnesses, Saddles, and Trunks",16,1,$75,1,$400,1,$600,0,0
Altona,Clinton,Charcoal,22,1,"$9,200",1,"$6,075",1,"$13,500",0,0
Altona,Clinton,Shingles,14,4,"$3,200",4,"$4,100",4,"$12,650",0,4
Ausable,Clinton,Stone Quarries,9,1,$100,0,NA,1,$136,0,0
Ausable,Clinton,Starch,4,1,"$3,000",1,"$1,200",1,"$2,080",0,1
Ausable,Clinton,Horseshow Nails,2,1,"$40,000",1,"$67,849",1,"$120,000",1,0
Ausable,Clinton,Iron Foundries,2,1,"$20,000",1,"$5,340",1,"$14,110",0,1
Beekmantown,Clinton,Coaches and Wagons,10,2,$400,2,$200,2,$900,0,0
Beekmantown,Clinton,Asheries,4,2,"$1,000",1,"$1,100",1,"$1,875",0,0
Beekmantown,Clinton,Blacksmithing,2,4,$850,4,$933,2,"$1,600",0,0
Beekmantown,Clinton,Plows and Cultivators,1,1,$600,1,$870,1,"$4,720",0,1
Black Brook,Clinton,Brick,15,1,$500,1,"$2,400",1,"$4,000",0,1
Black Brook,Clinton,Coaches and Wagons,10,2,"$1,000",2,$230,2,"$1,650",0,0
Black Brook,Clinton,Iron Mining,9,2,"$70,500",2,"$10,050",2,"$140,000",1,1
Black Brook,Clinton,Blacksmithing,2,3,"$1,400",3,"$3,545",3,"$7,700",0,0
Champlain,Clinton,Hay Pressing,22,1,"$2,500",1,"$12,000",1,"$21,000",0,1
Champlain,Clinton,Brick,15,1,"$1,000",1,$225,1,"$1,500",0,1
Champlain,Clinton,Planing Mills,14,1,"$12,000",1,"$96,000",1,"$120,000",1,0
Champlain,Clinton,Shingles,14,3,"$6,800",3,"$5,800",3,"$15,000",0,3
Champlain,Clinton,Asheries,4,1,$500,1,$600,1,"$1,000",0,0
Champlain,Clinton,Rope and Twine,3,1,"$45,000",1,"$45,000",1,"$70,000",0,1
Champlain,Clinton,Iron Foundries,2,1,"$30,000",1,"$34,000",1,"$70,000",1,0
Chazy,Clinton,Pails and Tubs,17,1,"$3,000",1,$300,1,"$1,625",0,1
Chazy,Clinton,Lime and Cement,15,2,"$1,100",2,"$1,375",2,"$1,750",0,1
Chazy,Clinton,Shingles,14,2,"$4,000",0,NA,0,NA,0,2
Chazy,Clinton,Coaches and Wagons,10,1,$300,1,$29,1,$165,0,0
Chazy,Clinton,Starch,4,1,"$8,500",0,NA,0,NA,0,0
Chazy,Clinton,Blacksmithing,2,2,"$1,200",2,$795,2,"$3,500",0,0
Clinton_C,Clinton,Boots and Shoes,16,1,NA,0,NA,0,NA,0,0
Clinton_D,Clinton,Coaches and Wagons,10,1,NA,0,NA,0,NA,0,0
Dannemora,Clinton,Boots and Shoes,16,2,"$100,050",2,"$200,000",0,NA,0,0
Ellenburgh,Clinton,Brick,15,1,"$1,000",0,NA,1,"$1,500",0,1
Ellenburgh,Clinton,"Headings, Hoops, and Staves",14,1,"$3,000",1,"$3,600",1,"$6,640",1,0
Ellenburgh,Clinton,Starch,4,2,"$5,000",1,"$4,200",1,"$5,100",0,2
Mooers,Clinton,Boots and Shoes,16,3,$600,3,$730,3,"$1,400",0,0
Mooers,Clinton,"Harnesses, Saddles, and Trunks",16,0,NA,1,$200,1,$400,0,0
Mooers,Clinton,"Headings, Hoops, and Staves",14,2,"$7,000",2,"$4,200",2,"$12,000",1,1
Peru,Clinton,Cabinet Ware,17,1,$600,1,$200,1,$600,0,0
Peru,Clinton,Pails and Tubs,17,1,"$3,500",1,$550,1,"$2,550",0,1
Peru,Clinton,Marble,15,1,$500,1,$500,1,"$1,000",0,0
Peru,Clinton,Coaches and Wagons,10,2,"$2,100",2,"$1,460",2,"$1,400",0,0
Plattsburgh,Clinton,Clothing,21,1,"$7,000",1,"$3,000",1,"$7,000",0,0
Plattsburgh,Clinton,Cabinet Ware,17,2,"$6,550",2,"$2,030",2,"$7,100",0,0
Plattsburgh,Clinton,Boots and Shoes,16,3,"$14,336",4,"$16,359",4,"$36,000",0,0
Plattsburgh,Clinton,"Harnesses, Saddles, and Trunks",16,3,"$1,800",3,"$4,800",3,"$10,500",0,0
Plattsburgh,Clinton,Brick,15,1,$500,0,NA,1,"$1,400",0,1
Plattsburgh,Clinton,Planing Mills,14,1,"$1,700",1,$720,0,NA,0,1
Plattsburgh,Clinton,Shingles,14,1,"$2,000",1,"$1,000",1,"$5,600",0,1
Plattsburgh,Clinton,Coaches and Wagons,10,1,"$4,000",1,"$1,500",1,"$7,000",0,0
Plattsburgh,Clinton,"Sash, Blinds, and Doors",9,1,"$2,500",1,"$1,200",1,"$3,000",0,1
Plattsburgh,Clinton,Boat Building,7,1,"$45,000",0,NA,1,"$12,000",0,0
Plattsburgh,Clinton,Asheries,4,1,"$2,500",1,"$2,500",1,"$4,600",0,0
Plattsburgh,Clinton,Bakeries,4,1,"$2,000",1,"$14,195",1,"$24,000",0,0
Plattsburgh,Clinton,Confectionery ,4,2,"$12,600",2,"$10,100",2,"$165,000",0,0
Plattsburgh,Clinton,Starch,4,4,"$22,800",3,"$7,575",4,"$17,250",0,4
Plattsburgh,Clinton,Tar and Turpentine,4,4,"$6,500",2,"$2,100",4,"$21,650",0,2
Plattsburgh,Clinton,Blacksmithing,2,3,$950,1,$100,2,"$1,000",0,0
Plattsburgh,Clinton,Iron Foundries,2,1,"$40,000",1,"$28,000",1,"$65,000",0,1
Plattsburgh,Clinton,Tin Smithing,2,2,"$1,800",2,"$3,300",2,"$3,750",0,0
Saranac,Clinton,Placeholder,0,0,NA,0,NA,0,NA,0,0
Schuyler Falls,Clinton,Boots and Shoes,16,2,$750,2,"$1,262",2,"$2,485",0,0
Schuyler Falls,Clinton,"Harnesses, Saddles, and Trunks",16,1,$300,1,"$1,100",1,"$2,150",0,0
Schuyler Falls,Clinton,Lime and Cement,15,1,"$3,000",0,NA,1,"$3,000",0,0
Schuyler Falls,Clinton,Starch,4,3,"$10,500",3,"$9,900",3,"$15,810",0,2
Schuyler Falls,Clinton,Carding and Cloth Dressing,3,2,"$2,300",0,NA,2,"$1,500",0,2
Schuyler Falls,Clinton,Plows and Cultivators,1,1,"$4,000",1,"$3,300",1,"$6,300",0,1
Ancram,Columbia,Iron Mining,9,1,"$1,000,000",0,NA,0,NA,0,0
Ancram,Columbia,Lead Mining,9,1,"$100,000",0,NA,0,NA,0,0
Austerlitz,Columbia,Carding and Cloth Dressing,3,1,$300,0,NA,1,"$1,000",0,1
Austerlitz,Columbia,Agricultural Implements Generally,1,1,"$2,000",1,"$5,000",0,NA,0,1
Canaan,Columbia,Stone Quarries,9,1,"$30,000",0,NA,1,"$10,000",0,0
Canaan,Columbia,Candles and Soap,4,1,$250,1,$350,0,NA,0,0
Chatham,Columbia,Butchering,22,3,"$1,700",3,"$5,100",0,NA,0,0
Chatham,Columbia,Millinery,21,1,"$1,000",0,NA,1,"$1,000",0,0
Chatham,Columbia,Pumps,11,1,"$3,000",1,$750,1,"$2,250",0,1
Chatham,Columbia,"Cotton Batting, Wadding, and Waste",3,1,"$20,000",1,"$28,800",0,NA,0,1
Chatham,Columbia,Tin Smithing,2,1,"$2,500",1,"$2,250",1,"$3,000",0,0
Chatham,Columbia,Agricultural Implements Generally,1,1,"$2,000",1,$900,1,"$2,000",1,0
Claverack,Columbia,Hosiery,21,7,"$166,500",7,"$305,958",7,"$438,458",5,7
Claverack,Columbia,Cabinet Ware,17,3,"$3,000",0,NA,0,NA,0,0
Claverack,Columbia,Knit Goods,3,1,"$60,000",1,"$96,000",1,"$156,000",1,1
Claverack,Columbia,Blacksmithing,2,3,"$1,800",3,"$1,800",3,"$2,700",0,0
Claverack,Columbia,Machinery,2,2,"$8,000",1,"$2,150",1,"$20,000",0,1
Clermont,Columbia,Butchering,22,1,"$3,500",0,NA,0,NA,0,0
Clermont,Columbia,"Harnesses, Saddles, and Trunks",16,1,$200,1,$100,0,NA,0,0
Clermont,Columbia,Coaches and Wagons,10,2,$200,2,$200,0,NA,0,0
Clermont,Columbia,Blacksmithing,2,1,"$1,000",1,$100,0,NA,0,0
Clermont,Columbia,Machinery,2,1,"$2,500",1,$600,1,$300,1,0
Copake,Columbia,Boots and Shoes,16,2,$575,2,"$1,300",2,"$2,500",0,0
Copake,Columbia,Coaches and Wagons,10,4,"$1,350",4,"$6,500",,,0,0
Copake,Columbia,Iron Mining,9,2,"$120,000",0,NA,2,"$80,000",1,0
Copake,Columbia,Blacksmithing,2,7,"$2,600",7,"$2,423",5,"$4,400",0,0
Copake,Columbia,Tin Smithing,2,1,$350,1,$400,1,$600,0,0
Gallatin,Columbia,Coaches and Wagons,10,1,$500,1,$250,,,0,0
Gallatin,Columbia,Blacksmithing,2,2,"$1,400",2,$570,2,"$2,030",0,0
Gallatin,Columbia,Iron Foundries,2,1,"$2,000",1,$350,1,$800,0,1
Germantown,Columbia,Placeholder,0,0,NA,0,NA,0,NA,0,0
Ghent,Columbia,Coaches and Wagons,10,3,"$1,800",3,"$3,400",0,NA,0,0
Ghent,Columbia,Agricultural Implements Generally,1,1,$500,1,$250,0,NA,0,0
Greenport,Columbia,Chairs,17,0,NA,0,NA,1,$300,0,0
Greenport,Columbia,Coaches and Wagons,10,1,$200,0,NA,,,0,0
Greenport,Columbia,Stone Quarries,9,1,"$1,000",0,NA,1,"$16,000",0,0
Greenport,Columbia,Glue,4,0,NA,0,NA,1,"$4,000",0,0
Greenport,Columbia,Blacksmithing,2,0,NA,0,NA,3,"$2,500",0,0
Hillsdale,Columbia,Coaches and Wagons,10,1,$600,0,NA,0,NA,0,0
Hillsdale,Columbia,Iron Mining,9,1,NA,0,NA,0,NA,0,0
Hillsdale,Columbia,Blacksmithing,2,1,$500,1,$500,1,"$1,500",0,0
Hillsdale,Columbia,Tin Smithing,2,1,"$2,200",1,$800,1,$600,0,0
Hillsdale,Columbia,Plows and Cultivators,1,1,"$2,000",1,$400,1,"$1,500",0,1
Hudson,Columbia,Clothing,21,3,"$66,000",3,"$62,000",3,"$94,000",0,0
Hudson,Columbia,Boots and Shoes,16,1,"$10,000",1,"$25,000",1,"$45,000",0,0
Hudson,Columbia,Cooper Shops,14,1,"$4,000",1,"$2,500",1,"$16,800",0,0
Hudson,Columbia,Stoves,5,1,"$25,180",1,"$21,028",1,"$26,348",1,0
Hudson,Columbia,Bakeries,4,1,"$25,000",1,"$37,330",0,NA,0,0
Hudson,Columbia,Breweries,4,2,"$230,000",2,"$175,800",2,"$318,000",2,0
Hudson,Columbia,Candles and Soap,4,0,NA,0,NA,0,NA,1,0
Hudson,Columbia,Malt,4,0,NA,1,"$120,000",0,NA,1,0
Hudson,Columbia,Iron Foundries,2,1,"$40,000",1,"$21,450",1,"$37,500",1,0
Kinderhook,Columbia,Cigars,22,2,"$2,150",2,$668,2,"$1,650",0,0
Kinderhook,Columbia,Clothing,21,1,$60,1,$150,1,$350,0,0
Kinderhook,Columbia,Hoop Skirts,21,1,"$8,000",1,"$20,000",1,"$21,000",0,0
Kinderhook,Columbia,Millinery,21,3,"$1,050",3,$950,3,"$2,405",0,0
Kinderhook,Columbia,Dentistry,20,2,$750,2,"$1,100",2,"$2,800",0,0
Kinderhook,Columbia,Boots and Shoes,16,4,$750,4,"$1,259",4,"$2,790",0,0
Kinderhook,Columbia,"Harnesses, Saddles, and Trunks",16,2,"$3,000",2,"$3,300",2,"$5,750",0,0
Kinderhook,Columbia,Coaches and Wagons,10,5,"$1,250",4,$625,3,"$1,935",0,0
Kinderhook,Columbia,House Building,9,1,"$1,000",1,"$8,000",1,"$12,000",0,0
Kinderhook,Columbia,Bakeries,4,1,"$5,000",1,"$6,000",1,"$9,000",0,0
Kinderhook,Columbia,"Cotton Batting, Wadding, and Waste",3,1,"$20,000",1,"$6,054",1,"$30,000",0,1
Kinderhook,Columbia,Blacksmithing,2,6,"$3,400",6,"$1,420",4,"$4,000",0,0
Kinderhook,Columbia,Machinery,2,1,"$4,000",0,NA,0,NA,0,1
Kinderhook,Columbia,Tin Smithing,2,1,"$13,000",1,"$4,600",1,"$9,200",0,0
Livingston,Columbia,Fisheries,22,1,"$3,000",0,NA,1,"$3,600",0,0
Livingston,Columbia,"Beds, Mattresses, and Mattress Stuffings",17,1,"$3,080",1,$800,1,"$1,830",0,1
Livingston,Columbia,Coaches and Wagons,10,4,"$1,900",0,NA,0,NA,0,0
Livingston,Columbia,Iron Mining,9,2,NA,0,NA,0,NA,0,0
Livingston,Columbia,Blacksmithing,2,3,"$1,400",2,"$1,017",2,$434,0,0
New Lebanon,Columbia,Butchering,22,1,$500,1,"$8,880",1,"$10,880",0,0
New Lebanon,Columbia,"Beds, Mattresses, and Mattress Stuffings",17,1,"$1,200",1,$750,1,"$2,000",1,0
New Lebanon,Columbia,Brooms,17,1,$400,1,"$1,500",1,"$2,400",1,0
New Lebanon,Columbia,"Harnesses, Saddles, and Trunks",16,1,$500,1,"$1,500",1,"$3,500",0,0
New Lebanon,Columbia,Barometers and Thermometers,8,2,"$2,700",2,"$4,146",2,"$11,122",2,0
New Lebanon,Columbia,Tin Smithing,2,1,$800,1,"$4,300",1,"$5,200",0,0
Stockport,Columbia,Candles and Soap,4,1,"$2,200",1,"$4,640",1,"$5,400",0,0
Stuyvesant,Columbia,Placeholder,0,0,NA,0,NA,0,NA,0,0
Taghkanick,Columbia,Boots and Shoes,16,1,$25,1,$500,1,$700,0,0
Taghkanick,Columbia,Coaches and Wagons,10,2,"$1,100",2,"$1,450",2,"$2,400",0,0
Taghkanick,Columbia,Blacksmithing,2,3,$625,3,$410,2,$250,0,0
Taghkanick,Columbia,Plows and Cultivators,1,1,"$1,000",1,$600,1,"$1,620",0,1
Cincinnatus,Cortland,Fire Arms,19,1,"$1,500",1,$800,1,"$2,500",0,0
Cincinnatus,Cortland,"Harnesses, Saddles, and Trunks",16,1,"$1,000",1,"$1,000",1,"$1,600",0,0
Cincinnatus,Cortland,Agricultural Implements Generally,1,1,"$3,600",1,"$2,840",0,NA,0,1
Cortlandville,Cortland,Cabinet Ware,17,3,"$14,700",3,"$4,950",3,"$11,740",0,0
Cortlandville,Cortland,Marble,15,1,"$3,000",0,NA,1,"$3,000",0,0
Cortlandville,Cortland,Potteries,15,1,"$6,400",1,"$1,600",1,"$4,000",0,1
Cortlandville,Cortland,Cooper Shops,14,3,"$5,100",3,"$14,600",3,"$20,400",1,1
Cortlandville,Cortland,Planing Mills,14,0,NA,0,NA,1,$300,0,0
Cortlandville,Cortland,Coaches and Wagons,10,2,"$4,000",1,"$1,100",1,"$2,700",0,0
Cortlandville,Cortland,"Sash, Blinds, and Doors",9,1,"$1,000",1,$180,1,$550,0,1
Cortlandville,Cortland,Linsed Oil,4,1,"$39,000",1,"$30,000",1,"$34,000",0,1
Cortlandville,Cortland,Carding and Cloth Dressing,3,1,"$1,000",0,NA,1,$400,0,1
Cortlandville,Cortland,Agricultural Implements Generally,1,1,"$15,000",1,"$5,900",1,"$5,800",1,0
Cuyler,Cortland,Coaches and Wagons,10,1,$250,0,NA,0,NA,0,0
Cuyler,Cortland,Linsed Oil,4,1,"$5,000",1,"$5,000",1,"$5,000",0,1
Freetown,Cortland,Cooper Shops,14,1,$250,1,$425,1,$750,0,0
Harford,Cortland,Cooper Shops,14,1,"$1,200",1,$800,1,"$1,350",0,0
Homer,Cortland,Cigars,22,1,"$2,000",1,"$2,000",1,"$5,000",0,0
Homer,Cortland,Clothing,21,2,"$4,000",2,"$7,500",2,"$15,500",0,0
Homer,Cortland,Taxidermy,18,1,"$4,000",1,"$3,000",1,"$3,900",0,0
Homer,Cortland,Cabinet Ware,17,1,"$2,500",1,"$1,600",1,"$5,000",0,0
Homer,Cortland,Boots and Shoes,16,1,"$10,500",1,"$6,000",1,"$11,100",0,0
Homer,Cortland,"Harnesses, Saddles, and Trunks",16,1,"$1,850",1,"$1,000",1,"$3,000",0,0
Homer,Cortland,Shoe Pegs,16,1,"$3,000",0,NA,1,"$1,600",0,1
Homer,Cortland,Cooper Shops,14,2,"$1,600",2,"$3,400",2,"$6,600",0,0
Homer,Cortland,Planing Mills,14,1,"$2,700",0,NA,1,"$3,000",1,0
Homer,Cortland,Mill Gearing and Machinery,13,2,"$18,000",2,"$11,450",2,"$22,000",1,1
Homer,Cortland,Coaches and Wagons,10,5,"$7,000",5,"$5,910",5,"$17,090",0,2
Homer,Cortland,Breweries,4,1,"$1,000",1,"$1,350",1,"$2,700",0,0
Homer,Cortland,Distilleries,4,1,"$1,000",1,$510,0,NA,0,0
Homer,Cortland,Flax Dressing,3,1,"$8,000",1,"$7,500",1,"$11,500",0,1
Homer,Cortland,Axes and Edge Tools,2,1,"$1,555",1,$555,1,"$1,450",0,1
Homer,Cortland,Blacksmithing,2,1,$250,1,$120,1,$800,0,0
Homer,Cortland,Tin Smithing,2,1,"$10,000",1,"$4,000",1,"$8,000",0,0
Lapeer,Cortland,Placeholder,0,0,NA,0,NA,0,NA,0,0
Marathon,Cortland,Cabinet Ware,17,1,"$1,000",1,$100,1,$600,0,0
Marathon,Cortland,Boots and Shoes,16,2,"$2,800",2,"$3,400",2,"$7,200",0,0
Marathon,Cortland,"Harnesses, Saddles, and Trunks",16,2,"$1,300",2,"$1,900",2,"$4,200",0,0
Marathon,Cortland,Coaches and Wagons,10,1,"$1,000",1,$275,1,"$1,500",0,0
Marathon,Cortland,Blacksmithing,2,2,"$1,000",2,"$1,650",2,"$4,000",0,0
Preble,Cortland,Boots and Shoes,16,3,$850,3,"$1,900",3,"$7,640",0,0
Preble,Cortland,"Harnesses, Saddles, and Trunks",16,1,$550,1,$400,1,$950,0,0
Preble,Cortland,Cooper Shops,14,1,$125,1,$200,1,$600,0,0
Preble,Cortland,"Headings, Hoops, and Staves",14,1,$700,1,$200,1,$750,1,0
Scott,Cortland,Linsed Oil,4,1,"$1,500",1,"$25,000",1,"$35,000",0,1
Scott,Cortland,Flax Dressing,3,3,"$3,000",3,"$4,500",0,NA,0,1
Solon,Cortland,Placeholder,0,0,NA,0,NA,0,NA,0,0
Taylor,Cortland,Placeholder,0,0,NA,0,NA,0,NA,0,0
Truxton,Cortland,Cooper Shops,14,1,"$1,500",1,"$1,500",1,"$4,000",0,0
Truxton,Cortland,Coaches and Wagons,10,1,$200,1,$98,1,$334,0,0
Truxton,Cortland,"Sash, Blinds, and Doors",9,1,"$2,000",1,"$1,860",1,"$4,200",0,1
Virgil,Cortland,Placeholder,0,0,NA,0,NA,0,NA,0,0
Willett,Cortland,Placeholder,0,0,NA,0,NA,0,NA,0,0
Andes,Delaware,Cabinet Ware,17,2,"$1,300",1,$300,2,"$2,100",0,0
Andes,Delaware,Boots and Shoes,16,2,$600,2,"$1,000",1,"$1,000",0,0
Andes,Delaware,Cooper Shops,14,2,"$3,000",1,"$5,150",1,"$10,600",0,1
Andes,Delaware,Coaches and Wagons,10,2,"$2,100",2,"$1,020",2,"$1,500",0,0
Andes,Delaware,Carding and Cloth Dressing,3,1,$500,0,NA,0,NA,0,1
Andes,Delaware,Blacksmithing,2,2,$250,2,$250,0,NA,0,0
Andes,Delaware,Plows and Cultivators,1,1,"$1,000",1,$125,1,"$1,200",0,1
Bovina,Delaware,Millinery,21,1,$50,1,$80,1,$150,0,0
Bovina,Delaware,Boots and Shoes,16,4,$230,4,"$3,552",4,"$5,038",0,0
Bovina,Delaware,"Harnesses, Saddles, and Trunks",16,1,$100,1,$508,1,$814,0,0
Bovina,Delaware,Carpenter Shops,14,1,$150,1,$50,1,$125,0,0
Bovina,Delaware,Cooper Shops,14,1,"$1,100",1,$898,1,"$1,741",0,1
Bovina,Delaware,Coaches and Wagons,10,1,$150,1,$45,1,$349,0,0
Bovina,Delaware,Blacksmithing,2,3,$650,3,$504,3,$718,0,0
Bovina,Delaware,Tin Smithing,2,1,$400,1,$644,1,$965,0,0
Colchester,Delaware,Cabinet Ware,17,1,$800,1,$625,1,"$1,300",0,0
Colchester,Delaware,Coaches and Wagons,10,1,$600,1,$145,1,$600,0,0
Colchester,Delaware,Blacksmithing,2,2,"$1,800",2,"$1,140",2,"$2,500",0,0
Colchester,Delaware,Tin Smithing,2,1,"$2,500",1,"$2,395",1,"$3,625",0,0
Davenport,Delaware,Cabinet Ware,17,1,"$1,200",1,$400,1,$700,0,0
Davenport,Delaware,Boots and Shoes,16,1,$500,1,$500,1,"$1,200",0,0
Davenport,Delaware,Cooper Shops,14,2,$375,2,$690,2,"$3,000",0,0
Davenport,Delaware,Carding and Cloth Dressing,3,1,"$1,000",0,NA,0,NA,0,1
Davenport,Delaware,Rakes,1,1,$700,1,$250,1,"$1,400",0,1
Delhi,Delaware,Millinery,21,2,"$1,000",2,$500,1,"$1,000",0,0
Delhi,Delaware,Photographing,18,2,"$1,150",1,$850,1,$75,0,0
Delhi,Delaware,Cabinet Ware,17,1,"$2,000",1,$800,1,"$2,000",0,0
Delhi,Delaware,Boots and Shoes,16,1,$100,1,$35,1,$200,0,0
Delhi,Delaware,"Harnesses, Saddles, and Trunks",16,1,"$9,000",1,"$1,800",1,"$14,000",0,0
Delhi,Delaware,Cooper Shops,14,1,"$3,000",1,"$4,500",1,"$5,500",0,1
Delhi,Delaware,Clocks and Watches,8,2,"$7,000",0,NA,0,NA,0,0
Delhi,Delaware,Blacksmithing,2,2,"$1,400",2,"$1,800",2,"$3,500",0,0
Delhi,Delaware,Plows and Cultivators,1,1,$800,1,$100,1,"$1,080",0,0
Franklin_D,Delaware,Cabinet Ware,17,1,"$2,500",1,$250,1,$600,1,0
Franklin_D,Delaware,Boots and Shoes,16,1,$200,1,$500,1,"$2,175",0,0
Franklin_D,Delaware,"Harnesses, Saddles, and Trunks",16,1,$100,1,$576,1,$950,0,0
Franklin_D,Delaware,Coaches and Wagons,10,2,"$11,100",2,"$1,650",2,"$4,035",0,0
Franklin_D,Delaware,Blacksmithing,2,1,$650,1,$493,1,"$1,200",0,0
Franklin_D,Delaware,Tin Smithing,2,1,"$2,200",1,$325,2,"$4,200",0,0
Franklin_D,Delaware,Plows and Cultivators,1,1,"$5,000",1,$455,1,"$35,000",1,0
Hamden,Delaware,Clothing,21,1,"$1,000",0,NA,1,"$1,500",0,0
Hamden,Delaware,Boots and Shoes,16,2,$400,2,$390,2,"$1,185",0,0
Hamden,Delaware,Coaches and Wagons,10,2,"$1,150",0,NA,2,"$1,141",0,0
Hamden,Delaware,Blacksmithing,2,2,$600,2,$356,2,$800,0,0
Hamden,Delaware,Agricultural Implements Generally,1,1,"$1,000",2,$722,2,"$1,963",0,1
Hancock,Delaware,Placeholder,0,0,NA,0,NA,0,NA,0,0
Harpersfield,Delaware,Cooper Shops,14,1,$600,1,$240,1,$600,0,0
Harpersfield,Delaware,Coaches and Wagons,10,2,"$1,250",1,$250,1,"$1,500",0,0
Harpersfield,Delaware,Carding and Cloth Dressing,3,1,"$1,000",1,"$1,200",1,"$1,300",0,1
Harpersfield,Delaware,Blacksmithing,2,1,$300,1,$400,1,$800,0,0
Harpersfield,Delaware,Iron Foundries,2,1,"$1,500",1,$60,1,$240,0,1
Kortright,Delaware,"Harnesses, Saddles, and Trunks",16,1,$300,1,$200,1,$700,0,0
Kortright,Delaware,Blacksmithing,2,2,"$1,200",2,$600,2,"$1,500",0,0
Masonville,Delaware,Cabinet Ware,17,1,$200,1,$25,1,$175,0,0
Masonville,Delaware,Boots and Shoes,16,1,$100,2,"$1,475",2,"$3,000",0,0
Masonville,Delaware,"Harnesses, Saddles, and Trunks",16,1,$75,1,$700,1,"$1,000",0,0
Masonville,Delaware,Cooper Shops,14,2,$600,2,$575,2,"$1,075",0,0
Masonville,Delaware,Lath,14,2,$650,2,$80,2,$640,0,2
Masonville,Delaware,Shingles,14,1,$100,1,$100,1,$300,0,1
Masonville,Delaware,Blacksmithing,2,2,"$1,400",2,$810,2,"$2,900",0,0
Masonville,Delaware,Tin Smithing,2,1,$100,1,$500,1,$600,0,0
Meredith,Delaware,Placeholder,0,0,NA,0,NA,0,NA,0,0
Middletown_D,Delaware,Boots and Shoes,16,4,$740,4,"$1,710",4,"$3,300",0,0
Middletown_D,Delaware,"Harnesses, Saddles, and Trunks",16,2,$700,2,"$1,004",2,"$1,890",0,0
Middletown_D,Delaware,Cooper Shops,14,1,"$1,500",1,"$1,500",1,"$2,600",0,1
Middletown_D,Delaware,Coaches and Wagons,10,3,"$1,900",3,$380,3,"$2,500",0,0
Middletown_D,Delaware,Carding and Cloth Dressing,3,2,"$2,000",2,"$8,950",2,"$10,509",0,2
Middletown_D,Delaware,Blacksmithing,2,5,"$2,700",5,"$2,670",4,"$5,800",0,0
Roxbury,Delaware,Butchering,22,1,$400,1,$870,1,"$1,210",0,0
Roxbury,Delaware,Dentistry,20,1,$150,1,$90,1,$433,0,0
Roxbury,Delaware,Cabinet Ware,17,2,"$1,150",2,$165,1,$400,0,0
Roxbury,Delaware,Boots and Shoes,16,2,"$2,200",2,"$1,750",2,"$4,500",0,0
Roxbury,Delaware,"Harnesses, Saddles, and Trunks",16,1,"$1,200",1,$600,1,"$2,500",0,0
Roxbury,Delaware,Cooper Shops,14,1,$800,1,$800,1,"$1,000",0,0
Roxbury,Delaware,Coaches and Wagons,10,3,"$1,300",1,$315,2,"$1,340",0,0
Roxbury,Delaware,Blacksmithing,2,5,"$2,300",2,"$1,480",2,"$2,100",0,0
Roxbury,Delaware,Iron Foundries,2,1,"$1,450",0,NA,0,NA,0,0
Roxbury,Delaware,Tin Smithing,2,1,"$1,000",1,$600,1,"$1,100",0,0
Sidney,Delaware,Boots and Shoes,16,3,$550,3,$750,3,"$1,190",0,0
Sidney,Delaware,Coaches and Wagons,10,2,"$1,150",1,$175,1,$450,0,0
Sidney,Delaware,Blacksmithing,2,1,$300,1,$146,1,$500,0,0
Stamford,Delaware,Boots and Shoes,16,1,"$8,000",1,"$2,500",1,"$4,000",0,0
Stamford,Delaware,Agricultural Implements Generally,1,1,"$3,000",0,NA,1,"$3,000",0,0
Tompkins,Delaware,Placeholder,0,0,NA,0,NA,0,NA,0,0
Walton,Delaware,Cabinet Ware,17,1,"$1,500",1,$680,1,"$1,400",0,1
Walton,Delaware,"Harnesses, Saddles, and Trunks",16,1,"$1,050",1,$700,1,"$1,500",0,0
Walton,Delaware,Marble,15,1,"$1,500",1,"$5,000",1,"$8,000",0,1
Walton,Delaware,Coaches and Wagons,10,2,"$2,600",2,"$1,616",2,"$4,445",0,0
Walton,Delaware,"Sash, Blinds, and Doors",9,1,"$1,000",1,$500,1,"$3,000",0,0
Walton,Delaware,Tin Smithing,2,1,$700,1,"$2,000",1,"$3,000",0,0
Amenia,Ducthess,"Spokes, Felloes, and Bows",10,1,"$4,000",1,"$5,000",1,"$10,000",0,1
Fishkill,Ducthess,Iron Foundries,2,1,"$3,000",0,NA,1,"$14,000",1,0
Poughkeepsie (City+Town),Ducthess,Axes and Edge Tools,2,1,"$2,000",1,"$1,819",1,"$3,000",1,0
Poughkeepsie (City+Town),Ducthess,Iron Foundries,2,2,"$35,000",2,"$35,335",2,"$60,000",2,0
Washington,Ducthess,Iron Foundries,2,1,"$1,500",1,"$2,500",1,"$3,900",0,1
Amenia,Dutchess,"Harnesses, Saddles, and Trunks",16,1,"$2,000",1,"$2,200",1,"$4,000",0,0
Amenia,Dutchess,Coaches and Wagons,10,2,"$7,000",2,"$5,320",2,"$8,500",0,1
Amenia,Dutchess,"Condensed Milk, Cider, and Coffee",4,1,"$12,500",1,"$256,837",1,"$288,331",0,1
Amenia,Dutchess,Grain Cradles,1,1,$250,1,$67,1,$480,0,0
Amenia,Dutchess,Rakes,1,2,"$3,200",2,$855,2,"$4,300",0,2
Beekman ,Dutchess,Placeholder,0,0,NA,0,NA,0,NA,0,0
Clinton_D,Dutchess,Coaches and Wagons,10,1,"$1,500",1,$100,1,"$1,000",0,1
Clinton_D,Dutchess,Stone Quarries,9,1,"$50,000",0,NA,0,NA,0,0
Cortlandville,Dutchess,Gas,4,1,"$50,000",1,"$4,540",1,"$10,000",0,0
Dover,Dutchess,Lime and Cement,15,1,$100,0,NA,1,$225,0,0
Dover,Dutchess,Marble,15,2,"$2,000",1,$500,2,"$5,000",0,1
Dover,Dutchess,Coaches and Wagons,10,1,$800,1,$175,1,"$1,000",0,0
Dover,Dutchess,Blacksmithing,2,1,"$1,200",1,"$1,200",1,"$2,500",0,0
Dover,Dutchess,Tin Smithing,2,1,"$1,500",0,NA,0,NA,0,0
East Fishkill,Dutchess,Butchering,22,1,"$2,200",1,"$4,000",1,"$5,000",0,0
East Fishkill,Dutchess,Coaches and Wagons,10,1,$250,1,$60,0,NA,0,0
East Fishkill,Dutchess,Iron Mining,9,1,"$9,000",0,NA,1,"$10,500",1,0
East Fishkill,Dutchess,Blacksmithing,2,3,"$1,300",3,"$2,350",3,"$5,000",0,0
Fishkill,Dutchess,Butchering,22,2,"$7,700",2,"$33,532",2,"$39,582",0,0
Fishkill,Dutchess,Cigars,22,1,"$10,000",1,"$7,500",1,"$30,000",1,0
Fishkill,Dutchess,Tobacco,22,1,"$5,000",1,"$2,925",1,"$15,000",0,0
Fishkill,Dutchess,Clothing,21,1,"$1,500",1,"$1,000",0,NA,0,0
Fishkill,Dutchess,Combs,21,1,"$1,000",0,NA,0,NA,0,1
Fishkill,Dutchess,Hats and Caps,21,2,"$90,000",2,"$198,000",2,"$726,529",0,2
Fishkill,Dutchess,Pencil Cases,18,1,"$1,000",1,$400,1,"$1,500",0,0
Fishkill,Dutchess,Printing and Publishing,18,1,$900,1,$400,1,"$1,600",0,0
Fishkill,Dutchess,Cabinet Ware,17,2,"$5,700",2,$900,1,"$1,000",0,0
Fishkill,Dutchess,Boots and Shoes,16,4,"$1,450",1,$75,2,"$1,700",0,0
Fishkill,Dutchess,"Harnesses, Saddles, and Trunks",16,1,$500,1,$75,1,"$1,000",0,0
Fishkill,Dutchess,Brick,15,2,"$9,000",2,"$7,100",2,"$13,300",1,1
Fishkill,Dutchess,Marble,15,1,"$1,000",1,$400,1,"$1,200",0,0
Fishkill,Dutchess,Carpenter Shops,14,0,NA,1,"$4,000",0,NA,0,0
Fishkill,Dutchess,Bands and Belting,13,1,"$7,000",1,"$10,000",1,"$11,250",0,0
Fishkill,Dutchess,Coaches and Wagons,10,3,"$5,300",1,$900,2,"$22,000",0,0
Fishkill,Dutchess,Bakeries,4,1,$900,1,"$3,756",1,"$8,675",0,0
Fishkill,Dutchess,Calico Printing,4,1,"$100,000",0,NA,0,NA,1,1
Fishkill,Dutchess,Candles and Soap,4,2,"$4,000",2,"$6,000",2,"$12,500",0,0
Fishkill,Dutchess,India Rubber Goods,4,1,"$200,000",1,"$134,683",1,"$220,000",0,1
Fishkill,Dutchess,Vinegar,4,1,$500,1,"$1,600",1,"$2,000",0,0
Fishkill,Dutchess,Blacksmithing,2,2,"$1,700",1,$300,1,$600,0,0
Fishkill,Dutchess,Files,2,2,"$12,500",2,"$19,000",2,"$78,016",0,2
Fishkill,Dutchess,Machinery,2,1,"$35,000",1,"$95,000",1,"$280,000",1,0
Fishkill,Dutchess,Tin Smithing,2,1,"$2,000",1,"$2,000",1,"$4,000",0,0
Fishkill,Dutchess,Reapers and Mowers,1,1,"$8,000",1,"$7,844",1,"$21,585",0,1
Hyde Park,Dutchess,Ice,22,1,"$30,000",0,NA,0,NA,0,0
La Grange,Dutchess,Butchering,22,1,"$1,000",1,"$4,500",1,"$6,500",0,0
La Grange,Dutchess,Coaches and Wagons,10,2,$550,2,$375,2,$700,0,0
La Grange,Dutchess,Blacksmithing,2,5,"$1,400",4,$170,5,"$3,450",0,0
Milan,Dutchess,Butchering,22,1,$200,1,$850,1,"$1,275",0,0
Milan,Dutchess,Boots and Shoes,16,3,"$2,400",3,"$1,600",3,"$3,600",0,0
Milan,Dutchess,Coaches and Wagons,10,3,"$1,550",3,$820,3,"$2,400",0,0
Milan,Dutchess,Blacksmithing,2,4,"$2,700",4,"$1,725",4,"$4,500",0,0
Milton,Dutchess,Charcoal,22,1,$750,1,$750,1,"$2,455",0,0
Northeast,Dutchess,Iron Mining,9,1,"$100,000",0,NA,1,"$3,000",0,0
Northeast,Dutchess,Fanning Mills,1,1,"$1,000",0,NA,1,"$1,750",0,1
Pawling,Dutchess,Placeholder,0,0,NA,0,NA,0,NA,0,0
Pine Plains,Dutchess,Boots and Shoes,16,1,"$2,500",1,"$3,000",1,"$7,000",0,0
Pleasant Valley,Dutchess,Placeholder,0,0,NA,0,NA,0,NA,0,0
Poughkeepsie (City+Town),Dutchess,Cigars,22,1,"$1,000",1,"$1,000",1,"$4,000",0,0
Poughkeepsie (City+Town),Dutchess,Clothing,21,3,"$7,100",7,"$12,400",6,"$10,800",0,0
Poughkeepsie (City+Town),Dutchess,Ladies' Cloaks,21,0,NA,4,"$5,300",3,"$6,160",0,0
Poughkeepsie (City+Town),Dutchess,Millinery,21,6,"$3,000",6,"$3,400",6,"$6,600",0,0
Poughkeepsie (City+Town),Dutchess,Artificial Teeth,20,1,"$5,000",1,"$2,911",1,"$6,000",0,0
Poughkeepsie (City+Town),Dutchess,Photographing,18,1,"$1,500",1,"$1,500",1,"$3,000",0,0
Poughkeepsie (City+Town),Dutchess,Cabinet Ware,17,2,"$48,000",2,"$10,000",2,"$50,000",0,0
Poughkeepsie (City+Town),Dutchess,Chairs,17,2,"$26,200",2,"$21,591",2,"$47,587",1,1
Poughkeepsie (City+Town),Dutchess,Boots and Shoes,16,4,"$1,300",4,"$1,300",4,"$3,800",0,0
Poughkeepsie (City+Town),Dutchess,"Harnesses, Saddles, and Trunks",16,0,NA,1,$800,1,"$1,600",0,0
Poughkeepsie (City+Town),Dutchess,Brick,15,1,"$21,000",1,"$3,600",1,"$71,000",0,1
Poughkeepsie (City+Town),Dutchess,Lime and Cement,15,1,"$5,000",1,$500,1,"$1,600",0,0
Poughkeepsie (City+Town),Dutchess,Potteries,15,1,"$15,000",1,"$3,900",1,"$15,000",0,0
Poughkeepsie (City+Town),Dutchess,Stone Cutting,15,0,NA,1,"$1,000",0,NA,0,1
Poughkeepsie (City+Town),Dutchess,Cooper Shops,14,9,"$78,900",9,"$58,551",9,"$111,585",2,0
Poughkeepsie (City+Town),Dutchess,Mill Gearing and Machinery,13,1,"$6,000",1,"$5,200",1,"$7,000",0,1
Poughkeepsie (City+Town),Dutchess,Coaches and Wagons,10,5,"$55,000",5,"$14,800",3,"$34,000",0,0
Poughkeepsie (City+Town),Dutchess,Breweries,4,3,"$204,500",3,"$133,250",3,"$224,760",1,2
Poughkeepsie (City+Town),Dutchess,Candles and Soap,4,3,"$19,000",3,"$33,300",3,"$41,731",0,0
Poughkeepsie (City+Town),Dutchess,Drugs and Medicines,4,1,"$35,000",1,"$38,883",1,"$48,950",0,0
Poughkeepsie (City+Town),Dutchess,Gas,4,1,"$84,000",1,"$19,000",1,"$30,000",0,0
Poughkeepsie (City+Town),Dutchess,Carpets,3,2,"$78,000",2,"$60,800",2,"$143,762",0,1
Poughkeepsie (City+Town),Dutchess,Rag Carpets,3,1,$300,1,$500,1,"$2,200",0,0
Poughkeepsie (City+Town),Dutchess,Rope and Twine,3,1,"$6,000",1,"$6,250",1,"$9,500",0,0
Poughkeepsie (City+Town),Dutchess,Blacksmithing,2,2,"$3,000",2,"$1,050",2,"$1,750",0,0
Poughkeepsie (City+Town),Dutchess,Moulding Sand,2,1,"$11,000",0,NA,1,"$6,250",0,0
Poughkeepsie (City+Town),Dutchess,Pins,2,1,"$25,000",0,NA,1,"$50,000",0,1
Poughkeepsie (City+Town),Dutchess,Saddlery and Coach Hardware,2,1,"$50,000",0,NA,0,NA,1,0
Poughkeepsie (City+Town),Dutchess,Tin Smithing,2,2,"$13,000",2,"$3,550",2,"$9,000",0,0
Poughkeepsie (City+Town),Dutchess,Reapers and Mowers,1,3,"$98,000",3,"$108,350",3,"$338,000",2,0
Poughkeepsie (City+Town) (City+Town),Dutchess,"Sash, Blinds, and Doors",9,1,"$8,000",1,"$2,500",1,"$5,200",0,1
Poughkeepsie (City+Town) (City+Town),Dutchess,Whiting,4,1,"$28,000",1,"$45,000",1,"$67,764",0,0
Red Hook,Dutchess,Boots and Shoes,16,1,$300,1,"$1,200",1,"$1,100",0,0
Red Hook,Dutchess,Cooper Shops,14,4,"$1,700",4,"$4,900",4,"$10,100",0,0
Red Hook,Dutchess,Coaches and Wagons,10,1,$100,1,$9,1,$550,0,0
Red Hook,Dutchess,Blankets,3,1,"$10,000",1,"$7,200",1,"$15,000",0,1
Red Hook,Dutchess,Blacksmithing,2,2,$900,2,$680,2,"$4,500",0,0
Red Hook,Dutchess,Tin Smithing,2,1,"$9,000",1,"$2,000",1,"$3,000",0,0
Rhinebeck,Dutchess,Cigars,22,1,"$1,000",1,$300,1,"$1,200",0,0
Rhinebeck,Dutchess,Fisheries,22,16,"$2,450",11,"$2,150",16,"$7,011",0,0
Rhinebeck,Dutchess,Cabinet Ware,17,1,"$3,000",1,"$2,000",1,"$4,000",0,0
Rhinebeck,Dutchess,Boots and Shoes,16,1,$350,2,$450,1,$800,0,0
Rhinebeck,Dutchess,"Harnesses, Saddles, and Trunks",16,1,$800,1,$800,1,"$3,000",0,0
Rhinebeck,Dutchess,Marble,15,1,"$2,000",1,$500,1,"$2,500",1,0
Rhinebeck,Dutchess,Cooper Shops,14,1,$150,1,$100,1,$600,0,0
Rhinebeck,Dutchess,Coaches and Wagons,10,3,"$1,750",3,"$1,550",3,"$6,100",0,0
Rhinebeck,Dutchess,House Building,9,2,"$6,000",2,"$7,000",2,"$14,000",0,0
Rhinebeck,Dutchess,"Sash, Blinds, and Doors",9,1,"$1,000",1,$500,1,"$3,000",0,0
Rhinebeck,Dutchess,Bakeries,4,1,"$5,000",0,NA,1,"$6,000",0,0
Rhinebeck,Dutchess,Paints and Glazing,4,1,$300,1,$300,1,$600,0,0
Rhinebeck,Dutchess,Carding and Cloth Dressing,3,1,"$1,000",0,NA,0,NA,0,1
Rhinebeck,Dutchess,Blacksmithing,2,3,"$1,200",3,"$1,200",3,"$6,300",0,0
Rhinebeck,Dutchess,Machinery,2,1,"$10,000",0,NA,1,"$30,000",1,0
Rhinebeck,Dutchess,Tin Smithing,2,1,$800,1,"$1,054",1,"$2,019",0,0
Rhinebeck,Dutchess,Plows and Cultivators,1,1,"$2,000",1,$500,1,"$1,000",0,0
Stanford,Dutchess,Axle-Trees,10,1,"$10,000",1,"$5,025",1,"$12,000",0,1
Union Vale,Dutchess,Coaches and Wagons,10,1,$800,1,$400,1,"$1,000",0,0
Union Vale,Dutchess,Blacksmithing,2,1,$400,1,$800,1,"$2,000",0,0
Washington,Dutchess,Coffee Mills,17,1,"$1,500",1,"$3,500",1,"$6,500",0,1
Washington,Dutchess,Blacksmithing,2,3,"$1,150",3,$285,3,"$2,200",0,0
Alden,Erie,Placeholder,0,0,NA,0,NA,0,NA,0,0
Amherst,Erie,Bedsteads,17,1,"$1,000",0,NA,0,NA,0,0
Amherst,Erie,Brooms,17,1,"$2,000",1,$200,1,"$1,200",0,1
Amherst,Erie,Lime and Cement,15,1,"$5,000",0,NA,1,"$30,000",0,0
Amherst,Erie,"Headings, Hoops, and Staves",14,2,"$11,000",0,NA,2,"$20,000",2,0
Amherst,Erie,Stone Quarries,9,1,"$2,100",1,"$6,500",1,"$8,000",0,0
Amherst,Erie,Breweries,4,1,"$10,000",1,"$12,000",1,"$18,000",1,0
Aurora,Erie,Clothing,21,1,$500,1,$500,1,$900,0,0
Aurora,Erie,Bedsteads,17,1,"$1,200",1,$200,1,$750,0,1
Aurora,Erie,"Harnesses, Saddles, and Trunks",16,1,$200,1,$600,1,"$1,500",0,0
Aurora,Erie,Coaches and Wagons,10,1,$700,1,$165,1,"$1,000",0,0
Aurora,Erie,Blacksmithing,2,2,"$1,000",2,$950,2,"$2,200",0,0
Aurora,Erie,Iron Foundries,2,1,"$2,000",1,"$1,100",1,"$2,500",1,0
Aurora,Erie,Tin Smithing,2,1,$700,1,$500,1,$800,0,0
Boston,Erie,Bells,2,1,"$10,000",1,"$5,000",1,"$20,000",0,1
Brandt,Erie,Boots and Shoes,16,1,$700,1,"$1,005",1,"$1,700",0,0
Brandt,Erie,Cooper Shops,14,1,$200,1,$160,1,$640,0,0
Brandt,Erie,Coaches and Wagons,10,1,"$3,000",1,"$1,750",1,"$5,000",0,0
Brandt,Erie,Blacksmithing,2,2,"$1,100",2,$800,2,"$3,240",0,0
Buffalo,Erie,Butchering,22,4,NA,0,NA,0,NA,0,0
Buffalo,Erie,Cigars,22,9,"$13,500",9,"$20,940",9,"$55,780",0,0
Buffalo,Erie,Show Card Writing,22,0,NA,1,$200,1,"$1,000",0,0
Buffalo,Erie,Tobacco,22,1,"$100,000",1,"$80,000",1,"$129,000",1,0
Buffalo,Erie,Undertakers,22,1,"$7,000",1,"$1,200",1,"$4,000",0,0
Buffalo,Erie,Vulcanizers,22,0,NA,1,"$2,000",1,"$5,500",0,0
Buffalo,Erie,Clothing,21,19,"$97,600",18,"$142,900",20,"$319,800",0,0
Buffalo,Erie,Hair,21,2,$800,0,NA,1,"$1,200",0,0
Buffalo,Erie,Hats and Caps,21,5,"$58,000",2,"$3,000",2,"$8,500",1,0
Buffalo,Erie,Hoop Skirts,21,0,NA,3,"$1,200",3,"$2,000",0,0
Buffalo,Erie,Ladies' Cloaks,21,2,"$28,000",3,"$82,000",3,"$76,000",0,0
Buffalo,Erie,Millinery,21,4,"$11,000",7,"$30,700",7,"$59,700",0,0
Buffalo,Erie,Artificial Limbs,20,1,$500,1,$100,1,"$1,500",0,0
Buffalo,Erie,Dentistry,20,1,$150,1,$500,1,"$1,200",0,0
Buffalo,Erie,Surgical Instruments,20,1,$500,1,$300,1,"$1,000",0,0
Buffalo,Erie,Fire Arms,19,1,"$10,000",0,NA,0,NA,0,0
Buffalo,Erie,Envelopes,18,1,"$120,000",0,NA,0,NA,1,0
Buffalo,Erie,Jewelry,18,1,"$1,000",1,$600,1,"$1,200",0,0
Buffalo,Erie,Melodeons,18,1,"$265,000",1,"$77,118",1,"$266,434",1,0
Buffalo,Erie,Organs,18,1,"$15,500",1,"$5,000",1,"$13,400",0,0
Buffalo,Erie,Piano Fortes,18,2,"$28,800",2,"$24,750",2,"$38,000",1,0
Buffalo,Erie,Picture and Mirror Frames,18,1,"$30,000",2,"$13,000",2,"$108,000",1,0
Buffalo,Erie,Printing and Publishing,18,12,"$255,225",4,"$3,807",4,"$18,241",9,0
Buffalo,Erie,Billiard Tables,17,1,"$1,000",1,2400,0,NA,0,0
Buffalo,Erie,Brushes,17,1,"$2,100",1,$950,1,"$5,500",0,0
Buffalo,Erie,Cabinet Ware,17,11,"$36,200",10,"$30,200",12,"$72,100",3,0
Buffalo,Erie,Chairs,17,2,"$20,000",2,"$7,500",2,"$29,000",2,0
Buffalo,Erie,Pails and Tubs,17,1,"$30,000",1,"$15,100",1,"$32,000",1,0
Buffalo,Erie,Upholstery,17,0,NA,2,"$2,040",2,"$2,670",0,0
Buffalo,Erie,Boots and Shoes,16,20,"$28,380",18,"$52,790",22,"$90,410",0,0
Buffalo,Erie,"Harnesses, Saddles, and Trunks",16,7,"$19,700",10,"$8,795",10,"$25,300",0,0
Buffalo,Erie,Hose,16,0,NA,1,"$3,500",1,"$5,000",0,0
Buffalo,Erie,"Lasts, Boot-Trees, and Crimps",16,1,"$25,000",1,"$4,000",1,"$12,000",1,0
Buffalo,Erie,Leather Dressers,16,1,"$7,000",1,"$44,750",1,"$107,850",0,0
Buffalo,Erie,Razor Strops,16,1,"$1,800",1,"$1,800",0,NA,0,0
Buffalo,Erie,Whips,16,1,$168,1,$245,1,$755,0,0
Buffalo,Erie,Brick,15,3,"$3,200",1,"$2,000",1,"$30,000",0,2
Buffalo,Erie,Glass Staining,15,0,NA,1,"$1,500",1,"$3,000",0,0
Buffalo,Erie,Marble,15,3,"$18,000",3,"$8,200",3,"$31,000",0,0
Buffalo,Erie,Carpenter Shops,14,1,"$1,000",3,"$7,500",3,"$21,000",0,0
Buffalo,Erie,Cooper Shops,14,22,"$112,150",22,"$262,496",22,"$315,780",2,0
Buffalo,Erie,"Headings, Hoops, and Staves",14,2,"$65,000",1,"$15,600",2,"$46,000",2,0
Buffalo,Erie,Planing Mills,14,4,"$111,000",5,"$182,500",4,"$206,500",4,0
Buffalo,Erie,Shingles,14,2,"$79,000",1,"$10,000",2,"$92,000",1,0
Buffalo,Erie,Shooks,14,3,"$40,000",3,"$29,280",3,"$72,000",3,0
Buffalo,Erie,Scales,12,1,"$70,000",1,"$15,000",1,"$40,000",1,0
Buffalo,Erie,Bellows,11,2,"$8,000",2,"$4,624",2,"$17,451",0,1
Buffalo,Erie,Car Wheels,10,1,"$25,000",1,"$100,000",1,"$150,000",0,0
Buffalo,Erie,Cars,10,1,"$170,000",1,"$120,000",0,NA,1,0
Buffalo,Erie,Coaches and Wagons,10,12,"$51,875",12,"$26,106",12,"$60,320",1,0
Buffalo,Erie,House Building,9,2,"$8,500",2,"$10,760",2,"$30,000",0,0
Buffalo,Erie,"Sash, Blinds, and Doors",9,5,"$23,025",5,"$26,100",5,"$31,000",4,0
Buffalo,Erie,Blocks and Mast Hoops,7,2,"$3,160",1,$100,2,"$4,500",1,0
Buffalo,Erie,Boat Building,7,2,"$2,000",2,"$2,990",1,"$13,000",0,0
Buffalo,Erie,Sails,7,1,"$5,000",1,"$5,492",1,"$6,800",0,0
Buffalo,Erie,Steam Boilers,6,2,"$32,000",2,"$32,500",2,"$161,400",2,0
Buffalo,Erie,Steam Engines and Boilers,6,9,"$643,600",7,"$256,107",9,"$840,960",9,0
Buffalo,Erie,Stoves,5,1,"$6,000",1,"$1,500",1,"$10,000",1,0
Buffalo,Erie,Asheries,4,1,"$4,200",1,"$3,200",1,"$7,000",0,0
Buffalo,Erie,Bakeries,4,8,"$86,453",8,"$125,700",8,"$191,562",2,0
Buffalo,Erie,Bone Black and Bone Manure,4,1,"$4,000",1,"$3,600",1,"$9,000",1,0
Buffalo,Erie,Breweries,4,23,"$288,000",23,"$295,983",23,"$506,279",9,6
Buffalo,Erie,Candles and Soap,4,5,"$47,500",3,"$66,510",4,"$93,510",1,0
Buffalo,Erie,"Coffee, Spice, and Mustard",4,1,"$10,000",1,"$25,000",1,"$100,000",1,0
Buffalo,Erie,Confectionery ,4,3,"$34,000",0,NA,2,"$5,400",0,0
Buffalo,Erie,Distilleries,4,1,"$1,000",1,"$21,500",1,"$22,946",0,0
Buffalo,Erie,Drugs and Medicines,4,1,"$1,000",3,"$5,000",3,"$9,000",0,0
Buffalo,Erie,Gas,4,1,"$600,000",1,"$102,400",1,"$237,700",1,0
Buffalo,Erie,Glue,4,1,"$11,664",1,"$4,965",0,NA,0,0
Buffalo,Erie,Malt,4,2,"$10,000",2,"$65,600",2,"$87,000",0,0
Buffalo,Erie,Paints and Glazing,4,1,"$7,000",1,"$8,500",1,"$15,000",0,0
Buffalo,Erie,Petroleum Refineries,4,5,"$195,000",4,"$362,000",4,"$548,599",5,0
Buffalo,Erie,Vinegar,4,2,"$14,500",2,"$21,072",2,"$73,440",1,0
Buffalo,Erie,Washing Blueing,4,1,$250,1,$500,1,"$1,020",0,0
Buffalo,Erie,Writing Ink and Blacking,4,1,"$1,500",1,$500,1,"$1,600",0,0
Buffalo,Erie,Rope and Twine,3,3,"$17,500",2,"$17,860",2,"$36,000",1,0
Buffalo,Erie,Axes and Edge Tools,2,2,"$75,000",2,"$50,000",2,"$82,000",2,0
Buffalo,Erie,Blacksmithing,2,10,"$7,300",10,"$4,775",9,"$14,380",0,0
Buffalo,Erie,"Bolts, Nuts, and Washers",2,1,"$25,000",1,"$16,600",1,"$60,000",1,0
Buffalo,Erie,Brass and Copper Ware,2,4,"$83,800",3,"$50,920",4,"$103,700",4,0
Buffalo,Erie,Files,2,1,$600,0,NA,1,"$4,800",1,0
Buffalo,Erie,Gas Fixtures and Plumbing,2,1,$500,1,$500,1,"$1,000",0,0
Buffalo,Erie,Hammers and Skates,2,1,"$5,000",1,"$1,500",1,"$8,000",1,0
Buffalo,Erie,Iron Foundries,2,3,"$32,500",1,$250,2,"$106,600",3,0
Buffalo,Erie,Iron Railings,2,1,$600,1,"$3,000",1,"$12,558",1,0
Buffalo,Erie,"Iron Rolling, Cutting, and Forging Works",2,4,"$145,000",4,"$161,232",4,"$226,709",3,0
Buffalo,Erie,Locks,2,1,"$1,200",1,$200,1,$900,0,0
Buffalo,Erie,Machinery,2,1,"$15,000",1,"$3,000",1,"$7,500",1,0
Buffalo,Erie,"Pressed, Stamped, and Painted Tin Ware",2,1,"$20,000",1,"$32,500",1,"$60,000",1,0
Buffalo,Erie,Safes,2,2,"$15,600",2,"$8,600",2,"$12,900",1,0
Buffalo,Erie,Silver Ware,2,1,"$1,000",1,"$10,000",1,"$12,500",1,0
Buffalo,Erie,Tin Smithing,2,13,"$90,050",13,"$109,583",13,"$150,895",0,0
Buffalo,Erie,Agricultural Implements Generally,1,1,"$30,000",1,"$37,124",1,"$55,000",1,0
Buffalo,Erie,Plows and Cultivators,1,0,NA,1,$200,1,$350,0,0
Buffalo,Erie,Reapers and Mowers,1,1,"$15,000",1,"$5,030",1,"$10,000",1,0
Buffalo,Erie,Threshing Machines,1,1,"$60,000",1,"$63,500",1,"$120,000",1,0
Chitawauga,Erie,Brooms,17,1,"$1,250",1,$350,1,$500,0,0
Chitawauga,Erie,Coaches and Wagons,10,1,$500,1,$400,1,$570,0,0
Chitawauga,Erie,Distilleries,4,1,"$10,000",1,"$30,000",1,"$100,000",1,0
Clarence,Erie,Boots and Shoes,16,2,$700,2,"$1,025",2,"$2,907",0,0
Clarence,Erie,"Harnesses, Saddles, and Trunks",16,2,$200,2,"$1,100",2,"$2,000",0,0
Clarence,Erie,Brick,15,0,NA,1,$400,1,"$3,200",0,1
Clarence,Erie,Lime and Cement,15,1,"$1,000",1,$680,1,"$1,500",0,0
Clarence,Erie,Wood Turning,14,1,$500,1,$75,1,$600,0,0
Clarence,Erie,Coaches and Wagons,10,2,$775,1,$150,1,"$1,850",0,0
Clarence,Erie,Asheries,4,1,"$1,000",1,"$1,300",1,"$2,000",0,0
Clarence,Erie,Blacksmithing,2,2,"$1,000",2,"$1,100",2,"$3,800",0,0
Clarence,Erie,Tin Smithing,2,1,$500,1,$200,1,$600,0,0
Clarence,Erie,Rakes,1,1,"$3,000",1,"$1,100",1,"$3,500",0,1
Colden,Erie,Shingles,14,1,"$1,500",1,$200,1,$700,0,1
Collins,Erie,Cheese Boxes,14,1,"$1,000",1,"$1,170",1,"$2,000",0,1
Collins,Erie,Planing Mills,14,1,"$3,000",1,"$8,000",1,"$115,000",0,1
Collins,Erie,Shingles,14,3,$900,3,"$1,650",3,"$4,750",0,2
Collins,Erie,Pumps,11,1,"$1,000",1,$830,1,"$3,250",0,1
Collins,Erie,Coaches and Wagons,10,2,"$2,800",1,$150,2,"$1,490",1,1
Collins,Erie,Breweries,4,1,"$1,000",1,"$1,100",1,"$2,250",0,0
Collins,Erie,Carding and Cloth Dressing,3,1,"$2,000",1,"$10,500",1,"$12,350",0,1
Collins,Erie,Agricultural Implements Generally,1,1,"$20,000",1,"$37,550",1,"$87,000",0,1
Collins,Erie,Rakes,1,1,"$1,000",1,$100,1,"$1,400",0,1
Concord,Erie,Planes,14,1,$400,1,$50,1,$300,0,1
Concord,Erie,Carding and Cloth Dressing,3,1,"$7,500",1,"$6,586",0,NA,0,1
Concord,Erie,Iron Foundries,2,1,"$20,000",0,NA,0,NA,0,1
East Hamburgh,Erie,Boots and Shoes,16,1,$600,1,"$1,200",1,"$2,000",0,0
East Hamburgh,Erie,"Harnesses, Saddles, and Trunks",16,1,$800,1,$800,1,"$1,800",0,0
Eden,Erie,Clothing,21,1,$225,0,NA,1,$900,0,0
Eden,Erie,Dentistry,20,1,$500,1,$800,1,$200,0,0
Eden,Erie,Boots and Shoes,16,1,$100,1,$500,2,"$1,600",0,0
Eden,Erie,Cooper Shops,14,1,"$5,000",1,"$2,000",1,"$15,000",1,0
Eden,Erie,Wood Turning,14,1,"$1,000",1,$400,1,$700,0,1
Eden,Erie,Coaches and Wagons,10,0,NA,1,$200,1,$500,0,0
Eden,Erie,Breweries,4,1,"$7,900",1,"$4,700",1,"$8,815",0,1
Eden,Erie,Tin Smithing,2,0,NA,1,$450,1,$800,0,0
Elma,Erie,Chairs,17,1,"$1,600",1,$200,1,"$2,000",0,1
Elma,Erie,Cheese Boxes,14,1,$500,1,$700,1,"$2,000",1,0
Elma,Erie,Shingles,14,1,$500,1,$200,1,$600,1,0
Evans,Erie,Butchering,22,2,$300,2,"$2,352",1,"$1,300",0,0
Evans,Erie,Millinery,21,3,"$2,150",3,"$2,600",2,"$1,100",0,0
Evans,Erie,Boots and Shoes,16,5,"$2,300",5,"$3,986",5,"$9,020",0,0
Evans,Erie,"Harnesses, Saddles, and Trunks",16,2,$250,2,$780,2,"$1,400",0,0
Evans,Erie,Brick,15,3,$700,0,NA,3,"$1,320",0,2
Evans,Erie,Marble,15,1,$400,1,"$1,500",1,"$3,000",0,0
Evans,Erie,Tiles,15,0,NA,0,NA,1,$250,0,1
Evans,Erie,Cheese Boxes,14,1,$800,1,$900,1,"$2,700",0,1
Evans,Erie,Lath,14,2,"$1,000",2,$125,2,$597,0,2
Evans,Erie,Shingles,14,1,"$1,000",1,"$1,500",1,"$1,400",1,0
Evans,Erie,Coaches and Wagons,10,3,"$2,850",2,$200,3,"$4,250",0,0
Evans,Erie,Blacksmithing,2,3,"$1,400",3,$700,3,"$2,500",0,0
Evans,Erie,Tin Smithing,2,1,$700,1,"$1,400",1,"$1,800",0,0
Grand Island,Erie,Boots and Shoes,16,1,$260,1,$752,0,NA,0,0
Grand Island,Erie,Blacksmithing,2,1,$400,1,$185,0,NA,0,0
Hamburgh,Erie,Cigars,22,1,$250,1,$223,1,"$2,313",0,0
Hamburgh,Erie,Undertakers,22,1,$100,1,$120,1,$400,0,0
Hamburgh,Erie,Clothing,21,4,$385,4,"$2,260",4,"$2,535",0,0
Hamburgh,Erie,Cabinet Ware,17,2,$750,2,$302,2,$682,0,0
Hamburgh,Erie,Boots and Shoes,16,7,$355,7,"$1,880",7,"$2,405",0,0
Hamburgh,Erie,"Harnesses, Saddles, and Trunks",16,4,"$1,750",4,"$1,860",4,"$4,300",0,0
Hamburgh,Erie,Marble,15,1,$100,1,$250,1,$600,0,0
Hamburgh,Erie,Cheese Boxes,14,1,$200,1,$240,1,$800,0,0
Hamburgh,Erie,Lath,14,2,$270,2,$112,2,$266,0,1
Hamburgh,Erie,Shingles,14,3,"$1,800",3,$915,3,"$2,440",1,1
Hamburgh,Erie,Coaches and Wagons,10,6,"$1,500",5,$270,5,"$1,370",0,0
Hamburgh,Erie,Blacksmithing,2,6,"$2,050",6,"$1,357",2,"$1,795",0,0
Hamburgh,Erie,Tin Smithing,2,3,"$1,600",3,"$4,177",3,"$8,530",0,0
Hamburgh,Erie,Agricultural Implements Generally,1,1,"$2,500",1,$651,1,"$1,340",0,1
Holland,Erie,Boots and Shoes,16,3,"$2,100",3,"$1,165",3,"$1,672",0,0
Holland,Erie,Wood Turning,14,1,$300,1,$30,1,$563,0,1
Holland,Erie,Blacksmithing,2,1,$500,1,$300,1,"$1,200",0,0
Lancaster,Erie,Bedsteads,17,1,"$2,500",1,$90,1,"$1,605",1,0
Lancaster,Erie,Glass and Glass Ware,15,1,"$5,000",1,"$50,281",1,"$59,959",0,0
Lancaster,Erie,Cooper Shops,14,1,"$5,000",1,"$3,000",1,"$21,000",0,0
Lancaster,Erie,Breweries,4,1,"$6,000",1,"$1,005",1,"$2,130",0,0
Lancaster,Erie,Blacksmithing,2,2,$700,2,"$1,204",1,"$1,700",0,0
Lancaster,Erie,Plows and Cultivators,1,1,"$2,700",1,$920,1,"$2,500",1,0
Marilla,Erie,Placeholder,0,0,NA,0,NA,0,NA,0,0
Newstead,Erie,Lime and Cement,15,3,"$19,500",3,"$10,990",2,"$27,360",1,2
Newstead,Erie,Potteries,15,1,"$1,000",0,NA,1,$900,0,1
Newstead,Erie,Cooper Shops,14,0,NA,1,"$4,200",1,"$5,600",0,1
Newstead,Erie,"Headings, Hoops, and Staves",14,2,"$20,000",2,"$8,200",2,"$20,360",2,0
Newstead,Erie,Coaches and Wagons,10,1,"$25,000",1,"$2,700",1,"$6,000",0,0
Newstead,Erie,"Spokes, Felloes, and Bows",10,1,"$3,500",1,$950,1,"$2,600",0,1
Newstead,Erie,Breweries,4,1,"$1,600",1,$880,1,"$1,000",0,0
Newstead,Erie,Blacksmithing,2,0,NA,0,NA,1,"$2,800",0,0
North Collins,Erie,Placeholder,0,0,NA,0,NA,0,NA,0,0
Sardinia,Erie,Coaches and Wagons,10,3,"$5,000",2,$201,3,"$3,575",0,0
Sardinia,Erie,"Spokes, Felloes, and Bows",10,1,"$1,000",1,"$1,000",1,"$1,750",0,1
Sardinia,Erie,Blacksmithing,2,2,$775,2,$383,2,$800,0,0
Sardinia,Erie,Tin Smithing,2,1,$800,1,$684,1,"$1,200",0,0
Tonawanda,Erie,Planing Mills,14,1,"$25,000",1,"$8,000",1,"$30,000",1,0
Tonawanda,Erie,Shingles,14,3,"$8,000",3,"$19,500",3,"$33,600",3,0
Tonawanda,Erie,Wooden Water Pipes and Pump Logs,11,0,NA,1,"$8,000",1,"$20,000",1,0
Tonawanda,Erie,Plows and Cultivators,1,1,"$4,000",1,$600,1,"$2,000",1,0
Wales,Erie,Placeholder,0,0,NA,0,NA,0,NA,0,0
West Seneca,Erie,Cabinet Ware,17,1,$500,1,$500,0,NA,0,1
West Seneca,Erie,Cheese Boxes,14,1,"$12,000",1,"$2,760",1,"$4,500",0,1
Chesterfield,Essex,Placeholder,0,0,NA,0,NA,0,NA,0,0
Crown Point,Essex,Pails and Tubs,17,0,NA,1,$500,1,"$2,900",0,1
Crown Point,Essex,"Harnesses, Saddles, and Trunks",16,2,$700,2,$613,2,"$1,800",0,0
Crown Point,Essex,Cooper Shops,14,1,$300,1,$400,1,"$1,200",0,0
Crown Point,Essex,Coaches and Wagons,10,3,"$1,300",3,$650,3,"$1,520",0,3
Crown Point,Essex,"Sash, Blinds, and Doors",9,1,"$10,000",1,"$1,316",1,"$2,950",0,1
Crown Point,Essex,Blacksmithing,2,3,$750,3,$428,3,"$2,000",0,0
Elizabethtown,Essex,Butchering,22,1,"$1,200",1,"$1,400",1,"$1,680",0,0
Elizabethtown,Essex,Shingles,14,1,$400,0,NA,2,$390,0,0
Essex,Essex,Clothing,21,1,$300,1,$800,1,"$2,500",0,0
Essex,Essex,Cabinet Ware,17,1,"$1,100",1,$385,1,"$2,000",0,1
Essex,Essex,Boots and Shoes,16,2,"$2,000",2,"$1,746",2,"$5,200",0,0
Essex,Essex,"Harnesses, Saddles, and Trunks",16,1,$600,2,$930,2,"$3,000",0,0
Essex,Essex,Boat Building,7,1,"$2,000",1,$950,1,"$3,000",0,0
Jay,Essex,Cabinet Ware,17,1,$300,1,$80,1,$550,0,1
Jay,Essex,Carpenter Shops,14,1,"$2,000",1,$150,1,$800,0,0
Jay,Essex,Blacksmithing,2,2,$850,2,$640,2,"$2,000",0,0
Keene,Essex,Blacksmithing,2,1,$150,1,$125,1,$500,0,0
Lewis_E,Essex,Placeholder,0,0,NA,0,NA,0,NA,0,0
Minerva,Essex,Placeholder,0,0,NA,0,NA,0,NA,0,0
Moriah,Essex,Cabinet Ware,17,1,"$3,000",1,$288,1,"$1,445",1,0
Moriah,Essex,Iron Mining,9,8,"$1,035,000",4,"$12,500",8,"$369,500",7,0
Newcomb,Essex,Placeholder,0,0,NA,0,NA,0,NA,0,0
North Elba,Essex,Placeholder,0,0,NA,0,NA,0,NA,0,0
North Hudson,Essex,Placeholder,0,0,NA,0,NA,0,NA,0,0
Schroon,Essex,Cabinet Ware,17,1,$300,1,$200,1,$700,0,0
Schroon,Essex,Boots and Shoes,16,3,"$5,950",3,"$5,895",3,"$13,950",0,0
Schroon,Essex,Shingles,14,3,"$1,200",1,$594,3,"$2,079",0,3
Schroon,Essex,Coaches and Wagons,10,2,$650,2,$150,2,$900,0,0
Schroon,Essex,Blacksmithing,2,2,$400,2,$725,2,"$2,000",0,0
Schroon,Essex,Tin Smithing,2,1,$200,1,$300,1,$800,0,0
St. Armand,Essex,Placeholder,0,0,NA,0,NA,0,NA,0,0
Ticonderoga,Essex,Lead Mining,9,1,"$100,000",1,"$7,500",1,"$25,000",0,1
Westport,Essex,Coaches and Wagons,10,1,"$1,000",1,$700,1,"$2,000",0,0
Westport,Essex,Blacksmithing,2,1,$500,1,$300,1,"$1,000",0,0
Willsboro,Essex,Stone Quarries,9,1,"$6,000",0,NA,1,"$6,000",0,1
Wilmington,Essex,Placeholder,0,0,NA,0,NA,0,NA,0,0
Bangor,Franklin,Boots and Shoes,16,1,$500,1,$620,1,$700,0,0
Bangor,Franklin,"Harnesses, Saddles, and Trunks",16,1,$600,1,$250,1,$500,0,0
Bangor,Franklin,Cooper Shops,14,1,$800,1,$210,2,"$1,790",0,1
Bangor,Franklin,Coaches and Wagons,10,1,$600,1,$100,0,NA,0,0
Bangor,Franklin,Hubs,10,1,$600,1,$100,1,$200,0,0
Bangor,Franklin,Asheries,4,1,"$1,200",1,"$3,200",1,"$6,000",0,0
Bangor,Franklin,Starch,4,1,"$4,000",1,"$2,100",1,"$3,120",0,1
Bangor,Franklin,Flax Dressing,3,1,"$3,000",0,NA,0,NA,0,1
Bangor,Franklin,Blacksmithing,2,4,$850,4,$878,1,"$1,000",0,0
Bellmont,Franklin,Starch,4,1,"$2,000",1,"$1,200",1,"$2,430",0,1
Bombay,Franklin,Shingles,14,2,"$1,200",0,NA,2,"$1,650",0,2
Bombay,Franklin,Starch,4,1,"$2,000",0,NA,0,NA,0,1
Bombay,Franklin,Flax Dressing,3,1,"$1,500",0,NA,0,NA,0,1
Brandon,Franklin,Shingles,14,3,$650,1,$575,3,"$1,150",0,3
Brandon,Franklin,Starch,4,2,"$2,000",0,NA,0,NA,0,1
Brighton_F,Franklin,Placeholder,0,0,NA,0,NA,0,NA,0,0
Burke,Franklin,Placeholder,0,0,NA,0,NA,0,NA,0,0
Chateauguay,Franklin,Coaches and Wagons,10,2,"$3,100",2,"$3,000",1,"$5,000",0,0
Chateauguay,Franklin,Carding and Cloth Dressing,3,1,"$1,500",0,NA,1,"$12,000",0,1
Chateauguay,Franklin,Blacksmithing,2,1,"$1,500",1,$500,1,"$1,500",0,0
Chateauguay,Franklin,Tin Smithing,2,1,"$3,200",1,"$2,500",1,"$5,000",0,0
Constable,Franklin,Coaches and Wagons,10,1,$500,1,$200,1,$600,0,1
Constable,Franklin,"Sash, Blinds, and Doors",9,2,"$2,400",2,$400,2,"$1,000",0,2
Constable,Franklin,Starch,4,2,"$1,400",2,"$5,200",2,"$10,060",0,2
Constable,Franklin,Blacksmithing,2,1,$300,1,"$1,150",1,"$1,500",0,0
Dickinson,Franklin,Starch,4,2,"$5,500",2,"$3,900",2,"$5,869",1,0
Duane,Franklin,Placeholder,0,0,NA,0,NA,0,NA,0,0
Fort Covington,Franklin,Cabinet Ware,17,1,"$4,000",1,$500,1,"$3,500",0,1
Fort Covington,Franklin,"Harnesses, Saddles, and Trunks",16,1,$125,1,$40,0,NA,0,0
Fort Covington,Franklin,"Headings, Hoops, and Staves",14,2,"$8,000",2,"$5,500",2,"$13,000",0,0
Fort Covington,Franklin,Coaches and Wagons,10,2,"$4,000",2,"$1,400",2,"$3,500",1,1
Fort Covington,Franklin,"Sash, Blinds, and Doors",9,1,"$2,000",1,"$1,200",1,"$1,500",0,1
Fort Covington,Franklin,Asheries,4,1,"$1,500",1,"$2,900",1,"$13,500",0,0
Fort Covington,Franklin,Saleratus and Soda,4,1,"$3,000",1,"$1,500",1,"$2,000",0,1
Fort Covington,Franklin,Starch,4,1,"$4,700",1,$900,1,"$1,700",0,1
Fort Covington,Franklin,Flax Dressing,3,1,"$1,500",0,NA,0,NA,0,1
Franklin_F,Franklin,Placeholder,0,0,NA,0,NA,0,NA,0,0
Harrietstown,Franklin,Placeholder,0,0,NA,0,NA,0,NA,0,0
Malone,Franklin,Butchering,22,1,"$3,500",1,"$9,167",1,"$13,332",0,0
Malone,Franklin,Boots and Shoes,16,3,"$5,950",3,"$5,895",3,"$13,950",0,0
Malone,Franklin,"Harnesses, Saddles, and Trunks",16,1,"$1,600",1,$276,1,$600,0,0
Malone,Franklin,Coaches and Wagons,10,1,$250,1,$60,1,$440,0,0
Malone,Franklin,Asheries,4,1,$100,1,$400,1,$800,0,0
Malone,Franklin,Bakeries,4,1,$230,1,"$3,900",1,"$4,212",0,0
Malone,Franklin,Starch,4,4,"$9,000",4,"$6,660",4,"$12,800",0,4
Malone,Franklin,Flax Dressing,3,1,"$3,000",1,"$4,800",1,"$19,000",0,1
Malone,Franklin,Blacksmithing,2,1,$200,1,$30,1,$300,0,0
Malone,Franklin,Tin Smithing,2,1,"$2,000",1,"$2,000",1,"$3,000",0,0
Moira,Franklin,Cooper Shops,14,2,$325,1,$70,1,$640,0,1
Moira,Franklin,Shingles,14,1,$800,1,$200,1,$600,0,1
Moira,Franklin,Coaches and Wagons,10,1,$500,1,$338,1,$660,0,0
Moira,Franklin,Carding and Cloth Dressing,3,1,$500,1,"$5,000",1,"$5,600",0,1
Moira,Franklin,Blacksmithing,2,3,$350,3,$410,3,"$1,150",0,0
Westville,Franklin,Shingles,14,2,$610,1,$150,1,$375,0,1
Westville,Franklin,Starch,4,1,"$8,100",1,"$11,143",1,"$21,148",0,3
Westville,Franklin,Blacksmithing,2,1,"$1,000",1,$400,1,$600,0,0
Bleecker,Fulton,Placeholder,0,0,NA,0,NA,0,NA,0,0
Broadalbin,Fulton,Gloves and Mittens,21,2,"$21,200",2,"$5,176",2,"$22,350",0,0
Broadalbin,Fulton,Millinery,21,2,$900,1,$500,1,"$1,000",0,0
Broadalbin,Fulton,Cabinet Ware,17,1,$600,1,$400,1,"$1,000",0,0
Broadalbin,Fulton,"Harnesses, Saddles, and Trunks",16,1,$500,1,$280,1,$500,0,0
Broadalbin,Fulton,Leather Dressers,16,1,$500,1,"$13,932",1,"$34,100",0,1
Broadalbin,Fulton,Cooper Shops,14,2,$500,2,$560,2,"$1,575",0,0
Broadalbin,Fulton,Wood Turning,14,1,"$1,500",1,$100,0,NA,0,0
Broadalbin,Fulton,Coaches and Wagons,10,1,$300,1,$200,0,NA,0,0
Broadalbin,Fulton,Hubs,10,1,"$1,500",0,NA,1,$800,0,0
Broadalbin,Fulton,Blacksmithing,2,1,$300,0,NA,0,NA,0,0
Caroga,Fulton,Boots and Shoes,16,1,$200,1,$600,1,"$1,000",0,0
Caroga,Fulton,"Headings, Hoops, and Staves",14,1,$500,1,"$1,000",1,"$3,750",0,1
Caroga,Fulton,Lath,14,1,$200,1,$300,1,$600,0,1
Caroga,Fulton,Coaches and Wagons,10,1,$125,1,$30,1,$425,0,0
Caroga,Fulton,Blacksmithing,2,1,$150,1,$200,1,$450,0,0
Ephratah,Fulton,Gloves and Mittens,21,5,"$7,800",5,"$6,600",5,"$19,850",0,0
Ephratah,Fulton,Bedsteads,17,1,"$1,200",1,$400,1,"$1,900",0,1
Ephratah,Fulton,Boots and Shoes,16,2,"$1,300",2,"$1,000",2,"$2,000",0,0
Ephratah,Fulton,Cheese Boxes,14,2,"$2,200",2,$400,2,"$2,000",0,2
Ephratah,Fulton,"Headings, Hoops, and Staves",14,1,"$5,000",1,$125,1,"$4,000",0,1
Ephratah,Fulton,Lath,14,1,"$3,000",1,$500,1,"$1,250",0,1
Ephratah,Fulton,Wood Turning,14,2,"$3,100",2,$285,2,"$1,700",0,2
Ephratah,Fulton,Coaches and Wagons,10,1,$500,1,$60,1,$400,0,0
Johnstown,Fulton,Gloves and Mittens,21,38,"$267,800",38,"$444,014",38,"$1,090,047",0,0
Johnstown,Fulton,Organs,18,1,"$3,000",1,"$2,000",1,"$6,400",0,0
Johnstown,Fulton,Boots and Shoes,16,1,$300,1,$300,0,NA,0,0
Johnstown,Fulton,"Harnesses, Saddles, and Trunks",16,1,NA,0,NA,0,NA,0,0
Johnstown,Fulton,Brick,15,1,"$1,000",0,NA,1,"$1,800",0,1
Johnstown,Fulton,Cheese Boxes,14,1,"$4,000",1,"$1,200",1,"$3,500",0,1
Mayfield,Fulton,Gloves and Mittens,21,2,$300,2,"$3,031",2,"$4,154",0,0
Mayfield,Fulton,Lime and Cement,15,5,"$1,500",5,"$2,265",5,"$3,825",0,0
Mayfield,Fulton,Coaches and Wagons,10,1,$400,1,$400,1,$800,0,0
Mayfield,Fulton,Flax Dressing,3,1,$600,1,$640,1,"$1,000",0,1
Northampton,Fulton,Cooper Shops,14,1,"$3,500",1,"$1,500",1,"$3,000",0,1
Oppenheim,Fulton,Cheese Boxes,14,2,"$3,500",2,"$2,344",2,"$6,000",0,2
Oppenheim,Fulton,Coaches and Wagons,10,1,$400,1,$497,1,"$2,250",0,0
Oppenheim,Fulton,Blacksmithing,2,4,$700,4,$778,4,"$2,950",0,0
Perth,Fulton,Gloves and Mittens,21,1,"$20,000",1,"$35,000",1,"$46,000",0,1
Stratford,Fulton,Lath,14,1,$500,0,NA,1,$200,0,1
Stratford,Fulton,Carding and Cloth Dressing,3,1,$500,0,NA,1,$250,0,1
Alabama,Genesee,Blacksmithing,2,1,"$1,000",1,$300,1,$800,0,0
Alexander,Genesee,Boots and Shoes,16,1,$300,1,$550,1,"$1,200",0,0
Alexander,Genesee,"Sash, Blinds, and Doors",9,1,$500,1,$200,1,$650,0,0
Alexander,Genesee,Breweries,4,1,"$1,000",1,"$2,700",1,"$3,525",0,0
Alexander,Genesee,Blacksmithing,2,2,$800,2,$800,2,"$2,800",0,0
Batavia,Genesee,Clothing,21,2,"$8,000",2,"$7,700",2,"$14,567",0,0
Batavia,Genesee,Cabinet Ware,17,1,"$6,000",1,$310,1,"$2,000",0,0
Batavia,Genesee,"Harnesses, Saddles, and Trunks",16,1,$400,1,$180,1,"$1,200",0,0
Batavia,Genesee,Brick,15,2,$500,2,"$1,800",2,"$3,400",0,2
Batavia,Genesee,Lime and Cement,15,1,$50,1,$25,1,$125,0,1
Batavia,Genesee,Marble,15,1,$700,1,$100,1,"$1,200",0,0
Batavia,Genesee,Cooper Shops,14,3,"$7,700",3,"$8,995",3,"$13,425",0,0
Batavia,Genesee,"Headings, Hoops, and Staves",14,1,"$1,000",0,NA,1,$600,0,0
Batavia,Genesee,Coaches and Wagons,10,2,"$6,500",2,"$1,350",2,"$6,300",0,0
Batavia,Genesee,Bakeries,4,1,"$4,500",1,"$19,050",1,"$32,500",0,0
Batavia,Genesee,Breweries,4,1,"$32,000",1,"$14,950",1,"$20,000",1,0
Batavia,Genesee,Gas,4,1,"$32,500",1,"$3,000",1,"$7,200",0,0
Batavia,Genesee,Malt,4,1,"$19,000",1,"$16,000",1,"$22,000",0,0
Batavia,Genesee,Carding and Cloth Dressing,3,1,"$3,000",0,NA,0,NA,0,1
Batavia,Genesee,Blacksmithing,2,6,"$3,850",7,"$1,945",7,"$6,000",0,0
Batavia,Genesee,Tin Smithing,2,2,"$11,500",2,"$5,055",2,"$4,400",0,0
Batavia,Genesee,Agricultural Implements Generally,1,3,"$15,000",2,"$2,650",2,"$8,550",2,1
Batavia,Genesee,Grain Cradles,1,1,"$2,000",1,$400,1,$750,0,1
Batavia,Genesee,Plows and Cultivators,1,2,"$15,000",2,"$2,250",2,"$6,800",2,0
Bergen,Genesee,Clothing,21,1,"$4,500",1,"$3,000",1,"$4,500",0,0
Bergen,Genesee,Boots and Shoes,16,1,"$1,600",1,"$1,400",1,"$3,500",0,0
Bergen,Genesee,Coaches and Wagons,10,2,"$2,150",2,$210,2,"$1,400",0,0
Bergen,Genesee,Blacksmithing,2,2,$800,2,$550,2,"$1,800",0,0
Bergen,Genesee,Tin Smithing,2,1,"$2,500",1,$600,1,"$2,000",0,0
Bethany,Genesee,Coaches and Wagons,10,1,"$3,000",1,"$1,200",1,"$2,615",0,0
Byron,Genesee,Boots and Shoes,16,1,$400,0,NA,0,NA,0,0
Byron,Genesee,"Harnesses, Saddles, and Trunks",16,2,$800,0,NA,0,NA,0,0
Byron,Genesee,Coaches and Wagons,10,3,"$1,200",0,NA,0,NA,1,0
Byron,Genesee,Blacksmithing,2,3,"$1,800",0,NA,0,NA,0,0
Byron,Genesee,Iron Foundries,2,1,"$2,500",0,NA,0,NA,0,0
Byron,Genesee,Tin Smithing,2,1,"$1,200",0,NA,0,NA,0,0
Darien,Genesee,Coaches and Wagons,10,0,NA,1,"$2,500",1,"$4,000",0,0
Darien,Genesee,Placeholder,0,0,NA,0,NA,0,NA,0,0
Elba,Genesee,Boots and Shoes,16,1,$650,1,$600,1,"$1,600",0,0
Elba,Genesee,"Harnesses, Saddles, and Trunks",16,1,$300,1,$300,1,"$1,328",0,0
Le Roy,Genesee,Undertakers,22,1,"$1,000",1,$250,1,"$1,147",0,0
Le Roy,Genesee,Clothing,21,2,"$5,500",1,"$8,000",2,"$36,200",0,0
Le Roy,Genesee,Millinery,21,7,"$5,800",6,"$6,700",7,"$10,652",0,0
Le Roy,Genesee,Dentistry,20,1,$400,1,$300,2,$900,0,0
Le Roy,Genesee,Photographing,18,2,"$2,000",2,"$1,400",2,"$2,000",0,0
Le Roy,Genesee,Brooms,17,2,$500,2,"$4,412",1,"$4,000",0,0
Le Roy,Genesee,Cabinet Ware,17,1,"$3,000",1,"$2,200",1,"$5,200",0,0
Le Roy,Genesee,Boots and Shoes,16,3,"$1,570",4,"$3,600",4,"$6,693",0,0
Le Roy,Genesee,"Harnesses, Saddles, and Trunks",16,3,"$2,100",3,"$1,342",3,"$3,675",0,0
Le Roy,Genesee,Lime and Cement,15,2,"$3,965",2,"$4,021",2,"$7,240",0,0
Le Roy,Genesee,Marble,15,1,"$1,800",1,$900,1,"$2,300",0,0
Le Roy,Genesee,Cooper Shops,14,3,"$1,650",3,"$14,706",3,"$20,559",0,0
Le Roy,Genesee,"Headings, Hoops, and Staves",14,1,"$4,000",1,"$2,500",0,NA,0,0
Le Roy,Genesee,Pumps,11,1,$600,1,$250,1,"$1,000",0,1
Le Roy,Genesee,Coaches and Wagons,10,3,"$7,500",3,"$4,815",3,"$17,825",0,0
Le Roy,Genesee,"Sash, Blinds, and Doors",9,1,"$30,000",0,NA,1,"$65,000",1,0
Le Roy,Genesee,Stone Quarries,9,1,"$1,600",1,$700,2,"$3,800",0,0
Le Roy,Genesee,Bakeries,4,1,"$1,500",1,"$3,500",1,"$4,500",0,0
Le Roy,Genesee,Gas,4,1,"$25,000",1,"$2,000",1,"$4,500",0,0
Le Roy,Genesee,Linsed Oil,4,1,"$3,500",1,"$3,000",1,"$3,500",0,1
Le Roy,Genesee,Malt,4,1,"$15,000",1,"$32,600",1,"$31,000",0,0
Le Roy,Genesee,Blacksmithing,2,4,"$1,550",4,"$1,118",4,"$3,500",0,0
Le Roy,Genesee,Tin Smithing,2,2,"$5,000",2,"$5,000",2,"$8,800",0,0
Le Roy,Genesee,Agricultural Implements Generally,1,1,"$6,500",1,"$1,000",1,"$2,800",0,1
Le Roy,Genesee,Rakes,1,1,$500,2,$750,1,"$2,450",0,1
Oakfield,Genesee,Clothing,21,2,"$2,300",2,"$3,100",2,"$5,900",0,0
Oakfield,Genesee,Boots and Shoes,16,1,"$1,250",1,"$1,550",1,"$6,984",0,0
Oakfield,Genesee,"Harnesses, Saddles, and Trunks",16,1,$150,1,$300,1,$700,0,0
Oakfield,Genesee,Plaster,15,1,"$3,000",1,$861,1,"$2,231",0,1
Oakfield,Genesee,Tiles,15,1,$700,0,NA,0,NA,0,0
Oakfield,Genesee,Cooper Shops,14,3,$275,1,$390,2,"$1,550",0,0
Oakfield,Genesee,Pumps,11,1,$100,0,NA,1,$800,0,0
Oakfield,Genesee,Coaches and Wagons,10,4,$800,4,$925,4,"$2,200",0,0
Oakfield,Genesee,Asheries,4,1,"$1,000",1,"$3,300",1,"$6,000",0,0
Oakfield,Genesee,Blacksmithing,2,4,"$2,050",3,$725,4,"$3,050",0,0
Oakfield,Genesee,Tin Smithing,2,1,$800,1,"$1,200",1,"$2,500",0,0
Oakfield,Genesee,Agricultural Implements Generally,1,1,"$2,000",1,"$1,000",1,"$2,500",1,0
Pavillion,Genesee,Brooms,17,1,"$7,000",1,"$17,700",1,"$26,000",0,0
Pavillion,Genesee,Boots and Shoes,16,1,$400,0,NA,1,$600,0,0
Pavillion,Genesee,"Harnesses, Saddles, and Trunks",16,1,$400,0,NA,1,$900,0,0
Pavillion,Genesee,Coaches and Wagons,10,2,"$5,500",2,"$2,050",2,"$6,500",0,1
Pavillion,Genesee,Blacksmithing,2,1,$850,1,$50,1,$500,0,0
Pavillion,Genesee,Rakes,1,0,NA,1,$400,1,"$1,200",0,1
Pembroke,Genesee,Butchering,22,1,$40,1,"$2,325",1,"$2,775",0,0
Pembroke,Genesee,Boots and Shoes,16,2,$500,3,"$2,658",4,"$4,925",0,0
Pembroke,Genesee,"Harnesses, Saddles, and Trunks",16,3,$700,3,"$1,350",3,"$2,300",0,0
Pembroke,Genesee,Plaster,15,1,"$2,500",1,$350,1,$740,1,0
Pembroke,Genesee,Cooper Shops,14,7,"$1,550",7,"$8,024",7,"$11,153",0,0
Pembroke,Genesee,"Headings, Hoops, and Staves",14,1,"$1,000",1,"$2,500",1,"$4,000",1,0
Pembroke,Genesee,Shingles,14,1,$600,1,"$1,000",1,"$2,500",0,1
Pembroke,Genesee,Coaches and Wagons,10,5,"$1,700",5,"$1,650",5,"$3,000",0,0
Pembroke,Genesee,Blacksmithing,2,5,"$1,050",5,"$1,245",4,"$5,270",0,0
Pembroke,Genesee,Tin Smithing,2,1,$850,1,$600,1,"$1,000",0,0
Stafford,Genesee,Boots and Shoes,16,1,$100,1,$50,1,$500,0,0
Stafford,Genesee,"Harnesses, Saddles, and Trunks",16,1,$300,1,$300,1,"$1,500",0,0
Stafford,Genesee,Cooper Shops,14,1,$300,1,$300,1,"$1,000",0,0
Stafford,Genesee,Blacksmithing,2,4,"$3,000",4,$333,4,"$2,100",0,0
Greenville_G,Green,Hubs,10,0,NA,0,NA,1,$250,0,1
Ashland,Greene,Butchering,22,1,$200,0,NA,0,NA,0,0
Ashland,Greene,Feed Mills,13,2,"$2,000",0,NA,0,NA,0,2
Ashland,Greene,Coaches and Wagons,10,1,$500,0,NA,0,NA,0,1
Ashland,Greene,Carding and Cloth Dressing,3,1,"$2,500",0,NA,0,NA,0,0
Ashland,Greene,Blacksmithing,2,2,$800,0,NA,0,NA,0,0
Athens,Greene,Brick,15,2,"$6,500",2,"$5,500",2,"$13,600",0,2
Athens,Greene,Potteries,15,1,"$6,000",1,"$3,900",1,"$12,000",0,1
Athens,Greene,Coaches and Wagons,10,1,$150,1,$125,1,$258,0,0
Athens,Greene,Glue,4,1,"$15,000",1,"$3,000",2,"$4,000",0,1
Athens,Greene,Blacksmithing,2,1,$225,1,$350,1,"$1,000",0,0
Cairo,Greene,Wood Turning,14,1,"$1,200",1,$300,1,$800,0,1
Cairo,Greene,Carding and Cloth Dressing,3,1,"$3,500",1,"$1,800",1,"$3,200",0,1
Cairo,Greene,Grain Cradles,1,1,"$2,000",1,"$1,200",1,"$1,800",0,1
Catskill,Greene,Ice,22,1,"$45,000",0,NA,0,NA,0,0
Catskill,Greene,Fire Arms,19,1,"$15,000",1,"$1,000",1,"$6,000",0,1
Catskill,Greene,Powder,19,1,"$80,000",1,"$41,000",1,"$85,000",0,1
Catskill,Greene,Chairs,17,1,"$3,000",1,$600,1,"$2,100",0,1
Catskill,Greene,Cooper Shops,14,1,"$8,000",1,"$3,200",1,"$8,000",0,1
Catskill,Greene,Stone Quarries,9,1,$600,0,NA,1,"$8,000",0,0
Catskill,Greene,Machinery,2,1,"$20,000",1,"$4,000",1,"$10,000",1,0
Coxsackie,Greene,Boots and Shoes,16,4,"$5,500",4,"$1,740",4,"$3,368",0,0
Coxsackie,Greene,"Harnesses, Saddles, and Trunks",16,2,"$3,000",2,$896,2,"$1,298",0,0
Coxsackie,Greene,Brick,15,5,"$65,000",5,"$15,349",5,"$108,130",0,0
Coxsackie,Greene,Marble,15,1,"$1,500",1,"$1,360",1,"$3,400",0,0
Coxsackie,Greene,Coaches and Wagons,10,2,"$1,000",2,$902,2,"$2,425",0,0
Coxsackie,Greene,Drugs and Medicines,4,1,"$3,000",1,"$2,000",1,"$3,400",0,0
Coxsackie,Greene,Blacksmithing,2,1,$300,1,$160,1,$600,0,0
Coxsackie,Greene,Agricultural Implements Generally,1,1,"$3,500",1,"$9,548",1,"$14,170",0,1
Durham,Greene,Boots and Shoes,16,1,$100,1,$50,1,$500,0,0
Durham,Greene,Plaster,15,1,"$2,200",1,"$1,300",1,"$1,800",0,1
Durham,Greene,Cooper Shops,14,1,$50,1,"$1,800",1,$110,0,0
Durham,Greene,Scales,12,1,"$2,000",1,$870,1,"$2,500",0,1
Durham,Greene,Coaches and Wagons,10,4,$500,2,$230,2,"$1,800",0,0
Durham,Greene,Carding and Cloth Dressing,3,1,"$1,500",1,"$5,000",1,"$2,400",0,1
Durham,Greene,Iron Foundries,2,1,"$2,500",1,"$7,621",1,"$17,856",0,1
Durham,Greene,Malleable Iron,2,1,"$2,500",1,"$26,000",1,"$75,400",1,0
Greenville_G,Greene,Boots and Shoes,16,1,$300,1,$300,1,$857,0,0
Greenville_G,Greene,Hay Hoops,14,0,NA,2,$25,2,$160,0,0
Greenville_G,Greene,Coaches and Wagons,10,1,$150,2,$750,2,"$1,852",0,1
Halcott,Greene,Placeholder,0,0,NA,0,NA,0,NA,0,0
Hunter,Greene,Bedsteads,17,1,"$3,500",1,$800,1,"$3,900",0,1
Hunter,Greene,Chairs,17,3,"$27,000",3,"$6,990",3,"$78,500",0,3
Hunter,Greene,"Headings, Hoops, and Staves",14,2,"$5,800",1,$600,1,"$2,500",0,1
Hunter,Greene,Wood Turning,14,1,"$2,000",1,$400,1,"$1,000",0,1
Jewett,Greene,Placeholder,0,0,NA,0,NA,0,NA,0,0
Lexington,Greene,Placeholder,0,0,NA,0,NA,0,NA,0,0
New Baltimore,Greene,Coaches and Wagons,10,1,$350,1,$150,1,"$1,200",0,0
New Baltimore,Greene,Paints and Glazing,4,1,$400,1,$200,NA,NA,0,0
New Baltimore,Greene,Stained Paper and Hangings,4,1,"$8,000",1,"$4,000",1,"$36,000",0,0
New Baltimore,Greene,Blacksmithing,2,1,"$1,500",1,$418,1,"$1,000",0,0
Prattsville,Greene,Hats and Caps,21,1,"$4,000",1,"$8,000",0,NA,0,0
Prattsville,Greene,Cabinet Ware,17,1,$650,1,$600,1,"$1,500",0,0
Prattsville,Greene,Boots and Shoes,16,0,NA,2,"$1,900",2,"$3,800",0,0
Prattsville,Greene,Coaches and Wagons,10,1,"$1,200",2,"$2,410",2,"$2,500",0,0
Prattsville,Greene,Blacksmithing,2,2,"$1,500",2,"$2,950",2,"$3,300",0,0
Prattsville,Greene,Tin Smithing,2,1,$650,1,$600,1,"$1,500",0,0
Windham,Greene,Artificial Teeth,20,1,"$2,000",1,"$1,300",1,"$1,700",0,0
Windham,Greene,Cabinet Ware,17,1,"$1,500",1,$400,1,"$2,000",0,1
Windham,Greene,Boots and Shoes,16,3,"$1,600",3,"$1,500",3,"$3,100",0,0
Windham,Greene,"Harnesses, Saddles, and Trunks",16,1,"$1,400",1,$500,1,$550,0,0
Windham,Greene,Carpenter Shops,14,1,"$1,000",1,$400,1,$900,0,1
Windham,Greene,Shaving Boxes,14,2,"$2,000",1,$600,1,"$2,100",0,1
Windham,Greene,Machinery,2,1,"$12,000",1,"$1,490",1,"$8,000",0,1
Windham,Greene,Tin Smithing,2,2,"$1,500",2,"$1,065",2,"$4,500",0,0
Arietta,Hamilton,Placeholder,0,0,NA,0,NA,0,NA,0,0
Benson,Hamilton,Bark,16,14,"$7,400",0,NA,14,"$17,904",0,0
Benson,Hamilton,Shoe Pegs,16,1,"$4,000",0,NA,1,"$6,000",0,1
Columbia,Hamilton,Cheese Boxes,14,3,"$1,400",3,$641,3,"$2,826",0,3
Hope,Hamilton,Placeholder,0,0,NA,0,NA,0,NA,0,0
Indian Lake,Hamilton,Placeholder,0,0,NA,0,NA,0,NA,0,0
Lake Pleasant,Hamilton,Placeholder,0,0,NA,0,NA,0,NA,0,0
Long Lake,Hamilton,Placeholder,0,0,NA,0,NA,0,NA,0,0
Morehouse,Hamilton,Placeholder,0,0,NA,0,NA,0,NA,0,0
Wells,Hamilton,Bark,16,16,"$7,475",16,"$5,579",16,"$34,921",0,0
Wells,Hamilton,Blacksmithing,2,1,$200,2,$460,2,"$1,000",0,0
Columbia,Herkimer,Cutlery,2,1,$500,1,$500,1,"$2,162",0,0
Danube,Herkimer,Placeholder,0,0,NA,0,NA,0,NA,0,0
Fairfield,Herkimer,Boots and Shoes,16,3,$900,3,"$1,530",3,"$3,000",0,0
Fairfield,Herkimer,Cooper Shops,14,1,$300,1,$200,1,$250,0,0
Fairfield,Herkimer,Flax Dressing,3,1,"$3,500",1,"$2,000",1,"$3,400",0,1
Fairfield,Herkimer,Blacksmithing,2,2,$525,2,$175,0,NA,0,0
Frankfort,Herkimer,Cooper Shops,14,0,NA,1,"$4,000",0,NA,0,1
Frankfort,Herkimer,Coaches and Wagons,10,2,"$9,500",2,"$4,445",2,"$8,070",0,0
Frankfort,Herkimer,Boat Building,7,1,"$15,000",1,"$5,000",0,NA,0,0
Frankfort,Herkimer,Distilleries,4,1,"$50,000",1,"$85,020",1,"$166,000",0,1
Frankfort,Herkimer,Matches,4,1,"$60,000",1,"$50,051",1,"$165,000",0,1
Frankfort,Herkimer,Carding and Cloth Dressing,3,1,"$4,000",0,NA,0,NA,0,0
German Flats,Herkimer,Clothing,21,3,"$4,900",4,"$9,300",4,"$15,800",0,0
German Flats,Herkimer,Fire Arms,19,1,"$1,000,000",1,"$387,000",1,"$1,207,357",1,1
German Flats,Herkimer,Chairs,17,1,"$1,000",1,$300,1,"$1,000",0,1
German Flats,Herkimer,Boots and Shoes,16,4,"$5,500",4,"$3,404",4,"$9,641",0,0
German Flats,Herkimer,Brick,15,1,$300,1,$450,1,"$1,960",0,0
German Flats,Herkimer,Marble,15,1,"$1,000",1,"$1,200",1,"$5,500",0,0
German Flats,Herkimer,Plaster,15,2,"$8,000",2,"$5,600",2,"$8,150",0,2
German Flats,Herkimer,Cooper Shops,14,1,$700,1,$435,1,$925,0,0
German Flats,Herkimer,Planing Mills,14,1,"$10,000",1,"$7,400",1,"$16,050",1,0
German Flats,Herkimer,Coaches and Wagons,10,1,"$3,000",1,"$1,200",0,NA,0,0
German Flats,Herkimer,Bakeries,4,1,$800,1,"$1,855",1,"$2,600",0,0
German Flats,Herkimer,Breweries,4,1,"$15,000",1,"$8,800",1,"$14,624",1,0
German Flats,Herkimer,Gas,4,1,"$3,500",1,"$1,200",1,"$1,800",2,0
German Flats,Herkimer,Malt,4,4,"$22,000",4,"$211,500",4,"$223,750",0,0
German Flats,Herkimer,Iron Foundries,2,1,"$10,000",1,"$2,780",1,"$6,000",1,0
German Flats,Herkimer,Tin Smithing,2,2,"$6,000",2,$528,1,$672,0,0
German Flats,Herkimer,Agricultural Implements Generally,1,1,"$250,000",1,"$52,000",1,"$80,000",1,1
Herkimer,Herkimer,Placeholder,0,0,NA,0,NA,0,NA,0,0
Litchfield,Herkimer,Placeholder,0,0,NA,0,NA,0,NA,0,0
Little Falls,Herkimer,Patent Powers,22,1,"$6,000",1,"$5,000",1,"$8,000",0,0
Little Falls,Herkimer,Boots and Shoes,16,1,"$2,500",0,NA,0,NA,0,0
Little Falls,Herkimer,"Harnesses, Saddles, and Trunks",16,1,"$1,000",0,NA,0,NA,0,0
Little Falls,Herkimer,Plaster,15,1,"$7,000",1,"$3,000",1,"$7,200",0,1
Little Falls,Herkimer,Cheese Boxes,14,1,"$1,500",1,"$2,000",0,NA,0,1
Little Falls,Herkimer,Wood Turning,14,0,NA,1,"$1,500",1,"$4,000",0,1
Little Falls,Herkimer,Coaches and Wagons,10,0,NA,1,"$10,000",1,"$14,000",0,0
Little Falls,Herkimer,"Sash, Blinds, and Doors",9,1,"$7,000",1,"$5,000",1,"$6,300",0,1
Little Falls,Herkimer,Bakeries,4,1,"$10,000",1,"$13,000",1,"$15,000",1,0
Little Falls,Herkimer,Breweries,4,1,"$10,000",1,"$9,850",1,"$11,500",0,0
Little Falls,Herkimer,Starch,4,1,"$20,000",1,"$23,400",1,"$31,200",0,1
Little Falls,Herkimer,Shoddy,3,0,NA,0,NA,0,NA,0,1
Little Falls,Herkimer,Axes and Edge Tools,2,1,"$4,000",1,"$1,600",1,"$7,200",0,1
Little Falls,Herkimer,Iron Foundries,2,1,"$3,000",1,"$4,100",1,"$7,000",0,1
Little Falls,Herkimer,Machinery,2,1,"$2,000",0,NA,0,NA,0,1
Little Falls,Herkimer,Horse Powers,1,1,"$6,000",1,"$5,000",1,"$8,000",0,0
Manheim,Herkimer,Lime and Cement,15,1,$700,1,$140,1,"$2,913",0,0
Manheim,Herkimer,Cheese Boxes,14,1,"$1,000",1,"$1,742",0,NA,0,0
Manheim,Herkimer,Linsed Oil,4,1,"$10,000",1,"$12,000",1,"$15,025",0,1
Manheim,Herkimer,Flax Dressing,3,1,"$1,000",1,"$4,500",1,"$5,400",0,1
Newport,Herkimer,Clothing,21,1,"$6,000",1,"$4,000",1,"$5,000",0,0
Newport,Herkimer,Boots and Shoes,16,2,"$1,100",2,$900,2,"$1,475",0,0
Newport,Herkimer,Cheese Boxes,14,1,"$2,000",1,"$1,200",1,"$2,000",0,1
Newport,Herkimer,Cooper Shops,14,1,$150,1,$150,1,$300,0,1
Newport,Herkimer,Coaches and Wagons,10,4,"$7,600",4,"$2,675",4,"$8,500",0,1
Newport,Herkimer,Blacksmithing,2,2,"$1,800",2,"$1,000",2,"$1,900",0,0
Newport,Herkimer,Locks,2,1,"$4,000",0,NA,1,$800,0,1
Norway,Herkimer,Brick,15,1,"$1,000",1,$108,1,$500,0,0
Norway,Herkimer,Cheese Boxes,14,1,"$1,000",1,$670,1,"$1,950",0,1
Ohio,Herkimer,Placeholder,0,0,NA,0,NA,0,NA,0,0
Russia,Herkimer,Cheese Boxes,14,3,"$3,400",3,"$4,958",3,"$7,580",0,3
Russia,Herkimer,Saw Sets,14,1,"$1,500",1,$500,1,"$6,000",0,1
Salisbury,Herkimer,Undertakers,22,1,$200,1,$100,1,$400,0,0
Salisbury,Herkimer,Fire Arms,19,1,$800,1,$42,1,$300,0,0
Salisbury,Herkimer,Cheese Boxes,14,1,"$2,400",1,$540,1,"$3,052",0,1
Salisbury,Herkimer,Lath,14,1,$200,0,NA,3,"$1,390",0,3
Salisbury,Herkimer,Planing Mills,14,1,"$1,500",1,"$2,000",1,"$3,000",0,1
Salisbury,Herkimer,Wooden Water Pipes and Pump Logs,11,1,"$2,000",1,$390,1,"$1,351",0,1
Salisbury,Herkimer,Blacksmithing,2,2,$400,2,$460,2,"$1,000",0,0
Schuyler,Herkimer,Placeholder,0,0,NA,0,NA,0,NA,0,0
Stark,Herkimer,Boots and Shoes,16,1,$200,1,$400,1,"$1,100",0,0
Stark,Herkimer,Iron Foundries,2,1,$500,1,$168,1,$500,1,0
Stark,Herkimer,Machinery,2,1,"$1,200",1,$144,1,"$1,500",0,1
Warren,Herkimer,Coaches and Wagons,10,2,"$4,500",2,"$1,200",2,"$5,900",0,0
Wilmurt,Herkimer,Placeholder,0,0,NA,0,NA,0,NA,0,0
Winfield,Herkimer,Lime and Cement,15,1,"$1,000",1,$100,1,"$2,000",0,0
Winfield,Herkimer,Cheese Boxes,14,0,NA,0,NA,0,NA,0,4
Winfield,Herkimer,"Sash, Blinds, and Doors",9,1,"$15,000",1,"$1,000",1,"$4,000",0,1
Little Falls,Herkimers,Hammers and Skates,2,1,"$28,000",1,"$6,000",1,"$18,780",0,1
Adams,Jefferson,Dentistry,20,2,"$1,500",2,$928,2,"$2,000",0,0
Adams,Jefferson,Photographing,18,2,"$2,000",2,$675,2,"$2,800",0,0
Adams,Jefferson,Cabinet Ware,17,2,"$7,200",2,"$1,700",2,"$4,658",0,2
Adams,Jefferson,"Harnesses, Saddles, and Trunks",16,1,$400,1,"$1,075",1,"$2,000",0,0
Adams,Jefferson,Cooper Shops,14,1,$500,1,$360,1,"$1,575",0,0
Adams,Jefferson,Coaches and Wagons,10,2,"$4,300",2,"$2,719",2,"$6,658",0,0
Adams,Jefferson,Clocks and Watches,8,1,"$1,000",1,$50,1,$500,0,0
Adams,Jefferson,Bakeries,4,1,"$1,400",1,$950,0,NA,0,0
Adams,Jefferson,Breweries,4,1,"$10,000",1,"$7,000",1,"$18,000",1,0
Adams,Jefferson,Malt,4,1,"$75,000",1,"$77,700",1,"$85,000",0,0
Adams,Jefferson,Blacksmithing,2,5,"$4,175",5,"$1,335",5,"$4,100",0,0
Adams,Jefferson,Machinery,2,1,"$10,000",1,"$1,000",1,"$5,000",0,1
Adams,Jefferson,Tin Smithing,2,1,$500,1,"$1,275",1,$335,0,0
Alexandria,Jefferson,Clothing,21,2,"$1,850",1,"$1,000",2,"$2,600",0,0
Alexandria,Jefferson,Cabinet Ware,17,1,"$2,000",1,$700,1,"$2,500",0,1
Alexandria,Jefferson,Boots and Shoes,16,2,"$1,080",2,$900,2,"$2,100",0,0
Alexandria,Jefferson,"Harnesses, Saddles, and Trunks",16,1,$200,1,$250,1,$600,0,0
Alexandria,Jefferson,Glass and Glass Ware,15,1,"$20,000",1,"$14,250",1,"$60,000",0,0
Alexandria,Jefferson,Coaches and Wagons,10,2,"$1,600",2,$340,2,"$1,100",1,0
Alexandria,Jefferson,Carding and Cloth Dressing,3,0,NA,1,"$10,500",1,"$13,375",0,1
Alexandria,Jefferson,Blacksmithing,2,2,$750,2,$338,1,$900,0,0
Antwerp,Jefferson,Photographing,18,1,"$1,400",1,"$1,000",1,"$2,000",0,0
Antwerp,Jefferson,Cabinet Ware,17,1,"$3,000",1,$600,1,"$3,500",0,0
Antwerp,Jefferson,Boots and Shoes,16,3,"$5,700",3,"$4,177",3,"$9,150",0,0
Antwerp,Jefferson,"Harnesses, Saddles, and Trunks",16,1,"$2,100",1,"$1,100",1,"$2,500",0,0
Antwerp,Jefferson,Cooper Shops,14,1,$500,1,$124,1,$915,0,0
Antwerp,Jefferson,Planing Mills,14,1,"$2,000",0,NA,1,$900,0,1
Antwerp,Jefferson,Coaches and Wagons,10,1,"$1,200",1,$730,1,"$1,380",0,0
Antwerp,Jefferson,Iron Mining,9,2,"$30,000",0,NA,1,"$12,000",1,0
Antwerp,Jefferson,Blacksmithing,2,1,"$1,700",1,"$1,540",1,"$6,000",0,1
Antwerp,Jefferson,Iron Foundries,2,1,"$3,500",1,"$1,392",1,"$3,400",0,1
Antwerp,Jefferson,Tin Smithing,2,2,"$2,000",1,$975,1,"$1,500",0,0
Antwerp,Jefferson,Plows and Cultivators,1,1,"$1,500",1,$225,1,$500,1,0
Brownville,Jefferson,Butchering,22,2,$300,2,"$2,764",2,"$3,200",0,0
Brownville,Jefferson,Fisheries,22,19,"$6,360",19,"$2,852",19,"$12,495",0,0
Brownville,Jefferson,Cabinet Ware,17,1,"$3,000",1,$100,1,$697,0,1
Brownville,Jefferson,Boots and Shoes,16,1,"$2,000",1,"$1,800",1,"$2,025",0,0
Brownville,Jefferson,Plaster,15,1,"$3,000",1,"$1,600",1,"$2,400",0,1
Brownville,Jefferson,Planing Mills,14,2,"$11,200",2,"$6,800",2,"$9,200",0,1
Brownville,Jefferson,Coaches and Wagons,10,1,$800,1,$50,1,$500,0,0
Brownville,Jefferson,Stoves,5,1,"$8,000",1,$336,1,$987,0,1
Brownville,Jefferson,Blankets,3,1,"$150,000",1,"$200,000",1,"$300,000",0,1
Brownville,Jefferson,Blacksmithing,2,3,"$1,900",3,$900,3,"$3,000",0,0
Brownville,Jefferson,Iron Foundries,2,1,"$2,500",1,$80,0,NA,0,1
Brownville,Jefferson,Tin Smithing,2,1,$750,2,$815,2,"$1,509",0,0
Brownville,Jefferson,Plows and Cultivators,1,0,NA,1,$924,1,$114,0,1
Cape Vincent,Jefferson,Undertakers,22,0,NA,1,$100,1,$700,0,0
Cape Vincent,Jefferson,Boots and Shoes,16,3,"$1,375",3,"$1,240",3,"$2,900",0,0
Cape Vincent,Jefferson,Shingles,14,2,"$10,000",2,"$8,200",2,"$16,697",2,0
Cape Vincent,Jefferson,Coaches and Wagons,10,2,$350,1,$150,1,$500,0,0
Cape Vincent,Jefferson,Bakeries,4,1,"$1,200",1,$700,1,"$1,050",0,0
Cape Vincent,Jefferson,Tin Smithing,2,1,"$1,400",1,$400,1,$800,0,0
Cape Vincent,Jefferson,Plows and Cultivators,1,1,"$6,000",1,"$2,000",1,"$5,000",0,0
Champion,Jefferson,Pails and Tubs,17,2,"$10,000",2,"$2,000",1,"$5,000",0,2
Champion,Jefferson,"Headings, Hoops, and Staves",14,1,"$10,000",0,NA,0,NA,0,1
Champlain,Jefferson,Linsed Oil,4,1,"$5,000",1,"$6,000",1,"$9,000",0,1
Clayton,Jefferson,Boots and Shoes,16,2,"$1,300",2,"$1,320",2,"$2,800",0,0
Clayton,Jefferson,Marble,15,1,"$1,500",1,"$1,200",1,"$2,500",0,0
Clayton,Jefferson,"Headings, Hoops, and Staves",14,1,"$10,000",1,"$7,500",1,"$15,000",1,0
Clayton,Jefferson,"Sash, Blinds, and Doors",9,1,"$2,000",1,"$2,000",1,$900,1,0
Clayton,Jefferson,Asheries,4,1,"$5,000",1,"$1,600",1,"$6,000",0,0
Ellisburgh,Jefferson,Cabinet Ware,17,2,"$4,600",2,"$1,150",2,"$3,800",0,2
Ellisburgh,Jefferson,Boots and Shoes,16,5,"$2,500",5,"$3,900",5,"$6,800",0,0
Ellisburgh,Jefferson,"Harnesses, Saddles, and Trunks",16,2,"$1,650",2,"$1,600",2,"$4,000",0,0
Ellisburgh,Jefferson,Brick,15,1,$100,0,NA,1,"$1,750",0,0
Ellisburgh,Jefferson,Plaster,15,1,"$1,500",1,"$1,000",1,"$1,600",0,1
Ellisburgh,Jefferson,Cheese Boxes,14,2,$800,1,"$1,050",1,"$2,540",2,0
Ellisburgh,Jefferson,Planing Mills,14,1,$80,1,"$1,200",1,"$1,425",0,1
Ellisburgh,Jefferson,Coaches and Wagons,10,3,"$2,350",3,"$3,500",3,"$8,878",0,2
Ellisburgh,Jefferson,Iron Foundries,2,1,$500,1,$88,1,$200,0,1
Ellisburgh,Jefferson,Tin Smithing,2,1,"$1,000",1,$600,1,"$1,000",0,0
Ellisburgh,Jefferson,Plows and Cultivators,1,1,"$1,500",1,"$2,000",1,"$3,000",0,1
Henderson,Jefferson,Fisheries,22,2,$300,0,NA,2,$530,0,0
Henderson,Jefferson,Boots and Shoes,16,1,$600,1,"$1,300",1,"$2,400",0,0
Henderson,Jefferson,"Harnesses, Saddles, and Trunks",16,1,$150,1,$450,1,$800,0,0
Henderson,Jefferson,Coaches and Wagons,10,1,$200,1,$100,1,"$1,000",0,0
Henderson,Jefferson,Tin Smithing,2,1,"$1,000",0,NA,1,$700,0,0
Hounsfield,Jefferson,Fisheries,22,2,"$2,100",0,NA,2,"$1,620",0,0
Hounsfield,Jefferson,Unspecified,22,1,$600,1,$150,1,"$1,000",0,1
Hounsfield,Jefferson,Boots and Shoes,16,1,"$3,000",1,"$2,850",1,"$4,100",0,0
Hounsfield,Jefferson,Asheries,4,1,"$1,000",1,"$1,200",1,"$2,500",0,0
Hounsfield,Jefferson,Distilleries,4,1,$500,1,"$1,200",1,"$1,425",0,0
Hounsfield,Jefferson,Iron Foundries,2,1,"$2,000",1,$485,1,"$1,000",1,0
Le Ray,Jefferson,Chairs,17,1,"$1,000",1,$550,1,"$7,000",0,1
Le Ray,Jefferson,Boots and Shoes,16,2,"$1,100",2,"$3,500",2,"$5,000",0,0
Le Ray,Jefferson,"Harnesses, Saddles, and Trunks",16,1,"$1,500",1,"$1,000",1,$800,0,0
Le Ray,Jefferson,Lime and Cement,15,2,"$3,000",2,"$1,527",2,"$6,760",0,1
Le Roy,Jefferson,Cheese Presses,1,2,"$2,600",2,"$1,240",2,"$4,153",0,1
Lorraine,Jefferson,Placeholder,0,0,NA,0,NA,0,NA,0,0
Lyme,Jefferson,Butchering,22,2,"$1,500",1,"$2,800",1,"$4,200",0,0
Lyme,Jefferson,Fisheries,22,4,"$1,900",0,NA,4,"$3,700",0,0
Lyme,Jefferson,Cabinet Ware,17,1,$700,1,$55,1,$400,0,1
Lyme,Jefferson,Boots and Shoes,16,1,"$1,000",0,NA,0,NA,0,0
Lyme,Jefferson,"Harnesses, Saddles, and Trunks",16,1,$400,1,$350,1,$500,0,0
Lyme,Jefferson,Cooper Shops,14,2,"$1,100",1,$200,1,$400,0,0
Lyme,Jefferson,Coaches and Wagons,10,1,$250,1,$105,1,$450,0,0
Lyme,Jefferson,Boat Building,7,1,$500,0,NA,0,NA,0,0
Lyme,Jefferson,Tin Smithing,2,1,$50,0,NA,0,NA,0,0
Orleans,Jefferson,Clothing,21,2,NA,0,NA,0,NA,0,0
Orleans,Jefferson,Boots and Shoes,16,4,$600,1,$500,1,$800,0,0
Orleans,Jefferson,"Harnesses, Saddles, and Trunks",16,2,"$2,800",0,NA,0,NA,0,0
Orleans,Jefferson,Lime and Cement,15,1,$300,1,$120,1,$300,0,0
Orleans,Jefferson,Cooper Shops,14,3,$300,2,$250,2,"$1,400",0,0
Orleans,Jefferson,Shingles,14,1,$150,1,$75,1,$400,0,1
Orleans,Jefferson,Coaches and Wagons,10,7,"$1,450",2,$90,1,$250,0,0
Orleans,Jefferson,Tin Smithing,2,1,$800,0,NA,0,NA,0,0
Orleans,Jefferson,Forks,1,1,$500,0,NA,1,$800,0,0
Pamelia,Jefferson,Fire Arms,19,1,"$365,000",1,"$63,400",1,"$260,000",0,1
Pamelia,Jefferson,Coaches and Wagons,10,1,"$10,000",1,"$1,320",1,"$7,090",0,1
Pamelia,Jefferson,Flax Dressing,3,1,"$10,000",1,"$12,000",1,"$10,000",0,1
Pamelia,Jefferson,Agricultural Implements Generally,1,1,"$10,000",1,"$1,750",1,"$11,000",0,1
Pamelia,Jefferson,Reapers and Mowers,1,1,"$60,000",1,"$13,750",1,"$45,000",0,1
Philadelphia,Jefferson,Charcoal,22,0,NA,1,$750,1,"$1,750",0,0
Philadelphia,Jefferson,Clothing,21,1,"$2,000",1,"$3,000",0,NA,0,0
Philadelphia,Jefferson,Cabinet Ware,17,1,$900,1,$150,1,$820,0,1
Philadelphia,Jefferson,Boots and Shoes,16,3,"$1,300",3,"$1,470",3,"$4,180",0,0
Philadelphia,Jefferson,"Harnesses, Saddles, and Trunks",16,1,$300,1,$450,1,"$1,600",0,0
Philadelphia,Jefferson,Cooper Shops,14,2,$500,1,$180,2,"$1,275",0,1
Philadelphia,Jefferson,Coaches and Wagons,10,3,"$2,100",2,$146,2,"$1,250",0,2
Philadelphia,Jefferson,Iron Mining,9,1,$500,0,NA,1,"$1,000",0,0
Philadelphia,Jefferson,Asheries,4,1,$300,1,$727,1,"$2,330",0,0
Philadelphia,Jefferson,Flax Cotton,3,1,"$1,000",1,$900,1,"$2,500",0,1
Philadelphia,Jefferson,Flax Dressing,3,1,"$2,000",1,"$2,500",1,"$2,760",0,1
Philadelphia,Jefferson,Tin Smithing,2,1,$700,1,$240,1,$600,0,0
Rodman,Jefferson,Boots and Shoes,16,1,"$3,000",1,$813,1,"$1,500",0,0
Rodman,Jefferson,Coaches and Wagons,10,1,$700,1,"$1,300",1,"$3,200",0,0
Rutland,Jefferson,Cabinet Ware,17,1,$600,1,$162,1,$660,0,1
Rutland,Jefferson,Chairs,17,1,"$10,000",1,"$3,105",1,"$14,000",0,1
Rutland,Jefferson,Pumps,11,1,"$1,500",1,"$1,067",1,"$2,500",0,1
Rutland,Jefferson,Coaches and Wagons,10,1,"$1,500",1,"$1,060",1,"$3,500",0,1
Rutland,Jefferson,Rakes,1,1,"$2,000",1,$599,1,$919,0,1
Skaneateles,Jefferson,Blacksmithing,2,1,$700,1,$400,1,"$1,000",0,0
Theresa,Jefferson,Cabinet Ware,17,2,"$4,000",2,$500,2,"$1,300",0,1
Theresa,Jefferson,Chairs,17,1,$200,1,$225,1,$550,0,1
Theresa,Jefferson,Boots and Shoes,16,3,"$1,425",3,"$1,852",3,"$3,215",0,0
Theresa,Jefferson,"Harnesses, Saddles, and Trunks",16,1,$400,1,$300,1,$500,0,0
Theresa,Jefferson,Marble,15,1,$800,1,"$1,200",1,"$3,400",0,0
Theresa,Jefferson,Cheese Boxes,14,0,NA,0,NA,1,"$1,000",0,1
Theresa,Jefferson,Cooper Shops,14,2,"$1,700",2,$450,2,$900,0,1
Theresa,Jefferson,Shingles,14,2,$400,2,$600,2,"$1,200",0,2
Theresa,Jefferson,Coaches and Wagons,10,2,"$1,600",1,$325,2,"$3,200",0,1
Theresa,Jefferson,"Spokes, Felloes, and Bows",10,0,NA,1,$350,0,NA,0,1
Theresa,Jefferson,Asheries,4,1,$400,1,"$2,000",1,"$2,600",0,0
Theresa,Jefferson,Flax Dressing,3,1,"$2,500",1,"$2,600",1,"$9,360",0,1
Theresa,Jefferson,Fishing Tackle,2,1,$800,1,$595,1,"$2,200",0,0
Theresa,Jefferson,Tin Smithing,2,1,"$3,000",1,$836,1,"$1,260",0,0
Tully,Jefferson,Blacksmithing,2,1,$500,1,$400,1,"$1,500",0,0
Watertown,Jefferson,Cigars,22,3,"$7,500",3,"$6,780",2,"$10,000",0,0
Watertown,Jefferson,Tobacco,22,1,"$1,600",1,"$3,000",1,"$4,000",1,0
Watertown,Jefferson,Furs,21,1,"$3,000",1,"$4,000",1,"$10,000",0,0
Watertown,Jefferson,Cabinet Ware,17,2,"$10,000",2,"$5,100",2,"$10,868",0,2
Watertown,Jefferson,Boots and Shoes,16,3,"$2,225",2,"$2,220",3,"$5,300",0,0
Watertown,Jefferson,"Harnesses, Saddles, and Trunks",16,4,"$6,500",5,"$10,410",5,"$14,288",0,0
Watertown,Jefferson,"Lasts, Boot-Trees, and Crimps",16,1,"$1,500",1,$200,1,"$1,400",0,1
Watertown,Jefferson,Marble,15,2,"$8,000",2,"$8,000",2,"$19,000",0,0
Watertown,Jefferson,Tiles,15,1,"$1,000",1,$200,1,"$1,600",0,1
Watertown,Jefferson,Cooper Shops,14,1,"$3,000",1,"$4,000",1,"$12,000",0,1
Watertown,Jefferson,Pearl Barley ,13,1,"$5,000",1,"$34,800",1,"$40,500",0,1
Watertown,Jefferson,Coaches and Wagons,10,1,"$6,400",1,"$2,250",1,"$7,947",0,0
Watertown,Jefferson,"Sash, Blinds, and Doors",9,1,"$3,000",1,"$1,000",1,"$2,000",0,1
Watertown,Jefferson,Bakeries,4,3,"$13,000",3,"$24,800",3,"$37,300",1,0
Watertown,Jefferson,Breweries,4,1,"$10,000",1,"$5,000",1,"$8,000",1,0
Watertown,Jefferson,Carding and Cloth Dressing,3,1,"$3,000",0,NA,1,"$3,600",0,1
Watertown,Jefferson,Tin Smithing,2,4,"$24,000",4,"$6,285",4,"$11,740",0,0
Watertown,Jefferson,Agricultural Implements Generally,1,2,"$40,000",2,"$30,000",2,"$41,600",0,2
Wilna,Jefferson,Undertakers,22,1,"$2,000",1,"$2,150",1,"$3,500",0,0
Wilna,Jefferson,Clothing,21,1,"$5,000",1,"$3,000",1,"$4,000",0,0
Wilna,Jefferson,Fire Arms,19,1,$800,1,$250,1,"$1,000",0,0
Wilna,Jefferson,Cabinet Ware,17,1,"$3,000",1,$320,1,"$1,200",0,0
Wilna,Jefferson,Boots and Shoes,16,4,"$4,050",4,"$3,500",4,"$7,400",0,0
Wilna,Jefferson,"Harnesses, Saddles, and Trunks",16,2,"$1,600",2,"$1,200",2,"$2,200",0,0
Wilna,Jefferson,Brick,15,1,$400,0,NA,1,"$2,200",0,0
Wilna,Jefferson,Marble,15,1,$700,1,$900,1,"$2,200",0,0
Wilna,Jefferson,Carpenter Shops,14,1,$250,0,NA,1,$250,0,0
Wilna,Jefferson,Cheese Boxes,14,1,$800,1,$995,1,"$2,189",0,1
Wilna,Jefferson,Cooper Shops,14,1,$800,1,$40,1,$390,0,1
Wilna,Jefferson,Shingles,14,3,$900,3,$595,3,"$1,830",0,3
Wilna,Jefferson,Pumps,11,1,"$4,000",1,"$4,800",1,"$7,800",0,1
Wilna,Jefferson,Coaches and Wagons,10,3,"$5,700",3,"$4,000",3,"$9,500",0,0
Wilna,Jefferson,Axes and Edge Tools,2,1,"$1,000",1,$496,1,"$1,490",0,1
Wilna,Jefferson,Iron Foundries,2,1,"$6,000",1,"$4,925",1,"$12,600",0,0
Wilna,Jefferson,"Iron Rolling, Cutting, and Forging Works",2,2,"$23,000",2,"$19,600",2,"$28,000",0,2
Wilna,Jefferson,Tin Smithing,2,2,"$5,500",2,$875,2,"$4,150",0,0
Worth,Jefferson,Placeholder,0,0,NA,0,NA,0,NA,0,0
Brooklyn,Kings,Alphabet Blocks,22,1,"$15,000",0,NA,1,"$30,000",1,0
Brooklyn,Kings,Butchering,22,1,"$6,000",1,$900,1,"$9,000",0,0
Brooklyn,Kings,Cigars,22,7,"$30,020",6,"$29,025",6,"$72,592",0,0
Brooklyn,Kings,Corks,22,2,"$23,200",2,"$10,700",1,"$10,800",2,0
Brooklyn,Kings,Meat Packing and Curing,22,2,"$33,000",1,"$160,000",1,"$200,000",0,0
Brooklyn,Kings,Tobacco,22,7,"$517,500",2,"$307,500",4,"$1,380,000",6,0
Brooklyn,Kings,Undertakers,22,1,$800,1,$360,1,$800,0,0
Brooklyn,Kings,Clothing,21,4,"$6,700",3,"$19,100",4,"$40,582",0,0
Brooklyn,Kings,Collars and Cuffs,21,2,"$5,000",0,NA,0,NA,0,0
Brooklyn,Kings,Furs,21,2,"$32,200",2,"$147,500",1,"$121,000",0,0
Brooklyn,Kings,Hair,21,2,"$10,000",1,"$3,000",2,"$14,000",0,0
Brooklyn,Kings,Hat Bodies,21,1,"$25,000",0,NA,1,"$19,000",1,0
Brooklyn,Kings,Hats and Caps,21,10,"$681,100",9,"$1,069,836",9,"$1,702,597",4,0
Brooklyn,Kings,Hoop Skirt Materials,21,2,"$401,000",2,"$68,000",2,"$627,500",2,0
Brooklyn,Kings,Hoop Skirts,21,2,"$5,400",2,"$6,000",2,"$10,100",0,0
Brooklyn,Kings,Cannon and Iron Projectiles,19,1,"$15,000",1,"$56,300",1,"$90,000",1,0
Brooklyn,Kings,Fire Arms,19,1,"$200,000",1,"$3,000",1,"$200,000",1,0
Brooklyn,Kings,Percussion Caps,19,1,"$50,000",1,"$10,000",1,"$10,000",0,0
Brooklyn,Kings,Jewelry,18,1,"$8,000",1,"$12,000",0,NA,0,0
Brooklyn,Kings,Photographic Appartus and Materials,18,1,"$25,000",1,"$11,500",1,"$26,000",1,0
Brooklyn,Kings,Printers' Ink,18,0,NA,0,NA,0,NA,1,0
Brooklyn,Kings,Printing Presses,18,1,"$60,000",1,"$4,015",1,"$10,000",1,0
Brooklyn,Kings,Strings and Covers for Musical Instruments,18,1,"$2,000",0,NA,1,"$6,000",1,0
Brooklyn,Kings,"Beds, Mattresses, and Mattress Stuffings",17,1,"$20,000",1,"$2,000",1,"$2,421",1,0
Brooklyn,Kings,Brooms,17,1,"$3,000",1,"$1,600",1,"$2,700",0,0
Brooklyn,Kings,Brushes,17,1,"$4,000",1,"$7,800",1,"$5,665",0,0
Brooklyn,Kings,Cabinet Ware,17,5,"$84,360",5,"$62,646",4,"$86,172",0,0
Brooklyn,Kings,Rugs and Mats,17,2,"$22,000",2,"$47,000",2,"$78,600",0,0
Brooklyn,Kings,Upholstery,17,1,"$1,000",1,$800,1,"$1,510",0,0
Brooklyn,Kings,Willow Fare,17,1,"$2,500",1,"$1,500",1,"$8,750",0,0
Brooklyn,Kings,Boots and Shoes,16,11,"$120,070",7,"$215,948",7,"$190,088",2,0
Brooklyn,Kings,"Harnesses, Saddles, and Trunks",16,3,"$9,900",3,"$7,940",3,"$20,600",0,0
Brooklyn,Kings,"Lasts, Boot-Trees, and Crimps",16,1,$750,1,$100,1,"$1,000",1,0
Brooklyn,Kings,Morocco,16,6,"$103,000",6,"$644,905",6,"$1,020,800",3,0
Brooklyn,Kings,Enameled Ware,15,1,"$15,000",1,"$9,880",1,"$10,550",1,0
Brooklyn,Kings,Glass and Glass Ware,15,11,"$876,000",8,"$234,477",9,"$726,000",6,1
Brooklyn,Kings,Lime and Cement,15,2,"$10,000",1,$500,1,"$12,000",0,0
Brooklyn,Kings,Marble,15,16,"$143,800",10,"$27,250",15,"$148,800",1,1
Brooklyn,Kings,Porcelain and China,15,1,"$150,000",1,"$9,225",1,"$46,845",1,0
Brooklyn,Kings,Potteries,15,4,"$52,030",2,$806,2,"$12,000",0,1
Brooklyn,Kings,Stone Cutting,15,11,"$55,100",11,"$38,300",9,"$152,950",0,0
Brooklyn,Kings,Tobacco Pipes,15,1,"$1,500",1,"$2,200",1,"$16,500",1,0
Brooklyn,Kings,Boxes,14,3,"$75,000",3,"$127,450",3,"$230,000",3,0
Brooklyn,Kings,Carpenter Shops,14,8,"$21,850",7,"$17,150",5,"$23,200",0,0
Brooklyn,Kings,Cooper Shops,14,9,"$82,900",10,"$68,075",9,"$217,700",3,0
Brooklyn,Kings,Kindling Wood,14,5,"$15,800",3,"$3,300",1,"$18,000",5,0
Brooklyn,Kings,Planing Mills,14,1,"$44,000",2,"$16,600",0,NA,1,0
Brooklyn,Kings,Saws,14,2,"$7,000",2,"$35,000",2,"$75,000",1,0
Brooklyn,Kings,"Wood Mouldings, Carvings, and Scrolls",14,2,"$15,000",2,"$16,000",1,"$25,000",2,0
Brooklyn,Kings,Wood Turning,14,2,"$18,500",2,"$6,500",2,"$21,425",2,0
Brooklyn,Kings,Steam Pumps,11,3,"$55,000",2,"$26,900",3,"$105,000",3,0
Brooklyn,Kings,Axle-Trees,10,1,"$15,000",1,"$13,500",1,"$35,000",0,0
Brooklyn,Kings,Coaches and Wagons,10,7,"$19,100",6,"$34,075",4,"$45,700",0,0
Brooklyn,Kings,House Building,9,9,"$53,000",6,"$48,080",1,"$48,000",0,0
Brooklyn,Kings,"Sash, Blinds, and Doors",9,3,"$24,700",3,"$36,250",3,"$62,874",2,0
Brooklyn,Kings,Boat Building,7,3,"$4,100",3,"$2,700",2,"$7,100",0,0
Brooklyn,Kings,Capstans and Windlasses,7,1,"$2,000",1,"$1,598",1,"$7,000",0,0
Brooklyn,Kings,Life Boats,7,1,"$25,000",1,"$10,000",1,"$20,000",1,0
Brooklyn,Kings,Ships,7,10,"$553,000",10,"$349,700",8,"$2,120,800",4,0
Brooklyn,Kings,Spars,7,1,"$35,000",1,"$25,000",1,"$50,000",0,0
Brooklyn,Kings,Treenails and Fellrails,7,1,"$10,000",1,"$20,000",1,"$30,000",1,0
Brooklyn,Kings,Steam Boilers,6,3,"$380,000",2,"$28,000",2,"$285,000",2,0
Brooklyn,Kings,Steam Engines and Boilers,6,6,"$495,000",4,"$130,000",6,"$1,020,000",6,0
Brooklyn,Kings,"Gates, Ranges, and Furnaces",5,1,"$10,000",0,NA,0,NA,1,0
Brooklyn,Kings,Lamps and Lanterns,5,1,"$9,000",0,NA,0,NA,1,0
Brooklyn,Kings,Bakeries,4,3,"$22,200",3,"$11,650",3,"$21,990",0,0
Brooklyn,Kings,Breweries,4,16,"$533,000",16,"$427,125",15,"$639,627",11,0
Brooklyn,Kings,"Camphene, Kerosene, Paraffine, and Stearine",4,6,"$149,600",4,"$538,214",5,"$631,000",4,0
Brooklyn,Kings,Chemicals,4,5,"$545,000",3,"$23,704",5,"$679,056",2,0
Brooklyn,Kings,Confectionery ,4,2,$750,1,"$2,808",2,"$5,563",0,0
Brooklyn,Kings,Distilleries,4,7,"$314,150",6,"$1,567,970",6,"$1,969,134",3,0
Brooklyn,Kings,Drugs and Medicines,4,2,"$50,000",2,"$21,500",2,"$86,000",0,0
Brooklyn,Kings,Gas,4,3,"$2,975,000",2,"$193,000",2,"$548,774",2,0
Brooklyn,Kings,Glue,4,2,"$140,000",1,"$35,000",2,"$400,000",2,0
Brooklyn,Kings,Linsed Oil,4,1,"$200,000",1,"$800,000",1,"$950,000",1,0
Brooklyn,Kings,Maccaroni and Vermicelli,4,1,"$7,500",1,"$11,770",1,"$14,000",0,1
Brooklyn,Kings,Mineral Water,4,4,"$35,700",3,"$5,625",4,"$87,250",0,0
Brooklyn,Kings,Oil Cloth,4,3,"$251,500",2,"$290,000",2,"$375,000",1,0
Brooklyn,Kings,Paints and Colors,4,3,"$98,000",1,"$60,000",2,"$384,000",3,0
Brooklyn,Kings,Petroleum Refineries,4,9,"$258,500",3,"$736,000",3,"$845,040",8,0
Brooklyn,Kings,Saleratus and Soda,4,2,"$35,000",0,NA,0,NA,0,2
Brooklyn,Kings,Saltpetre Refinery,4,1,"$50,000",1,"$14,400",1,"$20,060",1,0
Brooklyn,Kings,Stained Paper and Hangings,4,4,"$200,000",2,"$16,200",2,"$62,080",3,0
Brooklyn,Kings,Sugar Refining,4,5,"$1,635,000",4,"$5,544,860",4,"$7,815,500",5,0
Brooklyn,Kings,Varnish,4,7,"$702,000",7,"$920,000",5,"$820,000",0,0
Brooklyn,Kings,Vinegar,4,2,"$7,000",2,"$21,600",2,"$21,000",0,0
Brooklyn,Kings,White Lead,4,4,"$277,000",3,"$35,000",4,"$695,000",4,0
Brooklyn,Kings,Whiting,4,3,"$51,000",1,"$50,000",2,"$125,000",2,0
Brooklyn,Kings,Bagging,3,1,"$1,000",1,"$1,343",1,"$12,000",1,0
Brooklyn,Kings,"Fringe, Gimp, Cord, and Tassels",3,3,"$3,300",2,"$5,500",2,"$39,000",1,0
Brooklyn,Kings,Paper Bags,3,1,"$5,000",0,NA,0,NA,0,0
Brooklyn,Kings,Ribbons and Silk Trimmings,3,3,"$60,000",1,"$4,000",2,"$157,000",1,0
Brooklyn,Kings,Rope and Twine,3,12,"$1,156,200",10,"$2,370,516",9,"$4,495,556",6,0
Brooklyn,Kings,Shoddy,3,1,"$2,000",1,$250,1,"$2,100",1,0
Brooklyn,Kings,Tape and Nets,3,1,"$1,500",1,"$1,000",1,"$9,000",1,0
Brooklyn,Kings,Brass and Copper Ware,2,3,"$63,000",3,"$113,000",3,"$178,750",2,0
Brooklyn,Kings,Copper Smithing,2,4,"$32,000",3,"$56,400",4,"$95,160",2,1
Brooklyn,Kings,Files,2,2,"$6,200",1,"$1,600",0,NA,1,0
Brooklyn,Kings,Fish Hooks,2,1,"$3,500",1,"$3,000",1,"$12,000",0,0
Brooklyn,Kings,Gold Leaf,2,1,$800,1,"$8,000",1,"$9,000",0,0
Brooklyn,Kings,Gold Smelting and Refining,2,1,"$15,000",0,NA,0,NA,1,0
Brooklyn,Kings,House Builders Hardware,2,2,"$10,000",2,"$14,000",2,"$225,000",2,0
Brooklyn,Kings,Iron Foundries,2,14,"$471,500",11,"$149,969",12,"$369,175",13,0
Brooklyn,Kings,Iron Pipes,2,1,"$100,000",1,"$140,000",1,"$200,000",1,0
Brooklyn,Kings,Iron Railings,2,3,"$11,000",3,"$17,300",3,"$37,000",2,0
Brooklyn,Kings,Machinery,2,1,"$571,000",4,"$9,200",4,"$39,194",5,0
Brooklyn,Kings,Registers and Ventilators,2,1,"$50,000",1,"$18,450",1,"$65,000",1,0
Brooklyn,Kings,Safes,2,2,"$40,000",2,"$30,000",2,"$60,000",1,0
Brooklyn,Kings,Star Metal,2,1,"$50,000",1,$900,1,"$1,200",0,0
Brooklyn,Kings,Tin Smithing,2,11,"$416,100",9,"$347,570",8,"$694,150",0,0
Brooklyn,Kings,Wire and Wire Work,2,5,"$333,000",4,"$382,000",5,"$491,200",3,0
Brooklyn,Kings,Agricultural Implements Generally,1,2,"$67,000",2,"$73,250",2,"$195,400",2,0
Brooklyn,Kings,"Cotton, Hay, and Hop Presses",1,1,"$16,000",1,"$25,000",1,"$43,000",1,0
Brooklyn,Kings,Reapers and Mowers,1,1,"$100,000",1,"$70,000",1,"$130,000",1,0
Flatbush,Kings,Bone Black and Bone Manure,4,1,"$100,000",1,"$12,000",1,"$30,000",1,0
Flatlands,Kings,Placeholder,0,0,NA,0,NA,0,NA,0,0
Gravesend,Kings,Dye Woods and Stuffs,4,1,"$60,000",1,"$50,000",1,"$100,000",1,0
New Lots,Kings,Breweries,4,1,"$10,000",1,"$6,000",1,"$15,000",1,0
New Lots,Kings,Gums,4,1,"$20,000",1,"$28,324",1,"$33,000",1,0
New Lots,Kings,Tin Smithing,2,1,$75,0,NA,0,NA,0,0
New Utrecht,Kings,Placeholder,0,0,NA,0,NA,0,NA,0,0
Croghan,Lewis,Placeholder,0,0,NA,0,NA,0,NA,0,0
Denmark,Lewis,Cabinet Ware,17,2,"$3,400",2,$926,2,"$4,052",0,0
Denmark,Lewis,Boots and Shoes,16,1,$400,1,"$1,400",1,"$2,610",0,0
Denmark,Lewis,"Harnesses, Saddles, and Trunks",16,1,$200,1,$725,1,"$1,400",0,0
Denmark,Lewis,Cheese Boxes,14,1,"$1,000",1,$800,1,"$2,500",0,1
Denmark,Lewis,Cooper Shops,14,0,NA,1,$150,1,$700,0,0
Denmark,Lewis,"Headings, Hoops, and Staves",14,1,"$2,500",1,"$1,000",1,"$1,800",0,1
Denmark,Lewis,Asheries,4,1,$500,1,"$1,896",1,"$2,500",0,0
Denmark,Lewis,Tin Smithing,2,3,"$2,250",3,"$1,285",3,"$1,800",0,0
Denmark,Lewis,Plows and Cultivators,1,1,"$2,000",1,"$1,982",1,"$1,600",0,0
Diana,Lewis,Chairs,17,1,"$5,500",1,"$1,417",1,"$5,122",0,1
Diana,Lewis,Coaches and Wagons,10,1,$400,1,$24,0,NA,0,0
Greig,Lewis,Cabinet Ware,17,1,$150,0,NA,1,$500,0,1
Greig,Lewis,Brick,15,1,$75,0,NA,1,$500,0,1
Greig,Lewis,Lath,14,1,$100,0,NA,1,$500,0,1
Harrisburgh,Lewis,Placeholder,0,0,NA,0,NA,0,NA,0,0
High Market,Lewis,Placeholder,0,0,NA,0,NA,0,NA,0,0
Lewis_L,Lewis,"Headings, Hoops, and Staves",14,2,"$1,500",2,"$7,500",2,"$11,500",0,0
Leyden,Lewis,Placeholder,0,0,NA,0,NA,0,NA,0,0
Lowville,Lewis,Clothing,21,2,"$17,000",2,"$10,000",2,"$25,000",0,0
Lowville,Lewis,Photographing,18,1,"$1,000",1,"$2,000",1,"$3,000",0,0
Lowville,Lewis,Boots and Shoes,16,3,"$16,500",3,"$6,500",3,"$11,000",0,0
Lowville,Lewis,"Harnesses, Saddles, and Trunks",16,2,"$4,500",2,"$6,000",2,"$10,000",0,0
Lowville,Lewis,Brick,15,1,$500,1,$5,1,$40,0,1
Lowville,Lewis,Marble,15,1,$800,1,"$2,000",1,"$5,000",0,0
Lowville,Lewis,Cheese Boxes,14,1,$500,1,$130,1,$35,0,1
Lowville,Lewis,Coaches and Wagons,10,2,"$3,000",2,"$3,083",2,"$6,081",0,0
Lowville,Lewis,Tin Smithing,2,2,"$1,800",2,"$4,000",2,"$5,800",0,0
Martinsburg,Lewis,Cabinet Ware,17,1,"$1,500",1,$100,1,$600,0,1
Martinsburg,Lewis,Boots and Shoes,16,1,"$1,000",1,$700,1,"$1,800",0,0
Martinsburg,Lewis,Cheese Boxes,14,1,$800,1,$225,1,$450,0,1
Martinsburg,Lewis,Asheries,4,2,$500,2,"$2,930",2,"$4,480",0,0
Montague,Lewis,Placeholder,0,0,NA,0,NA,0,NA,0,0
New Bremen,Lewis,Cabinet Ware,17,1,$800,1,$30,1,$131,0,1
New Bremen,Lewis,Boots and Shoes,16,5,"$1,875",5,"$2,277",5,"$5,070",0,0
New Bremen,Lewis,Cheese Boxes,14,0,NA,1,$719,1,"$2,200",0,1
New Bremen,Lewis,Coaches and Wagons,10,2,$800,2,$191,2,"$1,135",0,0
New Bremen,Lewis,"Sash, Blinds, and Doors",9,0,NA,1,$28,1,$170,0,1
Osceola,Lewis,Placeholder,0,0,NA,0,NA,0,NA,0,0
Pinckney,Lewis,Placeholder,0,0,NA,0,NA,0,NA,0,0
Turin,Lewis,"Harnesses, Saddles, and Trunks",16,1,"$1,000",1,"$2,000",1,"$4,000",0,0
Turin,Lewis,Cheese Boxes,14,1,$200,1,$570,1,"$1,000",0,1
Turin,Lewis,Cooper Shops,14,2,$450,1,$300,1,"$1,586",0,0
Turin,Lewis,Coaches and Wagons,10,1,"$3,000",1,"$1,000",1,"$2,500",0,1
Turin,Lewis,Tin Smithing,2,1,$500,1,$500,1,"$1,100",0,0
Watson,Lewis,Shingles,14,1,"$1,500",1,$200,1,$750,0,1
West Turin,Lewis,Boots and Shoes,16,2,"$1,450",1,"$5,300",2,"$9,340",0,0
West Turin,Lewis,"Harnesses, Saddles, and Trunks",16,1,$200,1,"$1,400",1,"$2,000",0,0
West Turin,Lewis,Cooper Shops,14,2,$175,1,$5,2,$213,0,0
West Turin,Lewis,Pumps,11,1,"$1,500",1,$216,1,$437,0,1
West Turin,Lewis,Wooden Water Pipes and Pump Logs,11,1,"$1,800",1,$500,1,"$1,800",1,0
West Turin,Lewis,Coaches and Wagons,10,2,"$1,660",2,$500,2,"$1,000",0,0
Avon,Livingston,Boots and Shoes,16,2,"$1,800",2,"$2,700",2,"$5,000",0,0
Avon,Livingston,"Harnesses, Saddles, and Trunks",16,1,$200,1,$400,1,"$1,000",0,0
Avon,Livingston,Malt,4,1,"$8,000",1,"$50,000",1,"$56,000",0,0
Avon,Livingston,Plows and Cultivators,1,2,"$11,000",2,"$8,100",2,"$23,000",2,0
Caledonia,Livingston,Pumps,11,1,"$4,000",1,$120,1,"$1,050",1,0
Caledonia,Livingston,Agricultural Implements Generally,1,2,"$10,000",2,"$1,540",2,"$3,512",1,0
Conesus,Livingston,Placeholder,0,0,NA,0,NA,0,NA,0,0
Geneseo,Livingston,Dentistry,20,1,$500,0,NA,0,NA,0,0
Geneseo,Livingston,Photographing,18,1,"$1,000",0,NA,0,NA,0,0
Geneseo,Livingston,Cabinet Ware,17,1,"$2,000",0,NA,0,NA,0,0
Geneseo,Livingston,Boots and Shoes,16,3,"$11,000",0,NA,0,NA,0,0
Geneseo,Livingston,"Harnesses, Saddles, and Trunks",16,4,"$8,500",2,"$2,700",2,"$4,700",0,0
Geneseo,Livingston,Clocks and Watches,8,1,NA,0,NA,0,NA,0,0
Geneseo,Livingston,Silver Ware,2,1,"$3,000",0,NA,0,NA,0,0
Geneseo,Livingston,Reapers and Mowers,1,1,"$20,000",1,"$2,600",1,"$18,000",1,0
Groveland,Livingston,Brooms,17,2,"$1,700",2,"$2,000",2,"$6,400",0,0
Groveland,Livingston,Coaches and Wagons,10,1,"$1,000",1,$100,1,$650,0,0
Leicester,Livingston,Boots and Shoes,16,2,"$1,500",3,$900,1,"$1,000",0,0
Leicester,Livingston,Coaches and Wagons,10,1,$500,1,$500,1,$800,0,0
Leicester,Livingston,Fanning Mills,1,1,$700,1,$650,1,"$1,600",0,0
Lima,Livingston,Cigars,22,1,"$10,000",1,$444,1,"$8,000",0,0
Lima,Livingston,Clothing,21,2,"$7,100",2,"$4,700",2,"$11,000",0,0
Lima,Livingston,Dentistry,20,1,$800,1,$225,1,$590,0,0
Lima,Livingston,Cabinet Ware,17,1,"$2,100",1,$650,1,"$2,400",0,0
Lima,Livingston,Boots and Shoes,16,1,"$1,200",1,"$1,210",1,"$3,000",0,0
Lima,Livingston,"Harnesses, Saddles, and Trunks",16,1,"$2,000",1,"$1,400",1,"$2,400",0,0
Lima,Livingston,Marble,15,1,"$2,000",1,"$1,500",1,"$3,500",0,0
Lima,Livingston,Asheries,4,1,"$2,250",1,"$1,861",1,"$2,736",0,0
Lima,Livingston,Bakeries,4,1,"$2,500",1,"$12,095",1,"$13,200",0,0
Lima,Livingston,Agricultural Implements Generally,1,1,"$2,500",1,$500,1,"$1,400",0,1
Livonia,Livingston,Wood Turning,14,1,"$1,500",1,$560,1,"$1,510",0,1
Morris ,Livingston,Shingles,14,1,"$1,600",1,$450,1,"$1,000",0,1
Mount Morris,Livingston,Clothing,21,2,"$1,700",2,$800,2,"$1,250",0,0
Mount Morris,Livingston,Brooms,17,2,"$1,500",2,"$21,000",2,"$33,400",0,0
Mount Morris,Livingston,Cabinet Ware,17,2,"$1,100",1,$200,2,"$1,500",1,0
Mount Morris,Livingston,Boots and Shoes,16,3,"$4,900",3,"$6,500",3,"$14,800",0,0
Mount Morris,Livingston,"Harnesses, Saddles, and Trunks",16,2,"$1,150",2,"$1,215",2,"$1,980",0,0
Mount Morris,Livingston,Plaster,15,1,"$6,000",1,"$3,600",1,"$5,400",0,1
Mount Morris,Livingston,"Headings, Hoops, and Staves",14,0,NA,1,$500,1,$900,0,1
Mount Morris,Livingston,Coaches and Wagons,10,4,"$2,500",4,$725,3,"$2,100",0,0
Mount Morris,Livingston,Asheries,4,1,"$1,000",1,$500,1,"$1,200",0,0
Mount Morris,Livingston,Breweries,4,1,$400,1,$575,1,$650,0,0
Mount Morris,Livingston,Tin Smithing,2,2,"$3,000",2,"$4,700",2,"$8,600",0,0
Mount Morris,Livingston,Plows and Cultivators,1,2,"$10,600",2,"$5,106",2,"$9,538",0,0
North Dansville,Livingston,Cabinet Ware,17,2,"$3,800",2,"$2,100",2,"$6,500",0,0
North Dansville,Livingston,Pails and Tubs,17,1,"$4,000",1,"$1,000",1,"$10,000",0,1
North Dansville,Livingston,Boots and Shoes,16,5,"$9,300",5,"$12,000",5,"$20,236",0,0
North Dansville,Livingston,"Harnesses, Saddles, and Trunks",16,2,"$2,300",2,"$3,708",2,"$7,861",0,0
North Dansville,Livingston,Marble,15,1,"$1,500",1,"$2,400",1,"$5,000",0,0
North Dansville,Livingston,Coaches and Wagons,10,2,"$3,800",2,"$3,448",2,"$8,116",0,0
North Dansville,Livingston,"Sash, Blinds, and Doors",9,1,"$2,000",1,$625,0,NA,1,0
North Dansville,Livingston,Distilleries,4,1,"$2,500",1,"$1,415",1,"$9,200",0,1
North Dansville,Livingston,Machinery,2,5,"$6,500",1,"$1,675",1,"$3,500",1,0
North Dansville,Livingston,Tin Smithing,2,2,"$1,700",2,"$3,405",2,"$5,700",0,0
North Dansville,Livingston,Reapers and Mowers,1,1,"$20,000",1,"$11,000",1,"$19,000",0,1
Nunda,Livingston,Clothing,21,1,$220,1,$700,1,"$1,700",0,0
Nunda,Livingston,Cabinet Ware,17,1,"$3,000",1,$350,1,"$2,300",0,1
Nunda,Livingston,Boots and Shoes,16,1,$500,2,"$1,055",2,"$2,400",0,0
Nunda,Livingston,"Harnesses, Saddles, and Trunks",16,2,$700,2,"$1,400",2,"$4,000",0,0
Nunda,Livingston,Marble,15,1,$400,1,$533,1,"$2,200",0,0
Nunda,Livingston,Carpenter Shops,14,1,"$1,500",1,$616,1,"$1,300",1,0
Nunda,Livingston,Coaches and Wagons,10,2,"$1,100",2,$220,2,"$2,300",0,0
Nunda,Livingston,Bakeries,4,1,$800,1,"$2,635",1,"$4,500",0,0
Nunda,Livingston,Machinery,2,1,"$9,000",1,"$19,500",1,"$39,000",1,0
Nunda,Livingston,Tin Smithing,2,1,$800,1,"$1,540",1,"$3,400",0,0
Ossian,Livingston,Placeholder,0,0,NA,0,NA,0,NA,0,0
Portage,Livingston,Breweries,4,1,"$4,000",1,$575,1,$675,0,0
Portage,Livingston,Agricultural Implements Generally,1,1,"$3,700",1,$875,1,"$2,000",0,1
Sparta,Livingston,Boots and Shoes,16,2,$400,2,$600,2,"$1,355",0,0
Sparta,Livingston,Shingles,14,1,$600,1,$150,1,$337,0,1
Sparta,Livingston,Coaches and Wagons,10,1,"$1,500",1,"$1,450",1,"$4,000",0,0
Sparta,Livingston,Plows and Cultivators,1,1,"$3,000",1,$969,1,"$2,670",1,0
Springwater,Livingston,Cabinet Ware,17,1,$500,1,$196,1,$800,0,0
Springwater,Livingston,Cooper Shops,14,1,$400,1,$90,1,$550,0,1
Springwater,Livingston,"Headings, Hoops, and Staves",14,1,$500,1,$565,1,$780,0,1
Springwater,Livingston,Shingles,14,1,"$1,000",1,$140,1,$300,1,0
Springwater,Livingston,Coaches and Wagons,10,1,$500,1,$600,0,NA,0,0
Springwater,Livingston,"Sash, Blinds, and Doors",9,1,"$1,525",1,$425,1,"$1,020",0,1
Springwater,Livingston,Agricultural Implements Generally,1,2,"$15,000",2,"$3,825",2,"$8,450",0,2
West Sparta,Livingston,Placeholder,0,0,NA,0,NA,0,NA,0,0
York,Livingston,Pumps,11,0,NA,1,$200,1,$400,0,1
York,Livingston,Agricultural Implements Generally,1,2,"$30,000",2,"$21,125",2,"$98,350",2,0
Brookfield,Madison,Boots and Shoes,16,2,"$3,150",2,"$1,200",3,"$4,770",0,0
Brookfield,Madison,"Harnesses, Saddles, and Trunks",16,1,$500,1,$300,1,$600,0,0
Brookfield,Madison,Cheese Boxes,14,2,"$3,000",1,"$1,600",2,"$3,500",0,2
Brookfield,Madison,Coaches and Wagons,10,2,"$7,500",2,"$5,135",2,"$13,285",0,1
Brookfield,Madison,Flax Dressing,3,1,"$2,000",1,"$2,000",1,"$4,000",0,1
Brookfield,Madison,Forks,1,1,"$6,000",1,"$18,000",1,"$35,000",0,1
Brookfield,Madison,Hoes,1,1,"$2,000",0,NA,1,"$2,500",0,1
Brookfield,Madison,Rakes,1,3,"$4,600",2,"$2,950",3,"$18,800",0,3
Cazenovia,Madison,Butchering,22,2,"$1,200",2,"$8,275",2,"$13,551",0,0
Cazenovia,Madison,Clothing,21,3,"$4,400",3,"$6,000",3,"$7,200",0,0
Cazenovia,Madison,Book Binding and Blank Books,18,1,"$4,000",1,"$1,900",1,"$5,260",0,0
Cazenovia,Madison,Printing and Publishing,18,1,"$1,500",1,$725,1,"$2,290",0,0
Cazenovia,Madison,Cabinet Ware,17,2,"$1,150",2,$400,2,"$1,000",0,0
Cazenovia,Madison,Boots and Shoes,16,4,"$2,900",4,"$5,012",4,"$10,072",0,0
Cazenovia,Madison,"Harnesses, Saddles, and Trunks",16,2,"$2,100",2,"$1,050",1,"$3,000",0,0
Cazenovia,Madison,Marble,15,2,"$1,575",2,$950,2,"$2,300",0,0
Cazenovia,Madison,Stone Cutting,15,1,"$1,000",0,NA,1,"$2,500",0,0
Cazenovia,Madison,Cheese Boxes,14,1,"$1,450",1,$925,1,"$2,653",1,0
Cazenovia,Madison,Coaches and Wagons,10,4,"$2,100",4,"$2,330",4,"$6,793",0,0
Cazenovia,Madison,"Sash, Blinds, and Doors",9,1,"$10,000",1,"$5,250",1,"$8,250",0,1
Cazenovia,Madison,Asheries,4,1,$200,1,$807,1,$906,0,0
Cazenovia,Madison,Bakeries,4,1,$650,1,"$1,350",1,"$3,000",0,0
Cazenovia,Madison,Candles and Soap,4,1,"$2,500",1,"$2,148",1,"$2,940",0,0
Cazenovia,Madison,Distilleries,4,2,"$18,000",2,"$31,900",2,"$40,000",0,0
Cazenovia,Madison,Paints and Glazing,4,1,$150,1,$250,NA,NA,0,0
Cazenovia,Madison,Machinery,2,1,"$2,000",1,"$2,000",1,"$3,500",0,1
Cazenovia,Madison,Tin Smithing,2,2,"$4,000",2,"$2,170",2,"$3,400",0,0
Cazenovia,Madison,Threshing Machines,1,1,"$2,500",1,$200,1,$700,0,1
De Ruyter,Madison,Cabinet Ware,17,1,"$1,000",1,$125,1,"$1,500",1,0
De Ruyter,Madison,"Harnesses, Saddles, and Trunks",16,1,"$1,000",1,$800,1,"$1,600",0,0
De Ruyter,Madison,Cheese Boxes,14,1,"$3,000",1,"$1,000",1,"$3,000",0,1
De Ruyter,Madison,Cooper Shops,14,1,$50,1,$30,1,$300,0,0
De Ruyter,Madison,Flax Dressing,3,1,$800,1,"$1,000",1,"$2,500",0,1
De Ruyter,Madison,Iron Foundries,2,1,"$2,000",1,"$1,825",1,"$3,600",0,1
De Ruyter,Madison,Machinery,2,1,$500,0,NA,1,$600,0,1
De Ruyter,Madison,Tin Smithing,2,1,"$1,000",1,"$5,000",1,"$6,000",0,0
De Ruyter,Madison,Rakes,1,1,"$6,000",1,"$1,200",1,"$7,590",0,1
Eaton,Madison,Hosiery,21,1,"$30,000",1,"$50,000",1,"$88,000",0,1
Eaton,Madison,Wooden Water Pipes and Pump Logs,11,1,"$3,000",1,"$3,000",1,"$3,000",0,1
Eaton,Madison,Coaches and Wagons,10,2,"$2,000",0,NA,1,$600,0,2
Eaton,Madison,"Sash, Blinds, and Doors",9,1,"$2,000",1,$625,0,NA,1,0
Eaton,Madison,Steam Engines and Boilers,6,1,"$15,000",1,"$48,000",1,"$120,000",1,0
Eaton,Madison,Stoves,5,1,"$6,000",1,"$1,500",1,"$10,000",1,0
Eaton,Madison,Candles and Soap,4,1,$800,1,$500,1,$500,0,0
Fenner,Madison,Cabinet Ware,17,1,"$1,200",1,$50,1,$250,0,0
Fenner,Madison,Boots and Shoes,16,1,$600,1,$600,1,"$1,000",0,0
Fenner,Madison,Wood Turning,14,1,$600,1,$350,1,"$1,100",0,1
Georgetown,Madison,Boots and Shoes,16,2,"$1,100",0,NA,2,"$2,300",0,0
Georgetown,Madison,Cheese Boxes,14,0,NA,0,NA,0,NA,1,0
Georgetown,Madison,Cooper Shops,14,3,"$1,800",2,"$1,975",3,"$3,225",1,0
Hamilton,Madison,Fire Arms,19,1,$300,1,$79,1,$390,0,0
Hamilton,Madison,Cabinet Ware,17,1,"$25,000",1,"$8,000",1,"$16,000",1,0
Hamilton,Madison,Boots and Shoes,16,1,$100,1,$200,1,$300,0,0
Hamilton,Madison,Marble,15,1,"$3,500",1,"$4,500",1,"$7,500",0,0
Hamilton,Madison,Cheese Boxes,14,2,"$1,500",1,$200,1,$850,0,1
Hamilton,Madison,Cooper Shops,14,1,$100,1,$73,1,$112,0,0
Lebanon,Madison,Plaster,15,1,"$4,000",1,"$2,000",1,"$3,000",0,1
Lenox,Madison,Carpet and Traveling Bags,22,1,"$12,000",1,"$19,000",1,"$22,700",0,1
Lenox,Madison,Cabinet Ware,17,1,"$6,000",1,"$5,000",1,"$10,000",0,0
Lenox,Madison,Traps,17,1,"$111,000",1,"$70,000",1,"$142,193",0,1
Lenox,Madison,Boots and Shoes,16,1,"$2,000",1,"$1,000",1,"$4,100",0,0
Lenox,Madison,"Harnesses, Saddles, and Trunks",16,1,$800,1,"$2,000",1,"$3,000",0,0
Lenox,Madison,Marble,15,1,"$3,500",0,NA,1,"$3,500",0,0
Lenox,Madison,Plaster,15,1,"$1,100",1,"$1,000",1,"$2,700",0,1
Lenox,Madison,Scales,12,1,$25,1,$100,1,$200,0,0
Lenox,Madison,Coaches and Wagons,10,4,"$16,100",3,"$33,000",2,"$55,000",0,0
Lenox,Madison,Official Instruments,8,2,"$11,000",1,$700,2,"$4,000",0,0
Lenox,Madison,"Preserved Fruits, Vegetables, and Meats",4,1,"$10,000",1,"$3,370",1,"$8,120",1,0
Lenox,Madison,Agricultural Implements Generally,1,1,"$10,000",0,NA,0,NA,0,1
Lenox,Madison,Forks,1,1,"$25,000",1,"$20,000",1,"$50,000",0,1
Madison,Madison,Malt,4,1,"$8,000",1,"$7,500",0,NA,0,0
Madison,Madison,Tin Smithing,2,1,$700,1,"$2,000",1,"$15,000",0,0
Nelson,Madison,Boots and Shoes,16,1,$275,1,$410,1,"$1,015",0,0
Nelson,Madison,"Harnesses, Saddles, and Trunks",16,1,$400,1,$400,1,$600,0,0
Nelson,Madison,Cooper Shops,14,3,$600,3,$288,3,$825,0,0
Nelson,Madison,Asheries,4,1,$700,1,$659,1,$990,0,0
Stockbridge,Madison,Cabinet Ware,17,1,$600,1,$85,1,$500,0,0
Stockbridge,Madison,Boots and Shoes,16,2,$700,2,"$1,550",1,"$2,400",0,0
Stockbridge,Madison,Lime and Cement,15,1,"$1,000",1,$80,1,"$1,200",0,0
Stockbridge,Madison,Carpenter Shops,14,1,$250,1,$500,1,$800,0,0
Stockbridge,Madison,Cheese Boxes,14,1,$600,1,$700,1,"$2,000",0,1
Stockbridge,Madison,Agricultural Implements Generally,1,1,"$14,000",1,"$3,000",1,"$7,204",0,1
Sullivan,Madison,Clothing,21,1,$200,1,$900,1,"$1,800",0,0
Sullivan,Madison,Cabinet Ware,17,1,"$2,000",1,$730,1,"$1,200",0,1
Sullivan,Madison,Boots and Shoes,16,5,"$2,950",5,"$3,176",5,"$5,150",0,0
Sullivan,Madison,Plaster,15,1,"$2,500",1,$301,1,"$1,900",0,1
Sullivan,Madison,Cooper Shops,14,2,$300,2,$375,2,$900,0,0
Sullivan,Madison,"Headings, Hoops, and Staves",14,1,"$3,000",1,$750,1,"$2,050",1,0
Sullivan,Madison,Coaches and Wagons,10,1,"$1,000",1,$460,1,"$2,200",0,0
Sullivan,Madison,Boat Building,7,1,"$10,000",1,"$8,600",1,"$13,000",0,0
Sullivan,Madison,Asheries,4,1,$800,1,"$1,025",1,"$4,200",0,0
Sullivan,Madison,Carding and Cloth Dressing,3,1,"$1,800",1,$230,1,"$1,213",0,1
Sullivan,Madison,Tin Smithing,2,1,$800,1,$810,1,"$1,500",0,0
Sullivan,Madison,Agricultural Implements Generally,1,1,"$10,000",0,NA,0,NA,0,1
Brighton,Monroe,Brick,15,3,"$85,000",3,"$11,925",3,"$51,300",0,1
Brighton,Monroe,Tiles,15,0,NA,1,$480,1,"$2,100",0,1
Brighton,Monroe,Tobacco Pipes,15,1,$50,1,$300,1,$900,0,0
Brighton,Monroe,Cooper Shops,14,1,"$5,000",1,"$10,100",1,"$15,000",1,0
Brighton,Monroe,Coaches and Wagons,10,1,"$1,000",1,$350,1,$700,0,1
Brighton,Monroe,Fishing Tackle,2,1,"$1,000",1,$771,1,"$2,385",0,1
Brighton,Monroe,Wood Work for Agricultural Implements,1,1,$800,1,$500,1,"$2,000",0,1
Chili,Monroe,Coaches and Wagons,10,5,"$1,650",5,"$1,825",5,"$3,900",0,0
Clarkson,Monroe,Coaches and Wagons,10,1,$500,1,"$1,000",1,"$1,500",0,0
Gates,Monroe,Placeholder,0,0,NA,0,NA,0,NA,0,0
Greece,Monroe,Cooper Shops,14,2,"$2,000",2,"$4,200",2,"$3,600",0,0
Greece,Monroe,"Headings, Hoops, and Staves",14,1,"$1,000",2,"$20,300",2,"$39,750",2,0
Greece,Monroe,Coaches and Wagons,10,1,"$1,500",1,"$1,100",1,"$3,500",0,0
Hamilton,Monroe,Vinegar,4,1,"$1,000",1,$689,1,"$1,200",0,0
Hamlin,Monroe,Coaches and Wagons,10,1,"$1,000",1,$300,1,$600,1,0
Henrietta,Monroe,Coaches and Wagons,10,3,"$18,500",3,"$6,100",3,"$15,460",0,0
Irondequoit,Monroe,Pumps,11,1,$300,1,$175,0,NA,0,0
Irondequoit,Monroe,Breweries,4,1,"$6,000",1,"$4,000",1,"$8,000",0,1
Mendon,Monroe,Clothing,21,1,"$2,000",1,"$3,500",1,"$5,000",0,0
Mendon,Monroe,Boots and Shoes,16,3,"$3,150",2,"$1,200",3,"$4,770",0,0
Mendon,Monroe,"Harnesses, Saddles, and Trunks",16,1,"$1,000",1,"$1,000",1,"$1,900",0,0
Mendon,Monroe,Cooper Shops,14,2,"$2,200",2,"$2,245",2,"$4,450",0,0
Mendon,Monroe,Coaches and Wagons,10,1,"$1,700",1,$776,1,"$2,800",0,0
Mendon,Monroe,Iron Foundries,2,1,$800,0,NA,0,NA,0,0
Mendon,Monroe,Agricultural Implements Generally,1,2,"$10,500",2,"$3,955",2,"$12,166",0,2
Ogden,Monroe,Clothing,21,1,$125,1,$800,1,$600,0,0
Ogden,Monroe,Boots and Shoes,16,4,"$1,320",4,"$2,010",4,"$4,050",0,0
Ogden,Monroe,"Harnesses, Saddles, and Trunks",16,1,"$2,000",1,$900,1,"$1,900",0,0
Ogden,Monroe,Cooper Shops,14,2,"$6,200",2,"$17,220",2,"$28,360",1,0
Ogden,Monroe,Coaches and Wagons,10,3,"$1,850",3,$365,3,"$2,000",0,0
Ogden,Monroe,Tin Smithing,2,1,"$1,000",1,$700,1,"$1,800",0,0
Parma,Monroe,Cooper Shops,14,1,$100,1,"$1,333",1,"$3,025",0,0
Parma,Monroe,Coaches and Wagons,10,1,$100,1,$300,1,$500,0,0
Penfield,Monroe,Iron Foundries,2,1,"$2,500",1,"$1,500",1,"$3,000",1,0
Perrinton,Monroe,Clothing,21,2,"$1,500",2,"$3,500",2,"$6,100",0,0
Perrinton,Monroe,Powder,19,1,"$2,000",1,"$5,800",1,"$9,750",0,1
Perrinton,Monroe,Boots and Shoes,16,3,"$2,625",3,"$2,380",3,"$3,800",0,0
Perrinton,Monroe,"Harnesses, Saddles, and Trunks",16,1,$130,1,$460,1,"$1,040",0,0
Perrinton,Monroe,Marble,15,1,$740,1,$933,1,"$1,530",0,0
Perrinton,Monroe,Carpenter Shops,14,1,$225,1,$135,1,$240,0,0
Perrinton,Monroe,Cooper Shops,14,2,"$3,000",2,"$6,700",2,"$14,300",2,0
Perrinton,Monroe,Saleratus Boxes,14,1,"$1,800",1,"$11,420",1,"$13,500",0,1
Perrinton,Monroe,Pumps,11,1,$236,1,$186,1,$500,0,0
Perrinton,Monroe,Coaches and Wagons,10,1,"$2,000",1,"$5,000",1,"$14,000",0,0
Perrinton,Monroe,House Building,9,1,$500,1,"$5,000",1,"$10,300",0,0
Perrinton,Monroe,Bakeries,4,1,"$2,200",1,"$8,490",1,"$16,050",0,0
Perrinton,Monroe,Saleratus and Soda,4,1,"$10,000",1,"$26,348",1,"$48,026",1,0
Perrinton,Monroe,"Iron Rolling, Cutting, and Forging Works",2,1,"$10,000",1,"$30,080",1,"$54,000",0,0
Perrinton,Monroe,Tin Smithing,2,1,"$2,500",1,"$2,950",1,"$5,500",0,0
Pittsford,Monroe,Cooper Shops,14,1,NA,0,NA,0,NA,0,0
Pittsford,Monroe,Breweries,4,1,"$4,000",0,NA,0,NA,1,0
Pittstown,Monroe,Coaches and Wagons,10,4,NA,0,NA,0,NA,0,0
Riga,Monroe,Boots and Shoes,16,4,"$1,300",1,$600,1,"$1,200",0,0
Riga,Monroe,Plaster,15,1,$400,1,$440,1,$875,0,1
Riga,Monroe,Cooper Shops,14,1,$250,1,$130,0,NA,0,0
Riga,Monroe,Coaches and Wagons,10,2,$300,0,NA,0,NA,0,0
Riga,Monroe,Agricultural Implements Generally,1,1,"$2,500",0,NA,0,NA,1,0
Rochester,Monroe,Butchering,22,1,NA,0,NA,0,NA,0,0
Rochester,Monroe,Tobacco,22,2,"$37,000",2,"$47,000",1,"$50,000",0,1
Rochester,Monroe,Clothing,21,2,"$320,000",1,$800,3,"$551,600",0,0
Rochester,Monroe,Artificial Limbs,20,1,$250,1,$150,1,"$1,500",0,0
Rochester,Monroe,Picture and Mirror Frames,18,1,$700,0,NA,1,$800,1,0
Rochester,Monroe,Brooms,17,1,"$2,000",1,"$3,000",1,"$4,300",0,0
Rochester,Monroe,Brushes,17,1,"$15,000",1,"$14,000",1,"$25,000",1,0
Rochester,Monroe,Cabinet Ware,17,4,"$119,000",1,"$30,000",2,"$135,000",0,1
Rochester,Monroe,Chairs,17,2,"$52,000",2,"$36,000",2,"$102,500",2,0
Rochester,Monroe,Boots and Shoes,16,5,"$195,950",6,"$901,920",6,"$1,428,800",2,0
Rochester,Monroe,"Harnesses, Saddles, and Trunks",16,2,"$28,000",2,"$11,000",2,"$45,000",0,0
Rochester,Monroe,"Lasts, Boot-Trees, and Crimps",16,3,"$17,000",3,"$7,000",3,"$27,000",1,2
Rochester,Monroe,Glass and Glass Ware,15,1,"$10,000",0,NA,1,"$30,000",0,0
Rochester,Monroe,Lime and Cement,15,1,"$2,000",0,NA,0,NA,0,0
Rochester,Monroe,Marble,15,1,"$15,718",1,"$8,979",1,"$21,977",0,0
Rochester,Monroe,Potteries,15,1,"$10,000",1,"$3,350",1,"$16,000",0,0
Rochester,Monroe,Stone Cutting,15,3,"$27,000",0,NA,3,"$22,000",0,0
Rochester,Monroe,Barrel Machines,14,1,"$5,000",1,"$4,000",1,"$9,000",0,1
Rochester,Monroe,Boxes,14,0,NA,0,NA,1,"$3,000",0,0
Rochester,Monroe,Cooper Shops,14,23,"$162,840",23,"$106,762",23,"$168,965",1,0
Rochester,Monroe,"Headings, Hoops, and Staves",14,6,"$94,500",6,"$136,000",5,"$162,000",7,0
Rochester,Monroe,Planing Mills,14,2,"$12,500",1,"$129,960",2,"$148,536",2,0
Rochester,Monroe,Saws,14,1,"$15,000",1,"$10,910",1,"$22,259",0,1
Rochester,Monroe,Shingles,14,1,"$6,000",1,"$24,000",1,"$58,800",1,0
Rochester,Monroe,Truss Hoops,14,1,"$4,000",1,"$1,300",1,"$7,000",0,0
Rochester,Monroe,Scales,12,1,"$20,000",1,"$25,000",1,"$50,000",0,1
Rochester,Monroe,Pumps,11,2,"$2,450",1,$650,1,"$3,300",0,0
Rochester,Monroe,Axle-Trees,10,1,"$15,000",1,"$10,000",1,"$25,000",1,0
Rochester,Monroe,Childrens' Carriages,10,1,"$3,000",1,"$3,500",1,"$6,869",0,1
Rochester,Monroe,Coaches and Wagons,10,1,"$35,000",1,"$24,215",1,"$40,000",0,0
Rochester,Monroe,"Spokes, Felloes, and Bows",10,1,"$30,000",1,"$2,400",1,"$50,000",1,0
Rochester,Monroe,House Building,9,3,"$11,300",3,"$7,600",2,"$83,000",0,0
Rochester,Monroe,"Sash, Blinds, and Doors",9,3,"$9,800",3,"$18,500",1,"$3,000",0,3
Rochester,Monroe,Stone Quarries,9,1,"$2,000",0,NA,1,"$2,000",0,0
Rochester,Monroe,Clocks and Watches,8,1,"$2,000",1,"$1,000",1,"$2,000",1,0
Rochester,Monroe,Boat Building,7,3,"$19,500",3,"$12,692",3,"$31,000",0,0
Rochester,Monroe,Steam Engine Governors,6,1,"$60,600",1,"$12,000",1,"$75,000",0,1
Rochester,Monroe,Steam Engines and Boilers,6,1,"$45,000",1,"$50,000",1,"$100,000",0,1
Rochester,Monroe,Locomotive Lamps,5,1,"$40,000",0,NA,0,NA,0,0
Rochester,Monroe,Stoves,5,2,"$160,000",2,"$102,000",2,"$224,500",2,0
Rochester,Monroe,Asheries,4,0,NA,1,"$2,395",1,"$5,000",0,0
Rochester,Monroe,Bakeries,4,2,"$4,500",1,"$7,200",2,"$16,450",0,0
Rochester,Monroe,Breweries,4,17,"$220,850",14,"$95,527",16,"$233,170",5,2
Rochester,Monroe,Candles and Soap,4,3,"$23,000",3,"$36,700",3,"$64,800",0,0
Rochester,Monroe,Cracker Machine,4,1,"$5,500",1,"$3,600",1,"$9,000",0,1
Rochester,Monroe,Distilleries,4,3,"$385,500",1,"$8,024",2,"$159,000",1,0
Rochester,Monroe,Gas,4,1,"$300,000",1,"$74,000",1,"$126,950",0,0
Rochester,Monroe,Perfumery,4,1,"$29,000",0,NA,2,"$300,000",1,0
Rochester,Monroe,Rope and Twine,3,1,"$2,500",1,"$7,000",1,"$10,000",0,0
Rochester,Monroe,Brass and Copper Ware,2,1,"$4,000",1,"$8,500",1,"$13,500",0,0
Rochester,Monroe,Iron Foundries,2,1,"$8,000",1,"$1,500",1,"$12,000",1,0
Rochester,Monroe,Locks,2,1,"$10,000",1,"$6,000",1,"$8,000",1,0
Rochester,Monroe,Machinery,2,6,"$238,500",6,"$240,000",6,"$216,000",1,5
Rochester,Monroe,Safes,2,1,"$23,000",1,"$15,000",1,"$50,000",1,0
Rochester,Monroe,Tin Smithing,2,1,"$5,000",0,NA,1,"$12,000",0,0
Rochester,Monroe,Tools,2,1,$500,0,NA,1,"$2,000",0,0
Rochester,Monroe,Agricultural Implements Generally,1,2,"$138,000",2,"$75,000",2,"$89,000",1,1
Rochester,Monroe,Bran Dusters,1,1,"$2,500",1,"$1,000",1,"$3,800",0,1
Rush,Monroe,Cooper Shops,14,1,$200,0,NA,0,NA,0,0
Rush,Monroe,Pumps,11,1,$200,0,NA,0,NA,0,0
Rush,Monroe,Coaches and Wagons,10,1,$600,0,NA,0,NA,0,0
Rush ,Monroe,Boots and Shoes,16,1,$50,0,NA,0,NA,0,0
Rush ,Monroe,"Harnesses, Saddles, and Trunks",16,2,"$1,000",0,NA,0,NA,0,0
Sweden,Monroe,Clothing,21,4,"$2,200",4,"$13,350",4,"$26,400",0,0
Sweden,Monroe,Cabinet Ware,17,1,"$5,000",1,"$1,925",1,"$4,500",1,1
Sweden,Monroe,Boots and Shoes,16,3,"$4,500",3,"$4,800",3,"$10,950",0,0
Sweden,Monroe,"Harnesses, Saddles, and Trunks",16,3,"$3,600",3,"$5,200",2,"$7,850",0,0
Sweden,Monroe,Whips,16,1,$200,1,$600,1,$932,0,0
Sweden,Monroe,Marble,15,1,"$1,200",1,"$1,332",1,"$3,550",0,0
Sweden,Monroe,"Headings, Hoops, and Staves",14,1,"$3,000",1,"$9,000",1,"$18,600",1,0
Sweden,Monroe,Planing Mills,14,1,"$5,000",1,"$1,500",1,"$1,000",1,0
Sweden,Monroe,Pumps,11,2,"$14,000",2,"$6,330",1,"$6,000",2,0
Sweden,Monroe,Coaches and Wagons,10,1,"$1,300",1,"$2,000",1,"$3,900",0,0
Sweden,Monroe,"Sash, Blinds, and Doors",9,1,"$4,000",1,$480,2,"$4,880",2,0
Sweden,Monroe,Tin Smithing,2,2,$700,2,"$3,060",2,"$4,500",0,0
Sweden,Monroe,Reapers and Mowers,1,3,"$51,000",3,"$71,568",3,"$264,650",3,0
Webster,Monroe,Fisheries,22,3,"$3,000",0,NA,0,NA,0,0
Webster,Monroe,Boots and Shoes,16,1,$100,1,$700,1,"$1,200",0,0
Webster,Monroe,"Harnesses, Saddles, and Trunks",16,1,$40,0,NA,0,NA,0,0
Webster,Monroe,Cooper Shops,14,2,$90,2,"$1,090",1,"$1,000",0,0
Webster,Monroe,"Headings, Hoops, and Staves",14,1,"$1,500",0,NA,1,"$2,100",1,0
Webster,Monroe,Coaches and Wagons,10,3,"$2,250",2,"$1,050",3,"$3,200",0,0
Webster,Monroe,Plows and Cultivators,1,1,$300,0,NA,1,$500,0,0
Wheatland,Monroe,Boots and Shoes,16,2,"$4,944",2,"$2,216",2,"$4,070",0,0
Wheatland,Monroe,Marble,15,1,"$2,000",1,"$1,200",1,"$2,500",0,0
Wheatland,Monroe,Plaster,15,3,"$17,000",3,"$8,447",1,"$17,024",0,2
Wheatland,Monroe,Cooper Shops,14,1,"$2,000",1,"$2,140",1,"$4,000",0,0
Wheatland,Monroe,Coaches and Wagons,10,4,"$15,800",4,"$9,010",4,"$22,810",0,0
Wheatland,Monroe,Iron Foundries,2,1,$800,1,$240,1,"$1,196",0,0
Wheatland,Monroe,Tin Smithing,2,1,"$1,500",1,$500,1,"$1,000",0,0
Wheatland,Monroe,Threshing Machines,1,1,"$8,000",1,"$1,100",1,"$2,250",0,1
Amsterdam,Montgomery,Clothing,21,3,"$26,000",3,"$25,500",3,"$51,000",0,0
Amsterdam,Montgomery,Brooms,17,1,"$12,000",1,"$100,000",1,"$115,000",0,0
Amsterdam,Montgomery,Cabinet Ware,17,2,"$3,700",2,"$1,800",2,"$6,000",0,0
Amsterdam,Montgomery,Boots and Shoes,16,4,"$11,700",3,"$4,705",4,"$14,905",0,0
Amsterdam,Montgomery,"Harnesses, Saddles, and Trunks",16,1,"$1,000",1,$300,1,$900,0,0
Amsterdam,Montgomery,Mill Gearing and Machinery,13,1,"$50,000",1,"$38,000",1,"$48,000",0,1
Amsterdam,Montgomery,Pumps,11,1,"$3,000",0,NA,0,NA,0,0
Amsterdam,Montgomery,"Spokes, Felloes, and Bows",10,1,"$7,000",1,"$2,000",1,"$15,842",1,0
Amsterdam,Montgomery,"Sash, Blinds, and Doors",9,1,"$18,000",1,"$3,500",1,"$2,280",1,0
Amsterdam,Montgomery,Carpets,3,1,"$75,000",1,"$100,000",1,"$200,000",0,1
Amsterdam,Montgomery,Knit Goods,3,6,"$300,000",6,"$231,500",6,"$725,500",1,6
Amsterdam,Montgomery,Metallic Burial Cases,2,1,"$100,000",1,"$20,000",1,"$66,000",0,1
Canajoharie,Montgomery,Plaster,15,2,"$3,000",2,"$4,698",2,"$8,270",2,0
Canajoharie,Montgomery,Planing Mills,14,1,"$13,000",1,"$15,000",1,"$17,000",1,0
Canajoharie,Montgomery,Breweries,4,1,"$3,000",1,"$3,000",1,"$4,000",0,1
Canajoharie,Montgomery,Malt,4,2,"$21,500",1,"$127,000",1,"$144,000",0,0
Canajoharie,Montgomery,Paper Bags,3,1,"$3,000",1,"$49,620",1,"$61,187",1,0
Charleston,Montgomery,Coaches and Wagons,10,1,"$1,000",1,$335,1,$920,0,0
Charleston,Montgomery,"Sash, Blinds, and Doors",9,1,"$2,000",1,$500,1,$800,0,1
Charleston,Montgomery,Agricultural Implements Generally,1,1,$600,1,$45,1,$842,0,0
Florida,Montgomery,Brooms,17,1,"$10,000",1,"$7,500",1,"$35,000",0,0
Florida,Montgomery,Brick,15,1,$500,1,$75,1,"$2,500",0,0
Florida,Montgomery,Cooper Shops,14,1,$200,1,$100,1,$275,0,0
Florida,Montgomery,Coaches and Wagons,10,1,"$3,000",1,$640,1,"$3,000",0,0
Glen,Montgomery,Boots and Shoes,16,2,"$1,400",2,$800,0,NA,0,0
Glen ,Montgomery,Brooms,17,2,$700,2,"$11,661",2,"$13,440",0,0
Glen ,Montgomery,Wood Turning,14,0,NA,1,$800,1,"$1,400",0,1
Minden,Montgomery,Cigars,22,1,$500,1,$400,1,"$1,200",0,0
Minden,Montgomery,Clothing,21,2,"$9,000",2,"$7,375",2,"$10,250",0,0
Minden,Montgomery,Dentistry,20,1,$300,1,$500,1,"$2,500",0,0
Minden,Montgomery,Brooms,17,1,$600,1,"$2,500",1,"$3,600",0,0
Minden,Montgomery,Cabinet Ware,17,1,"$2,500",1,$500,1,"$2,135",1,0
Minden,Montgomery,Boots and Shoes,16,2,"$1,000",2,"$2,000",2,"$3,650",0,0
Minden,Montgomery,"Harnesses, Saddles, and Trunks",16,2,"$2,000",2,"$3,400",2,"$6,500",0,0
Minden,Montgomery,Marble,15,1,"$1,000",1,"$1,400",1,"$6,000",0,0
Minden,Montgomery,Plaster,15,3,"$12,000",3,"$5,889",3,"$9,040",0,3
Minden,Montgomery,Coaches and Wagons,10,1,"$12,300",1,"$5,600",1,"$12,000",0,0
Minden,Montgomery,Bakeries,4,1,"$3,000",1,"$11,000",1,"$15,000",0,0
Minden,Montgomery,Distilleries,4,1,"$10,500",1,"$32,000",1,"$27,800",0,0
Minden,Montgomery,Iron Foundries,2,2,"$9,250",2,"$3,000",2,"$6,000",1,0
Mohawk,Montgomery,Plaster,15,1,"$2,000",1,"$5,000",0,NA,0,1
Palatine,Montgomery,Plaster,15,1,"$1,000",1,$500,1,"$1,200",0,1
Palatine,Montgomery,Coaches and Wagons,10,1,"$1,200",1,$600,1,$800,0,0
Palatine,Montgomery,Iron Foundries,2,1,"$2,500",1,"$1,000",1,"$1,500",1,0
Root,Montgomery,"Sash, Blinds, and Doors",9,1,"$1,000",1,$216,1,$200,1,0
St. Johnsville,Montgomery,Butchering,22,2,"$10,500",1,"$25,000",2,"$42,000",0,0
St. Johnsville,Montgomery,Plaster,15,1,"$1,000",1,"$1,000",1,"$1,470",0,1
St. Johnsville,Montgomery,Cheese Boxes,14,1,"$1,200",1,$800,1,"$1,800",0,1
St. Johnsville,Montgomery,Planing Mills,14,1,"$5,000",1,"$6,000",1,"$7,500",0,1
St. Johnsville,Montgomery,Distilleries,4,1,"$9,000",1,"$16,000",1,"$30,000",1,0
St. Johnsville,Montgomery,Rakes,1,1,"$1,000",1,$300,1,"$1,000",0,1
Amsterdam,Montogomery,Tin Smithing,2,0,NA,1,"$2,250",1,"$8,000",0,0
Minden,Montogomery,Tin Smithing,2,2,"$4,800",2,"$8,785",2,"$15,850",0,0
Columbia,New Lebanon,Drugs and Medicines,4,2,"$79,500",2,"$80,000",2,"$151,500",2,0
Greenburgh,New York,Sugar Refining,4,1,"$150,000",1,"$1,707,200",1,"$1,796,000",1,0
New York,New York,Butchering,22,23,"$869,650",15,"$5,669,893",15,"$4,350,200",2,0
New York,New York,Charcoal Dust,22,1,"$2,000",1,"$25,000",0,NA,1,0
New York,New York,Cigars,22,18,"$84,925",10,"$51,000",8,"$130,650",0,0
New York,New York,Corks,22,1,$800,1,$800,0,NA,1,0
New York,New York,Ice,22,1,"$10,000",1,"$4,000",0,NA,0,0
New York,New York,Meat Packing and Curing,22,13,"$815,000",11,"$1,435,594",11,"$2,384,100",4,0
New York,New York,Paper Boxes,22,8,"$59,000",4,"$26,800",4,"$46,000",0,0
New York,New York,Patent Powers,22,0,NA,0,NA,0,NA,1,0
New York,New York,Refrigerators,22,1,"$20,000",1,"$1,700",1,"$15,000",1,0
New York,New York,Tags,22,1,"$5,000",1,"$6,000",0,NA,1,0
New York,New York,Tobacco,22,12,"$484,500",10,"$595,830",9,"$843,460",11,0
New York,New York,Undertakers,22,8,"$130,300",8,"$158,722",7,"$326,000",1,0
New York,New York,Wax Figures,22,1,"$5,000",1,$125,1,"$4,000",0,0
New York,New York,Artificial Flowers and Plumes,21,3,"$5,800",2,"$6,600",1,"$10,000",0,0
New York,New York,Clothing,21,42,"$510,400",25,"$283,100",33,"$720,925",0,0
New York,New York,Collars and Cuffs,21,0,NA,0,NA,0,NA,2,0
New York,New York,Combs,21,1,$250,1,$150,1,"$2,500",0,0
New York,New York,Corsets,21,2,"$20,000",1,"$1,500",1,"$7,500",0,0
New York,New York,Furs,21,10,"$556,200",5,"$469,500",6,"$1,043,500",1,0
New York,New York,Gloves and Mittens,21,2,"$4,000",2,"$4,000",1,"$1,700",0,0
New York,New York,Hair,21,1,"$1,000",1,"$1,800",1,"$3,000",0,0
New York,New York,Hat Blocks,21,2,"$18,000",0,NA,1,"$15,000",2,0
New York,New York,Hat Bodies,21,1,"$250,000",0,NA,0,NA,1,0
New York,New York,Hats and Caps,21,9,"$49,100",4,"$88,000",6,"$170,500",1,0
New York,New York,Hoop Skirt Materials,21,6,"$547,300",6,"$205,400",5,"$356,400",6,0
New York,New York,Hoop Skirts,21,21,"$210,300",12,"$176,904",12,"$457,600",2,0
New York,New York,Hosiery,21,1,"$100,000",1,"$102,000",1,"$600,000",1,0
New York,New York,Ladies' Under Garments,21,2,"$12,500",2,"$16,000",0,NA,0,0
New York,New York,Dental Furniture,20,1,"$1,000",1,"$1,000",1,"$4,000",1,0
New York,New York,Dentistry,20,3,"$8,500",0,NA,3,"$25,000",0,0
New York,New York,Cannon and Iron Projectiles,19,1,"$800,000",1,"$199,000",1,"$1,400,000",1,0
New York,New York,Drums,19,1,$250,0,NA,1,"$2,000",0,0
New York,New York,Fire Arms,19,1,"$250,000",1,"$40,000",1,"$1,000,000",1,0
New York,New york,Military Equipments,19,1,"$100,000",0,NA,0,NA,0,0
New York,New York,Book Binding and Blank Books,18,7,"$66,900",6,"$48,080",3,"$210,000",5,0
New York,New York,Engraving and Die Sinking,18,2,"$9,000",1,"$2,000",1,"$2,000",0,0
New York,New York,Envelopes,18,6,"$465,000",2,"$340,000",2,"$450,000",8,0
New York,New York,Gold Pens,18,1,"$50,000",1,"$25,000",1,"$50,000",1,0
New York,New York,Jewelry,18,16,"$510,600",12,"$198,600",16,"$584,500",0,0
New York,New York,"Musical Instruments, Generally",18,1,$750,1,$800,1,"$4,000",0,0
New York,New York,Organs,18,4,"$48,750",5,"$28,540",4,"$43,500",1,0
New York,New York,Pearl Work,18,1,"$1,000",1,"$1,000",0,NA,1,0
New York,New York,Pencil Cases,18,1,"$15,000",0,NA,1,"$30,000",0,0
New York,New York,Photographic Appartus and Materials,18,1,"$10,000",1,"$10,000",0,NA,1,0
New York,New York,Photographing,18,6,"$8,700",2,"$1,575",2,"$5,000",0,0
New York,New York,Photolithography,18,1,"$120,000",1,"$50,000",0,NA,1,0
New York,New York,Piano Fortes,18,28,"$1,471,000",14,"$270,150",19,"$1,657,280",9,0
New York,New York,Piano Fortes Actions,18,4,"$11,600",4,"$9,920",3,"$20,500",4,0
New York,New York,Piano Fortes Hardware,18,2,"$34,000",2,"$22,000",2,"$110,800",2,0
New York,New York,Picture and Mirror Frames,18,23,"$526,600",19,"$336,500",15,"$859,400",7,0
New York,New York,Printers' Ink,18,1,"$200,000",1,"$100,000",0,NA,1,0
New York,New York,Printing and Publishing,18,11,"$799,200",5,"$72,700",3,"$113,500",8,0
New York,New York,Printing Presses,18,1,"$800,000",1,"$150,000",1,"$600,000",1,0
New York,New York,Type,18,3,"$88,000",1,"$21,500",2,"$72,000",1,0
New York,New York,"Beds, Mattresses, and Mattress Stuffings",17,5,"$25,500",4,"$11,079",4,"$63,700",0,0
New York,New York,Bedsteads,17,5,"$23,400",3,"$10,670",2,"$41,700",3,0
New York,New York,Billard Tables,17,6,"$48,000",4,"$19,500",3,"$74,000",0,0
New York,New York,Brushes,17,10,"$86,100",5,"$12,110",6,"$108,040",2,0
New York,New York,Cabinet Ware,17,81,"$1,421,500",61,"$324,870",58,"$1,022,650",16,0
New York,New York,Chairs,17,23,"$155,150",16,"$41,404",15,"$167,429",3,0
New York,New York,Rugs and Mats,17,1,"$24,525",1,"$36,000",1,"$45,000",0,0
New York,New York,Upholstery,17,1,"$20,000",1,"$30,000",1,"$100,000",0,0
New York,New York,Washing Machines,17,1,"$50,000",1,"$9,000",0,NA,1,0
New York,New York,Window Shades,17,6,"$108,000",6,"$75,400",5,"$69,000",0,0
New York,New York,Boots and Shoes,16,49,"$245,030",26,"$181,648",34,"$483,426",0,0
New York,New York,"Harnesses, Saddles, and Trunks",16,11,"$78,450",8,"$16,400",7,"$61,500",0,0
New York,New York,Hose,16,1,"$40,000",0,NA,1,"$200,000",0,0
New York,New York,"Lasts, Boot-Trees, and Crimps",16,1,"$1,500",1,$500,1,"$2,500",0,0
New York,New York,Leather Dressers,16,5,"$61,500",1,"$142,800",5,"$214,000",0,0
New York,New York,Morocco,16,8,"$121,000",5,"$115,800",7,"$232,000",1,0
New York,New York,Whips,16,1,NA,0,NA,0,NA,0,0
New York,New York,Fire Brick and Retorts,15,3,"$102,000",2,"$10,600",1,"$25,000",3,0
New York,New York,Glass and Glass Ware,15,2,"$20,000",1,"$10,000",1,"$10,000",1,0
New York,New York,Glass Staining,15,1,"$4,000",1,"$1,640",1,"$5,500",0,0
New York,New York,Lime and Cement,15,3,"$23,250",2,"$3,200",2,"$12,000",0,0
New York,New York,Marble,15,19,"$607,800",16,"$397,400",14,"$944,300",8,0
New York,New York,Plaster,15,1,"$40,000",0,NA,0,NA,1,0
New York,New York,Potteries,15,1,"$45,000",1,"$8,000",1,"$40,000",1,0
New York,New York,Stone Cutting,15,6,"$129,509",5,"$17,500",4,"$30,500",1,0
New York,New York,Tobacco Pipes,15,1,"$7,000",1,$250,1,"$5,000",0,0
New York,New York,Boxes,14,10,"$123,700",7,"$97,135",6,"$169,500",8,0
New York,New York,Carpenter Shops,14,17,"$36,100",7,"$4,746",11,"$62,100",1,0
New York,New York,Cigar Boxes,14,2,"$3,400",2,"$4,000",2,"$9,500",0,0
New York,New York,Cooper Shops,14,9,"$189,650",7,"$29,730",8,"$562,796",2,0
New York,New York,Kindling Wood,14,11,"$151,000",12,"$118,980",7,"$202,380",11,0
New York,New York,Planing Mills,14,7,"$100,500",2,"$87,500",2,"$101,500",7,0
New York,New York,Saws,14,1,"$50,000",1,"$24,000",1,"$45,000",1,0
New York,New York,Toys,14,2,"$24,000",1,"$10,000",1,"$30,000",2,0
New York,New York,Veneerings,14,2,"$59,000",1,"$25,000",2,"$55,000",2,0
New York,New York,"Wood Mouldings, Carvings, and Scrolls",14,16,"$181,500",5,"$27,650",5,"$103,800",10,1
New York,New York,Wood Turning,14,8,"$23,300",4,"$12,500",3,"$22,100",8,0
New York,New York,Bands and Belting,13,2,"$40,000",2,"$90,000",2,"$200,000",0,0
New York,New York,Feed Mills,13,2,"$75,000",0,NA,0,NA,2,0
New York,New York,Mill Gearing and Machinery,13,1,"$80,000",1,"$75,000",1,"$127,000",1,0
New York,New York,Hoisting Wheels and Machines,12,1,"$15,000",1,"$5,000",1,"$16,000",0,0
New York,New York,Hydraulic Presses,12,1,"$10,000",0,NA,1,"$30,000",1,0
New York,New York,Scales,12,2,"$15,000",1,"$10,460",2,"$22,000",2,0
New York,New York,Bellows,11,1,"$7,000",1,"$20,000",1,"$24,000",0,0
New York,New York,Fire Engines,11,1,"$35,000",1,"$23,000",1,"$48,000",0,0
New York,New York,Hydrants,11,1,"$10,000",1,"$25,000",1,"$36,000",1,0
New York,New York,Pumps,11,4,"$107,600",4,"$13,680",3,"$156,350",2,0
New York,New York,Steam Pumps,11,2,"$210,000",1,"$90,000",1,"$175,000",2,0
New York,New York,Cars,10,1,"$66,000",1,"$128,057",0,NA,1,0
New York,New York,Coaches and Wagons,10,35,"$168,100",23,"$323,440",27,"$803,850",5,0
New York,New York,Cisterns and Tanks,9,1,"$13,000",1,"$4,000",1,"$9,000",0,0
New York,New York,House Building,9,7,"$105,000",7,"$103,500",6,"$155,000",1,0
New York,New York,"Sash, Blinds, and Doors",9,7,"$112,500",7,"$75,497",6,"$164,000",5,1
New York,New York,Barometers and Thermometers,8,1,"$2,000",1,"$3,000",1,"$5,000",1,0
New York,New York,Clocks and Watches,8,1,"$40,000",1,"$30,000",0,NA,1,0
New York,New York,Official Instruments,8,1,$100,1,$200,1,"$1,200",1,0
New York,New York,Spectacles,8,1,"$3,000",1,"$5,000",1,"$15,000",0,0
New York,New York,Blocks and Mast Hoops,7,2,"$1,650",1,$110,2,"$2,000",0,0
New York,New York,Boat Building,7,10,"$63,800",10,"$47,365",11,"$134,025",0,0
New York,New York,Sails,7,0,NA,1,"$250,000",0,NA,0,0
New York,New York,Ships,7,5,"$135,000",4,"$390,000",4,"$805,000",0,0
New York,New York,Spars,7,2,"$35,000",2,"$25,000",2,"$45,000",0,0
New York,New York,Steam Boilers,6,5,"$196,000",5,"$351,210",4,"$890,000",4,0
New York,New York,Steam Engines and Boilers,6,10,"$2,169,000",7,"$741,715",7,"$2,661,000",12,0
New York,New York,"Gates, Ranges, and Furnaces",5,7,"$140,000",2,"$20,900",2,"$316,260",1,0
New York,New York,Lamps and Lanterns,5,2,"$15,000",2,"$7,600",2,"$47,000",1,0
New York,New York,Stoves,5,1,"$3,000",0,NA,0,NA,0,0
New York,New York,Bakeries,4,62,"$165,400",39,"$417,817",44,"$613,310",9,0
New York,New York,Bone Turning,4,1,"$1,200",1,$40,0,NA,1,0
New York,New York,Breweries,4,37,"$2,143,100",31,"$1,298,361",31,"$2,320,338",17,0
New York,New York,Calico Printing,4,1,"$16,000",1,"$8,630",2,"$69,000",2,0
New York,New York,"Camphene, Kerosene, Paraffine, and Stearine",4,0,NA,0,NA,0,NA,1,0
New York,New York,Candles and Soap,4,25,"$873,500",21,"$1,106,090",18,"$1,792,196",9,0
New York,New York,Chemicals,4,0,NA,0,NA,0,NA,1,0
New York,New York,"Coffee, Spice, and Mustard",4,3,"$47,000",2,"$11,250",2,"$180,000",4,0
New York,New York,Confectionery ,4,13,"$200,500",12,"$311,447",10,"$366,774",6,0
New York,New York,Cracker Machine,4,1,"$35,000",1,"$15,000",1,"$40,000",1,0
New York,New York,Distilleries,4,11,"$1,027,000",8,"$762,900",8,"$1,100,900",4,0
New York,New York,Drugs and Medicines,4,1,"$3,000",0,NA,1,"$16,000",0,0
New York,New York,Dyeing and Bleaching,4,4,"$18,800",1,"$35,000",1,"$55,000",2,0
New York,New York,Fish Oil,4,2,"$140,000",2,"$320,000",2,"$364,000",0,0
New York,New York,Gas,4,3,"$3,500,000",2,"$737,298",2,"$997,500",0,0
New York,New York,India Rubber Goods,4,1,"$500,000",1,"$200,000",1,"$1,000,000",1,0
New York,New York,Lamp Black and Stove Polish,4,1,"$15,000",1,"$13,000",0,NA,1,0
New York,New York,Maccaroni and Vermicelli,4,2,"$21,200",2,"$2,930",2,"$4,800",2,0
New York,New York,Malt,4,1,"$100,000",1,"$100,000",1,"$160,000",1,0
New York,New York,Matches,4,4,"$71,000",2,"$4,450",2,"$8,600",2,0
New York,New York,Mineral Water,4,10,"$186,000",7,"$62,373",8,"$382,352",1,0
New York,New York,Paints and Colors,4,5,"$135,000",4,"$448,000",4,"$590,000",4,0
New York,New York,Perfumery,4,2,"$20,000",1,"$15,000",1,"$20,000",0,0
New York,New York,"Preserved Fruits, Vegetables, and Meats",4,6,"$297,000",4,"$51,800",6,"$410,500",3,0
New York,New York,Stained Paper and Hangings,4,4,"$74,000",2,"$167,000",3,"$280,000",3,0
New York,New York,Sugar Refining,4,8,"$2,350,000",7,"$8,095,179",7,"$10,728,827",10,0
New York,New York,Vinegar,4,6,"$41,900",5,"$173,198",5,"$338,668",2,0
New York,New York,Whiting,4,1,"$5,000",1,"$4,500",1,"$7,140",0,0
New York,New York,Writing Ink and Blacking,4,1,$250,1,$824,1,"$1,665",0,0
New York,New York,"Card Board, Printing Carrds, and Fancy Paper",3,4,"$213,000",4,"$160,550",3,"$375,000",3,0
New York,New York,"Cotton Batting, Wadding, and Waste",3,2,"$3,000",0,NA,2,"$30,000",0,0
New York,New York,"Fringe, Gimp, Cord, and Tassels",3,3,"$35,000",3,"$21,125",3,"$56,750",0,0
New York,New York,Hair Cloth and Curled Hair,3,4,"$117,000",4,"$85,500",5,"$301,300",3,0
New York,New York,Looms and Loom Harnesses,3,1,"$3,000",0,NA,0,NA,0,0
New York,New York,Oakum,3,1,"$50,000",0,NA,1,"$100,000",1,0
New York,New York,Playing Cards,3,2,"$60,000",2,"$179,000",2,"$333,000",3,0
New York,New York,Ribbons and Silk Trimmings,3,8,"$305,000",6,"$504,300",8,"$1,059,000",7,0
New York,New York,Rope and Twine,3,2,"$7,500",2,"$16,047",2,"$24,439",2,0
New York,New York,Shoddy,3,2,"$12,000",2,"$40,000",2,"$65,000",2,0
New York,New York,Tape and Nets,3,4,"$147,325",3,"$31,266",4,"$328,500",3,0
New York,New York,Axes and Edge Tools,2,2,"$10,400",2,"$4,900",1,"$10,000",2,0
New York,New York,Bells,2,1,"$50,000",1,"$172,250",1,"$300,000",1,0
New York,New York,"Bolts, Nuts, and Washers",2,7,"$225,800",4,"$295,950",4,"$604,000",6,0
New York,New York,Brass and Copper Ware,2,17,"$366,600",10,"$104,300",14,"$426,165",12,0
New York,New York,Britannia Ware,2,1,"$6,000",0,NA,0,NA,1,0
New York,New York,Copper Smithing,2,4,"$30,300",4,"$40,000",4,"$88,950",0,0
New York,New York,Cutlery,2,1,"$6,500",0,NA,0,NA,0,0
New York,New York,Files,2,1,$600,1,$300,1,$750,0,0
New York,New York,Galvanized Iron,2,1,"$10,000",1,"$20,000",1,"$40,000",0,0
New York,New York,Gas Fixtures and Plumbing,2,7,"$333,800",4,"$117,500",5,"$2,064,800",3,0
New York,New York,Gas Meters,2,1,"$20,000",0,NA,0,NA,1,0
New York,New York,Gold Leaf,2,4,"$16,010",4,"$29,500",3,"$37,000",0,0
New York,New York,Hammers and Skates,2,1,"$45,000",0,NA,1,"$90,000",1,0
New York,New York,Hollow Ware,2,1,"$14,000",1,"$23,640",1,"$70,000",0,0
New York,New York,Imitation Bronze,2,1,"$22,183",1,"$31,945",1,"$25,116",0,0
New York,New York,Iron Buildings,2,2,"$304,000",2,"$142,200",1,"$100,000",2,0
New York,New York,Iron Chains,2,1,"$8,000",1,"$7,200",1,"$80,000",1,0
New York,New York,Iron Foundries,2,14,"$523,000",14,"$560,749",12,"$1,616,500",14,0
New York,New York,Iron Pipes,2,5,"$327,000",5,"$177,300",3,"$320,000",6,0
New York,New York,Iron Railings,2,6,"$75,000",6,"$70,900",4,"$61,600",1,0
New York,New York,"Iron Rolling, Cutting, and Forging Works",2,4,"$661,000",3,"$514,400",2,"$930,000",3,1
New York,New York,Japanned Tin,2,0,NA,1,"$10,000",1,"$30,000",0,0
New York,New York,Lathes,2,1,"$16,000",1,"$1,000",1,"$15,000",1,0
New York,New York,Lead and Lead Shot,2,2,"$113,000",2,"$397,500",2,"$1,070,000",2,0
New York,New York,Locks,2,6,"$67,500",5,"$16,204",5,"$38,802",2,0
New York,New York,Machinery,2,19,"$755,700",12,"$1,679,765",11,"$3,015,000",22,0
New York,New York,Metal Sashes,2,1,"$2,000",0,NA,1,"$15,000",0,0
New York,New York,"Metallic Casks, Milk Cans, and Tanks",2,1,"$50,000",0,NA,0,NA,1,0
New York,New York,Saddlery and Coach Hardware,2,1,"$6,000",1,"$2,000",0,NA,0,0
New York,New York,Safes,2,1,"$50,000",1,"$15,000",1,"$90,000",1,0
New York,New York,Sheet-Tin and Copper,2,1,"$32,000",1,"$50,000",1,"$90,000",1,0
New York,New York,Silver Ware,2,10,"$250,480",7,"$240,210",7,"$393,784",6,0
New York,New York,Steel ,2,1,"$200,000",0,NA,1,"$175,000",1,0
New York,New York,Steel Grindiing and Polishing,2,1,$800,1,$800,0,NA,1,0
New York,New York,Steel Pens,2,2,"$25,000",2,"$3,500",1,"$20,000",2,0
New York,New York,Thimbles,2,3,"$36,000",1,"$20,000",3,"$115,000",1,0
New York,New York,Tin Foil,2,1,"$25,000",1,"$140,000",1,"$250,000",1,0
New York,New York,Tin Smithing,2,15,"$107,700",6,"$13,550",7,"$123,500",0,0
New York,New York,Tools,2,3,"$66,200",3,"$16,500",1,"$7,000",2,0
New York,New York,Wire and Wire Work,2,6,"$28,300",2,"$8,903",2,"$18,902",3,0
New York,New York,Agricultural Implements Generally,1,1,"$1,000",1,"$3,000",1,"$6,000",1,0
New York,New York,Hay and Straw Cutters,1,1,"$5,000",0,NA,1,"$12,000",1,0
New York ,New York,Silver Plating,2,1,"$4,000",1,"$1,000",1,"$6,000",0,0
Saugerties,New York,White Lead,4,2,"$70,000",1,"$149,086",1,"$177,500",0,2
Yonkers,New York,Sugar Refining,4,1,"$80,000",1,"$30,000",1,"$34,000",1,0
Orange,Newburgh,Morocco,16,1,"$10,000",1,"$34,200",1,"$36,000",0,0
Cambria,Niagara,Boxes,14,1,$50,0,NA,1,$800,0,0
Cambria,Niagara,Asheries,4,2,"$2,500",2,"$3,724",2,"$9,000",0,0
Hartland,Niagara,Cooper Shops,14,2,$200,2,$790,2,"$1,550",0,0
Hartland,Niagara,"Headings, Hoops, and Staves",14,2,"$9,000",2,"$3,300",2,"$7,700",0,2
Hartland,Niagara,Coaches and Wagons,10,1,"$3,500",1,$360,1,"$1,350",0,0
Lewiston,Niagara,"Harnesses, Saddles, and Trunks",16,1,$500,1,$600,1,"$1,000",0,0
Lockport,Niagara,Cigars,22,2,"$8,500",2,"$6,100",2,"$15,000",0,0
Lockport,Niagara,Fish Propagating,22,1,"$3,000",0,NA,0,NA,0,0
Lockport,Niagara,Clothing,21,3,"$30,000",3,"$22,000",3,"$60,597",0,0
Lockport,Niagara,Hats and Caps,21,1,"$5,000",1,"$2,000",1,"$50,000",0,0
Lockport,Niagara,Cabinet Ware,17,1,"$3,000",1,"$10,000",1,"$15,000",1,0
Lockport,Niagara,"Harnesses, Saddles, and Trunks",16,1,"$5,000",1,"$6,060",1,"$13,000",0,0
Lockport,Niagara,Glass and Glass Ware,15,1,"$10,000",1,"$10,290",1,"$30,000",0,0
Lockport,Niagara,Lime and Cement,15,1,"$5,000",0,NA,1,"$1,349",0,0
Lockport,Niagara,Stone Cutting,15,1,"$18,000",0,NA,1,"$20,500",0,0
Lockport,Niagara,Cooper Shops,14,7,"$9,500",8,"$32,914",8,"$57,020",1,0
Lockport,Niagara,"Headings, Hoops, and Staves",14,4,"$62,000",5,"$94,129",5,"$156,466",5,0
Lockport,Niagara,Planing Mills,14,1,"$4,000",1,"$8,700",1,"$10,000",1,0
Lockport,Niagara,Shingle Machines,14,1,"$4,000",1,"$6,082",1,"$10,372",0,1
Lockport,Niagara,Shingles,14,1,"$6,000",1,"$8,000",1,"$15,000",1,0
Lockport,Niagara,Pumps,11,0,NA,0,NA,1,"$60,000",1,0
Lockport,Niagara,Coaches and Wagons,10,2,"$1,300",1,"$1,850",1,"$4,300",0,0
Lockport,Niagara,Stone Quarries,9,2,NA,0,NA,0,NA,0,0
Lockport,Niagara,Breweries,4,3,"$19,000",3,"$10,600",3,"$19,400",0,0
Lockport,Niagara,Drugs and Medicines,4,1,"$56,000",1,"$100,000",1,"$115,000",0,0
Lockport,Niagara,Gas,4,1,"$40,000",1,"$7,001",1,"$13,000",0,0
Lockport,Niagara,Writing Ink and Blacking,4,1,"$3,000",1,"$5,000",1,"$6,800",0,0
Lockport,Niagara,Carding and Cloth Dressing,3,1,"$6,000",1,"$3,000",0,NA,0,1
Lockport,Niagara,Knit Goods,3,1,"$4,000",1,"$8,200",1,"$9,150",0,1
Lockport,Niagara,Axes and Edge Tools,2,1,"$9,300",1,"$17,060",1,"$24,500",0,1
Lockport,Niagara,Hammers and Skates,2,1,"$50,000",1,"$28,000",0,NA,0,1
Lockport,Niagara,Machinery,2,1,"$10,000",1,"$24,739",1,"$42,467",0,1
Lockport,Niagara,Tin Smithing,2,1,$600,1,$300,1,"$1,000",0,0
Lockport,Niagara,Plows and Cultivators,1,1,"$5,000",1,"$3,975",1,"$7,000",1,0
Lockport ,Niagara,Flax Dressing,3,1,"$12,000",1,$30,1,$134,0,1
Newfane,Niagara,Cooper Shops,14,3,"$1,950",3,"$26,068",3,"$5,200",0,0
Newfane,Niagara,"Headings, Hoops, and Staves",14,1,"$3,000",1,$600,1,"$1,000",1,0
Newfane,Niagara,Hoisting Wheels and Machines,12,1,$700,1,$150,1,$400,0,1
Niagara,Niagara,Cabinet Ware,17,1,"$5,000",1,"$4,000",1,"$5,000",0,1
Niagara,Niagara,Lime and Cement,15,1,"$2,500",1,"$1,600",1,"$4,000",0,0
Niagara,Niagara,Cars,10,1,"$100,000",0,NA,1,"$75,000",1,0
Niagara,Niagara,"Sash, Blinds, and Doors",9,0,NA,0,NA,1,"$3,000",0,1
Niagara,Niagara,Gas,4,1,"$25,000",1,"$4,000",1,"$12,000",0,0
Niagara,Niagara,Iron Foundries,2,1,"$14,000",1,"$8,000",1,"$25,150",0,1
Pendleton,Niagara,Placeholder,0,0,NA,0,NA,0,NA,0,0
Porter,Niagara,"Harnesses, Saddles, and Trunks",16,1,"$1,000",1,$500,1,"$1,000",0,0
Porter,Niagara,Brick,15,1,$300,1,$40,1,$900,0,0
Porter,Niagara,Cooper Shops,14,2,"$1,000",2,$994,2,"$2,000",0,0
Porter,Niagara,"Headings, Hoops, and Staves",14,2,"$8,000",2,"$4,250",2,"$6,600",2,0
Porter,Niagara,Shingles,14,0,NA,1,$500,1,$870,1,0
Royalton,Niagara,"Harnesses, Saddles, and Trunks",16,2,$860,2,$876,2,"$1,425",0,0
Royalton,Niagara,Cooper Shops,14,1,"$1,000",2,"$4,325",2,"$6,500",0,0
Royalton,Niagara,"Headings, Hoops, and Staves",14,1,"$2,500",1,"$9,000",1,"$15,000",1,0
Royalton,Niagara,Coaches and Wagons,10,2,"$2,600",2,"$1,921",2,"$5,795",0,0
Royalton,Niagara,Boat Building,7,1,"$15,000",1,"$1,719",1,"$10,000",0,0
Royalton,Niagara,Tin Smithing,2,1,"$5,000",1,$300,1,$500,0,0
Royalton,Niagara,Agricultural Implements Generally,1,1,"$6,000",1,$730,1,"$1,000",1,0
Somerset,Niagara,Boots and Shoes,16,3,$985,0,NA,3,"$2,900",0,0
Somerset,Niagara,"Harnesses, Saddles, and Trunks",16,1,"$1,000",0,NA,1,"$1,500",0,0
Somerset,Niagara,Coaches and Wagons,10,1,$850,0,NA,1,$600,0,0
Wheatfield,Niagara,Shingles,14,1,"$4,140",1,"$6,740",1,"$12,000",1,0
Wheatfield,Niagara,Shooks,14,1,"$30,000",1,"$14,000",1,"$58,000",1,0
Wilson,Niagara,Boots and Shoes,16,1,$100,1,$510,1,$983,0,0
Wilson,Niagara,"Harnesses, Saddles, and Trunks",16,1,$500,1,$500,1,"$1,000",0,0
Wilson,Niagara,Cooper Shops,14,3,"$2,900",4,"$2,839",4,"$4,550",0,0
Wilson,Niagara,"Headings, Hoops, and Staves",14,2,"$2,800",2,"$2,560",2,"$4,580",2,0
Wilson,Niagara,Coaches and Wagons,10,2,"$1,200",2,$350,2,"$1,190",0,0
Wilson,Niagara,Agricultural Implements Generally,1,1,"$2,500",1,"$1,200",1,"$1,940",1,0
Annsville,Oneida,Cabinet Ware,17,1,"$2,000",1,$200,1,"$1,500",0,1
Annsville,Oneida,Shingle Machines,14,1,$300,1,$475,1,"$1,125",0,1
Annsville,Oneida,Shingles,14,5,"$2,200",5,"$2,950",5,"$7,330",0,5
Annsville,Oneida,Coaches and Wagons,10,2,"$6,000",2,"$2,580",2,"$7,240",0,0
Annsville,Oneida,Oars and Sculls,7,0,NA,1,$60,1,$350,0,0
Annsville,Oneida,Flax Dressing,3,1,"$6,000",1,"$2,000",1,"$2,000",0,1
Annsville,Oneida,Tin Smithing,2,1,"$1,000",1,$550,1,"$1,000",0,0
Augusta,Oneida,Cabinet Ware,17,2,"$1,700",2,$600,2,$700,0,1
Augusta,Oneida,Cooper Shops,14,1,"$1,000",1,$800,1,"$4,000",0,0
Ava,Oneida,Placeholder,0,0,NA,0,NA,0,NA,0,0
Boonville,Oneida,Clothing,21,3,"$18,000",3,"$25,000",0,NA,0,0
Boonville,Oneida,Printing and Publishing,18,1,"$1,200",1,$350,1,"$1,600",0,0
Boonville,Oneida,Cabinet Ware,17,2,"$3,300",2,$710,2,"$4,800",0,0
Boonville,Oneida,Chairs,17,1,"$4,000",1,"$2,400",1,"$8,500",0,1
Boonville,Oneida,Hollow Wooden Ware,17,1,"$4,500",1,"$3,500",1,"$10,000",0,1
Boonville,Oneida,Boots and Shoes,16,5,"$8,500",5,"$17,630",2,"$25,872",0,0
Boonville,Oneida,"Harnesses, Saddles, and Trunks",16,1,"$3,000",1,"$4,000",1,"$6,500",0,0
Boonville,Oneida,Marble,15,1,"$7,000",1,"$3,000",1,"$7,000",0,0
Boonville,Oneida,Lath,14,2,$400,2,$250,2,"$1,500",0,2
Boonville,Oneida,Coaches and Wagons,10,2,"$7,200",2,"$10,500",1,"$10,000",0,0
Boonville,Oneida,"Sash, Blinds, and Doors",9,1,"$3,000",1,$750,1,"$2,300",0,1
Boonville,Oneida,Iron Foundries,2,1,"$10,000",1,"$7,000",1,"$12,000",1,1
Boonville,Oneida,Tin Smithing,2,2,"$4,500",2,"$3,300",1,"$2,000",0,0
Bridgewater,Oneida,Coaches and Wagons,10,1,$400,1,$40,1,$650,0,0
Bridgewater,Oneida,Rakes,1,1,$300,1,$75,1,$700,0,1
Camden,Oneida,Clothing,21,1,"$1,000",1,"$4,000",1,"$5,000",0,0
Camden,Oneida,Cabinet Ware,17,1,$600,1,$75,1,$500,0,0
Camden,Oneida,Chairs,17,1,"$30,000",1,"$7,000",1,"$35,000",0,1
Camden,Oneida,Boots and Shoes,16,4,"$6,500",4,"$7,300",4,"$11,500",0,0
Camden,Oneida,"Harnesses, Saddles, and Trunks",16,1,"$1,100",1,$500,1,"$3,000",0,0
Camden,Oneida,Shingles,14,4,"$4,900",4,$354,4,"$3,300",0,4
Camden,Oneida,Coaches and Wagons,10,1,"$2,500",1,"$2,100",1,"$8,800",0,0
Camden,Oneida,"Sash, Blinds, and Doors",9,2,"$4,800",2,"$1,640",2,"$6,054",0,2
Camden,Oneida,Bakeries,4,1,"$1,200",1,"$1,250",1,"$1,500",0,0
Camden,Oneida,"Preserved Fruits, Vegetables, and Meats",4,3,"$80,000",3,"$30,500",3,"$140,049",3,0
Camden,Oneida,Carding and Cloth Dressing,3,1,"$5,000",1,"$3,500",1,"$3,900",0,1
Camden,Oneida,Machinery,2,2,"$12,600",2,"$6,240",2,"$18,800",0,2
Camden,Oneida,Tin Smithing,2,1,"$2,000",1,"$2,000",1,"$3,500",0,0
Camden,Oneida,Rakes,1,3,"$3,000",3,$800,3,"$3,540",0,3
Deerfield,Oneida,Boots and Shoes,16,2,$550,2,$800,2,"$1,200",0,0
Deerfield,Oneida,Brick,15,6,"$8,850",6,"$1,375",6,"$17,800",0,6
Deerfield,Oneida,Cheese Boxes,14,1,$400,1,$75,1,$300,0,1
Deerfield,Oneida,Cooper Shops,14,2,$600,2,$100,2,$800,0,0
Deerfield,Oneida,Coaches and Wagons,10,3,"$1,200",1,$900,3,"$8,350",0,0
Florence,Oneida,Cooper Shops,14,1,$200,1,$125,0,NA,0,0
Floyd,Oneida,Cheese Boxes,14,1,$200,1,$450,1,"$1,500",1,0
Floyd,Oneida,Smut Machine,13,1,$800,1,$666,1,"$1,650",0,1
Floyd,Oneida,Pumps,11,1,$200,1,$375,1,"$1,000",1,0
Floyd,Oneida,Coaches and Wagons,10,1,$500,1,$300,1,$962,0,0
Kirkland,Oneida,Chairs,17,1,"$2,500",1,"$1,000",1,"$2,400",0,1
Kirkland,Oneida,Planing Mills,14,1,"$6,000",1,"$5,000",1,"$10,000",0,1
Kirkland,Oneida,Coaches and Wagons,10,1,"$2,000",1,$540,1,$800,0,0
Kirkland,Oneida,Iron Mining,9,3,"$39,700",0,NA,3,"$63,100",0,0
Lee,Oneida,Boots and Shoes,16,1,$500,0,NA,1,"$2,500",0,0
Lee,Oneida,Planing Mills,14,1,"$1,800",1,"$1,800",0,NA,0,1
Lee,Oneida,Wood Turning,14,1,"$1,000",0,NA,1,"$2,600",0,0
Marcy,Oneida,Cheese Boxes,14,1,"$1,200",1,"$1,440",1,"$4,000",0,1
Marcy,Oneida,Cooper Shops,14,1,$500,1,"$1,100",1,$700,0,0
Marshall,Oneida,Cabinet Ware,17,1,"$1,000",0,NA,0,NA,0,0
Marshall,Oneida,Cheese Boxes,14,1,$600,1,$600,0,NA,0,1
Marshall,Oneida,Planing Mills,14,1,"$2,000",1,"$2,000",1,"$2,300",0,1
Marshall,Oneida,Coaches and Wagons,10,1,"$1,500",1,$100,0,NA,0,0
Marshall,Oneida,Breweries,4,1,"$20,000",0,NA,0,NA,1,0
Marshall,Oneida,Distilleries,4,1,"$10,000",0,NA,0,NA,0,1
Marshall,Oneida,"Iron Rolling, Cutting, and Forging Works",2,1,$650,0,NA,0,NA,0,1
Marshall,Oneida,"Cotton, Hay, and Hop Presses",1,1,$800,1,$225,0,NA,0,1
New Hartford,Oneida,Boots and Shoes,16,0,NA,1,$500,1,"$1,000",0,0
New Hartford,Oneida,Plaster,15,1,"$3,000",1,"$1,750",1,"$3,000",0,1
New Hartford,Oneida,Boxes,14,1,"$2,000",1,$320,1,"$1,500",0,1
New Hartford,Oneida,"Wood Mouldings, Carvings, and Scrolls",14,1,"$1,000",1,$250,1,"$1,100",0,1
New Hartford,Oneida,Mill Gearing and Machinery,13,1,"$2,000",1,"$5,000",1,"$10,000",0,1
New Hartford,Oneida,Coaches and Wagons,10,2,"$12,000",2,"$9,150",2,"$26,769",0,0
New Hartford,Oneida,Iron Mining,9,0,NA,0,NA,1,$500,0,0
New Hartford,Oneida,Stone Quarries,9,0,NA,0,NA,1,$288,0,0
New Hartford,Oneida,Knit Goods,3,1,"$12,000",1,"$12,250",1,"$12,800",0,1
New Hartford,Oneida,Reapers and Mowers,1,1,"$100,000",1,"$59,500",1,"$188,000",1,1
Paris,Oneida,Cheese Boxes,14,1,$300,1,$700,1,"$2,000",0,1
Paris,Oneida,Saw Frames,14,1,$800,1,$400,1,$900,0,0
Paris,Oneida,Coaches and Wagons,10,2,"$1,300",1,"$1,500",1,"$5,000",0,0
Paris,Oneida,"Sash, Blinds, and Doors",9,1,"$2,000",1,$800,0,NA,0,1
Paris,Oneida,Carding and Cloth Dressing,3,1,$500,0,NA,1,$350,0,1
Paris ,Oneida,Scythes,1,1,"$90,000",1,"$47,043",1,"$76,437",0,1
Remsen,Oneida,Charcoal,22,1,$500,1,"$1,100",0,NA,0,0
Remsen,Oneida,Cheese Boxes,14,1,"$1,000",0,NA,0,NA,0,1
Remsen,Oneida,Planing Mills,14,1,"$20,000",0,NA,0,NA,0,1
Remsen,Oneida,Coaches and Wagons,10,1,"$8,000",1,"$2,200",0,NA,0,0
Rome,Oneida,Clothing,21,1,"$20,000",1,$600,1,"$10,000",0,0
Rome,Oneida,Hats and Caps,21,2,"$7,000",1,"$1,700",2,"$31,200",0,0
Rome,Oneida,Cabinet Ware,17,3,"$5,800",3,"$1,300",3,"$8,200",0,0
Rome,Oneida,Boots and Shoes,16,2,"$21,000",3,"$33,000",3,"$56,000",0,0
Rome,Oneida,"Harnesses, Saddles, and Trunks",16,1,"$2,500",1,"$3,244",1,"$6,400",0,0
Rome,Oneida,Cooper Shops,14,1,$300,1,$100,1,$400,0,0
Rome,Oneida,Cars,10,1,"$50,000",1,"$35,200",1,"$69,000",1,0
Rome,Oneida,Coaches and Wagons,10,3,"$4,400",3,"$4,100",2,"$5,500",0,0
Rome,Oneida,Wheel Barrows,10,1,"$1,000",1,$360,1,"$1,000",0,1
Rome,Oneida,"Sash, Blinds, and Doors",9,1,"$16,000",1,"$6,000",1,"$16,000",1,0
Rome,Oneida,Breweries,4,2,"$6,800",2,"$11,100",2,"$18,155",1,0
Rome,Oneida,Candles and Soap,4,1,"$5,500",1,"$4,000",1,"$6,500",0,0
Rome,Oneida,"Preserved Fruits, Vegetables, and Meats",4,1,"$10,000",1,"$21,000",1,"$26,800",0,0
Rome,Oneida,Hammers and Skates,2,1,"$3,500",1,"$2,600",0,NA,1,0
Rome,Oneida,Iron Foundries,2,1,"$16,000",1,"$17,000",1,"$25,000",1,0
Rome,Oneida,Tin Smithing,2,4,"$11,800",4,"$6,050",4,"$13,800",0,0
Rome,Oneida,Agricultural Implements Generally,1,1,"$3,000",1,$600,1,"$3,600",0,0
Sangerfield,Oneida,"Harnesses, Saddles, and Trunks",16,1,"$2,000",1,$400,1,"$1,299",0,0
Sangerfield,Oneida,Brick,15,1,"$1,000",1,$350,1,"$1,000",0,1
Sangerfield,Oneida,Tin Smithing,2,1,"$20,000",1,$840,1,"$3,325",0,0
Saugerties,Oneida,Boots and Shoes,16,2,"$2,400",2,"$27,100",2,"$50,000",0,0
Steuben,Oneida,Placeholder,0,0,NA,0,NA,0,NA,0,0
Trenton,Oneida,Clothing,21,1,"$1,200",0,NA,0,NA,0,0
Trenton,Oneida,Cabinet Ware,17,1,$700,1,$250,1,$575,0,0
Trenton,Oneida,Boots and Shoes,16,3,"$1,025",3,$754,3,"$4,050",0,0
Trenton,Oneida,"Harnesses, Saddles, and Trunks",16,1,$150,0,NA,0,NA,0,0
Trenton,Oneida,Lime and Cement,15,2,"$2,500",2,$395,2,"$2,650",0,0
Trenton,Oneida,Cooper Shops,14,1,$500,0,NA,1,$100,0,0
Trenton,Oneida,Coaches and Wagons,10,5,"$5,150",3,$627,5,"$5,000",0,0
Trenton,Oneida,Iron Foundries,2,1,"$4,000",0,NA,0,NA,0,1
Trenton,Oneida,Tin Smithing,2,1,"$2,000",1,$433,1,$875,0,0
Trenton,Oneida,Rakes,1,2,$700,2,$272,2,"$1,300",0,0
Truxton,Oneida,Dentistry,20,1,$800,1,$150,1,"$1,000",0,0
Utica,Oneida,Butchering,22,2,"$5,500",0,NA,0,NA,0,0
Utica,Oneida,Cigars,22,1,"$2,000",1,"$1,000",1,"$8,200",0,0
Utica,Oneida,Ice,22,2,"$6,000",2,"$2,400",2,"$6,200",0,0
Utica,Oneida,Tobacco,22,2,"$26,000",2,"$116,000",2,"$195,866",2,0
Utica,Oneida,Undertakers,22,2,"$6,000",2,"$3,786",2,"$13,000",0,0
Utica,Oneida,Balmoral Skirts and Skirtings,21,1,"$7,000",1,"$16,536",1,"$25,762",1,0
Utica,Oneida,Clothing,21,12,"$123,500",11,"$436,984",12,"$847,755",0,0
Utica,Oneida,Furs,21,3,"$26,500",3,"$43,928",3,"$68,287",0,0
Utica,Oneida,Hosiery,21,1,"$8,000",1,"$25,000",1,"$100,000",1,0
Utica,Oneida,Ladies' Cloaks,21,3,"$26,000",3,"$67,755",3,"$102,670",0,0
Utica,Oneida,Fire Arms,19,1,"$80,000",1,"$43,373",1,"$325,000",1,0
Utica,Oneida,Brushes,17,1,"$1,000",1,$675,1,"$1,500",0,0
Utica,Oneida,Cabinet Ware,17,4,"$50,300",3,"$11,730",4,"$55,700",0,0
Utica,Oneida,Boots and Shoes,16,11,"$33,800",10,"$20,840",9,"$46,875",0,0
Utica,Oneida,"Harnesses, Saddles, and Trunks",16,1,"$5,900",1,"$3,577",1,"$8,960",0,0
Utica,Oneida,Fire Brick and Retorts,15,1,"$12,000",1,"$16,360",1,"$18,400",1,0
Utica,Oneida,Lime and Cement,15,1,"$4,000",1,"$1,800",1,"$4,500",0,0
Utica,Oneida,Marble,15,1,"$6,000",1,"$4,500",1,"$7,000",0,0
Utica,Oneida,Stone Cutting,15,1,"$4,000",1,"$4,000",1,"$4,500",0,0
Utica,Oneida,Cigar Boxes,14,1,"$1,000",1,"$1,300",1,"$12,000",0,0
Utica,Oneida,Cooper Shops,14,3,"$2,000",3,"$5,526",3,"$9,480",0,0
Utica,Oneida,Saws,14,2,"$20,000",2,"$14,500",2,"$27,000",2,0
Utica,Oneida,Pumps,11,1,"$35,079",1,"$56,500",1,"$108,004",1,0
Utica,Oneida,Coaches and Wagons,10,4,"$24,000",4,"$7,581",4,"$16,540",0,0
Utica,Oneida,"Sash, Blinds, and Doors",9,1,"$10,000",1,"$9,000",1,"$19,112",1,0
Utica,Oneida,Boat Building,7,2,"$5,400",1,"$1,740",1,"$3,600",0,0
Utica,Oneida,Steam Engines and Boilers,6,2,"$180,000",1,"$334,195",1,"$342,000",2,0
Utica,Oneida,Locomotive Lamps,5,2,"$24,000",2,"$7,002",2,"$24,000",1,0
Utica,Oneida,Stoves,5,2,"$140,000",2,"$33,780",2,"$90,440",2,0
Utica,Oneida,Bakeries,4,2,"$47,796",2,"$11,860",2,"$24,461",1,0
Utica,Oneida,Bone Black and Bone Manure,4,2,"$9,000",2,"$9,000",0,NA,1,0
Utica,Oneida,Breweries,4,4,"$67,800",4,"$47,345",4,"$58,500",2,1
Utica,Oneida,Candles and Soap,4,3,"$29,000",3,"$22,620",3,"$30,975",0,0
Utica,Oneida,Drugs and Medicines,4,1,"$20,000",1,"$15,000",1,"$30,000",0,0
Utica,Oneida,Gas,4,1,"$80,000",1,"$22,400",1,"$40,000",0,0
Utica,Oneida,Mineral Water,4,1,"$2,500",1,"$3,800",1,"$2,160",0,0
Utica,Oneida,Oil Cloth,4,1,"$50,000",1,"$51,500",1,"$75,000",1,0
Utica,Oneida,Petroleum Refineries,4,1,"$10,000",1,"$12,000",1,"$14,000",1,0
Utica,Oneida,Knit Goods,3,1,"$12,000",1,"$11,584",1,"$16,422",1,0
Utica,Oneida,Iron Foundries,2,1,"$35,000",1,"$31,900",1,"$55,000",1,0
Utica,Oneida,Iron Railings,2,1,"$10,000",1,"$2,189",1,"$9,000",1,0
Utica,Oneida,Machinery,2,2,"$78,529",2,"$23,839",2,"$97,551",2,0
Utica,Oneida,Malleable Iron,2,1,"$32,000",1,"$34,875",1,"$70,000",1,0
Utica,Oneida,Tin Smithing,2,3,"$4,800",3,"$2,598",3,"$5,050",0,0
Utica,Oneida,Cheese Vats,1,2,"$22,500",2,"$20,040",2,"$42,850",0,0
Vernon,Oneida,Clothing,21,1,"$1,500",1,"$2,500",1,"$4,000",0,0
Vernon,Oneida,Hats and Caps,21,1,"$10,000",1,"$6,600",1,"$24,000",1,0
Vernon,Oneida,Boots and Shoes,16,3,$550,3,$900,3,"$2,500",0,0
Vernon,Oneida,Coaches and Wagons,10,1,"$2,000",1,"$2,765",1,"$5,675",0,0
Vernon,Oneida,Wheel Barrows,10,1,"$1,000",1,$341,1,$900,0,1
Vernon,Oneida,Flax Dressing,3,1,"$6,000",1,"$4,400",1,"$6,897",0,1
Vernon,Oneida,Tin Smithing,2,1,$600,1,$600,0,NA,0,0
Vernon,Oneida,Agricultural Implements Generally,1,1,"$15,000",1,"$7,170",1,"$10,560",0,1
Verona,Oneida,Butchering,22,2,"$1,700",2,"$9,760",2,"$14,405",0,0
Verona,Oneida,Glass and Glass Ware,15,2,"$90,000",2,"$44,275",2,"$100,000",0,0
Verona,Oneida,Cheese Boxes,14,1,"$2,000",1,$755,1,"$1,950",0,1
Verona,Oneida,Stone Quarries,9,1,"$2,000",0,NA,1,"$3,200",0,0
Verona,Oneida,Boat Building,7,3,"$17,000",3,"$21,010",3,"$31,725",0,0
Verona,Oneida,Distilleries,4,1,"$10,000",1,"$15,780",1,"$22,900",0,0
Verona,Oneida,Iron Foundries,2,1,"$1,500",1,$450,1,"$2,000",1,0
Verona,Oneida,Tin Smithing,2,1,$500,1,"$1,000",1,"$2,000",0,0
Vienna,Oneida,Boat Building,7,6,"$30,000",6,"$7,964",6,"$36,800",0,0
Western,Oneida,"Harnesses, Saddles, and Trunks",16,1,$150,1,$275,1,$425,0,0
Western,Oneida,Cooper Shops,14,0,NA,1,$25,1,$190,0,0
Western,Oneida,"Headings, Hoops, and Staves",14,2,"$3,300",2,"$2,150",2,"$5,040",1,1
Western,Oneida,Oars and Sculls,7,1,"$10,000",1,"$3,000",1,"$9,000",0,1
Western,Oneida,Tin Smithing,2,1,$275,1,$596,1,$834,0,0
Western,Oneida,Baskets,1,1,$50,1,$50,1,$600,0,0
Westmoreland,Oneida,Pails and Tubs,17,1,"$14,000",1,"$3,800",1,"$11,700",1,0
Westmoreland,Oneida,Potteries,15,1,$130,1,$197,1,$500,0,1
Westmoreland,Oneida,Pumps,11,1,$500,1,$825,1,"$1,000",0,0
Westmoreland,Oneida,House Builders Hardware,2,1,"$20,000",1,"$22,050",1,"$35,000",0,1
Westmoreland,Oneida,Malleable Iron,2,1,"$20,000",0,NA,0,NA,1,0
Whitestown,Oneida,Boots and Shoes,16,2,$450,2,$450,2,"$1,950",0,0
Whitestown,Oneida,Marble,15,1,"$4,000",1,"$2,000",1,"$4,000",0,0
Whitestown,Oneida,Coaches and Wagons,10,2,"$6,000",2,"$7,757",1,"$4,300",0,0
Whitestown,Oneida,Petroleum Refineries,4,1,"$20,000",1,"$30,000",1,"$75,000",1,0
Whitestown,Oneida,Vinegar,4,1,"$2,000",0,NA,0,NA,0,0
Whitestown,Oneida,"Cotton Batting, Wadding, and Waste",3,1,"$20,000",1,"$42,525",1,"$70,000",0,1
Whitestown,Oneida,Knit Goods,3,1,"$8,382",1,"$45,471",1,"$89,170",0,1
Whitestown,Oneida,Shoddy,3,1,$800,1,"$9,520",1,"$13,600",0,1
Whitestown,Oneida,Malleable Iron,2,1,"$50,000",1,"$42,675",1,"$75,000",0,1
Whitestown,Oneida,Tin Smithing,2,2,"$1,500",2,"$2,100",3,"$4,600",0,0
Camillus,Onondaga,Cooper Shops,14,1,"$2,700",1,"$2,500",1,"$8,000",0,0
Camillus,Onondaga,Coaches and Wagons,10,1,"$1,600",1,$600,1,"$1,600",0,0
Cicero,Onondaga,Boots and Shoes,16,1,$400,1,"$3,100",1,"$6,300",0,0
Cicero,Onondaga,Cooper Shops,14,1,$250,1,"$1,300",1,"$20,000",0,0
Cicero,Onondaga,Coaches and Wagons,10,1,"$1,600",1,$150,1,$600,0,0
Clay. ,Onondaga,Placeholder,0,0,NA,0,NA,0,NA,0,0
Dewitt,Onondaga,Placeholder,0,0,NA,0,NA,0,NA,0,0
Elbridge,Onondaga,Bedsteads,17,1,"$5,000",1,$600,1,"$1,500",0,1
Elbridge,Onondaga,Pails and Tubs,17,1,"$25,000",1,"$5,000",1,"$20,000",0,1
Elbridge,Onondaga,"Harnesses, Saddles, and Trunks",16,2,$700,2,$450,2,$750,0,0
Elbridge,Onondaga,Marble,15,1,"$2,000",1,$500,1,"$1,000",0,0
Elbridge,Onondaga,Pearl Barley ,13,1,"$15,000",1,"$50,000",1,"$65,000",0,1
Elbridge,Onondaga,Wheel Barrows,10,1,"$20,000",1,"$25,000",1,"$40,000",0,0
Elbridge,Onondaga,Hammers and Skates,2,1,"$12,000",1,"$3,000",1,"$50,000",1,0
Fabius,Onondaga,Cheese Boxes,14,2,"$2,250",2,$999,2,"$5,400",1,1
Fabius,Onondaga,Coaches and Wagons,10,1,$600,1,$640,1,"$1,200",0,0
Fabius,Onondaga,Reapers and Mowers,1,1,"$3,000",1,"$5,245",1,"$10,000",1,0
Fabius,Onondaga,Scythe Snaths,1,1,"$1,000",1,$762,1,"$2,100",0,0
Geddes,Onondaga,Potteries,15,2,"$8,700",2,"$1,725",2,"$8,000",0,0
Geddes,Onondaga,Boxes,14,1,"$1,500",1,$600,1,"$2,000",0,0
Geddes,Onondaga,Cooper Shops,14,3,"$2,075",3,"$15,574",3,"$42,662",0,0
Geddes,Onondaga,"Headings, Hoops, and Staves",14,1,"$3,000",1,"$3,700",1,"$5,000",0,0
Geddes,Onondaga,Distilleries,4,1,"$20,000",0,NA,0,NA,1,0
Geddes,Onondaga,Salt,4,21,"$149,000",18,"$189,221",18,"$371,143",1,0
Geddes,Onondaga,Reapers and Mowers,1,1,"$40,000",1,"$15,000",1,"$60,000",1,0
La Fayette,Onondaga,Bedsteads,17,1,$350,1,$480,1,"$1,200",0,0
La Fayette,Onondaga,Pails and Tubs,17,1,$100,1,$75,1,$200,0,0
La Fayette,Onondaga,Boots and Shoes,16,4,$350,4,"$1,200",4,"$2,200",0,0
La Fayette,Onondaga,"Harnesses, Saddles, and Trunks",16,1,$100,1,$400,1,$600,0,0
La Fayette,Onondaga,Stone Cutting,15,1,$50,1,$400,1,$800,0,0
La Fayette,Onondaga,Shingles,14,0,NA,1,$25,1,$100,0,0
La Fayette,Onondaga,Coaches and Wagons,10,1,"$2,000",1,"$1,020",1,"$3,300",0,1
La Fayette,Onondaga,Scythe Snaths,1,1,$300,1,$100,1,"$2,200",0,0
Lysander,Onondaga,Boots and Shoes,16,5,NA,0,NA,0,NA,0,0
Lysander,Onondaga,"Harnesses, Saddles, and Trunks",16,1,NA,0,NA,0,NA,0,0
Lysander,Onondaga,Plaster,15,1,"$2,000",1,"$1,250",1,"$1,600",0,1
Lysander,Onondaga,Coaches and Wagons,10,6,NA,0,NA,0,NA,0,0
Lysander,Onondaga,Boat Building,7,3,"$6,000",1,"$1,800",0,NA,0,0
Manlius,Onondaga,Butchering,22,2,"$1,000",2,"$8,586",2,"$21,677",0,0
Manlius,Onondaga,Cigars,22,1,$500,1,"$1,900",1,"$8,875",0,0
Manlius,Onondaga,Clothing,21,1,$910,1,"$2,000",1,"$1,500",0,0
Manlius,Onondaga,Cabinet Ware,17,1,"$1,400",1,$677,1,"$1,500",0,0
Manlius,Onondaga,Boots and Shoes,16,3,"$1,600",3,"$3,630",3,"$7,839",0,0
Manlius,Onondaga,"Harnesses, Saddles, and Trunks",16,2,"$1,200",2,"$2,500",2,"$5,990",0,0
Manlius,Onondaga,Marble,15,2,$600,2,$900,1,"$2,250",0,0
Manlius,Onondaga,Plaster,15,6,"$28,400",6,"$25,727",6,"$53,960",0,6
Manlius,Onondaga,Stone Cutting,15,1,$500,0,NA,0,NA,0,0
Manlius,Onondaga,Coaches and Wagons,10,2,"$4,500",2,"$2,245",2,"$5,720",0,0
Manlius,Onondaga,"Sash, Blinds, and Doors",9,1,"$5,000",1,"$7,850",1,"$11,024",0,1
Manlius,Onondaga,Boat Building,7,1,"$10,000",1,"$2,591",1,"$4,250",0,0
Manlius,Onondaga,Steam Engines and Boilers,6,1,"$9,000",1,"$2,640",1,"$9,000",0,1
Manlius,Onondaga,Writing Ink and Blacking,4,1,"$1,000",1,$728,1,"$2,000",0,0
Manlius,Onondaga,Grain Cradles,1,1,"$2,000",1,"$6,100",1,"$8,000",0,1
Manlius,Onondaga,Plows and Cultivators,1,2,"$6,000",2,"$4,794",2,"$3,200",0,1
Manlius,Onondaga,Reapers and Mowers,1,2,"$10,450",2,"$35,125",2,"$92,800",0,2
Marcellus,Onondaga,Cigars,22,0,NA,1,"$1,500",1,"$2,000",0,0
Marcellus,Onondaga,Cabinet Ware,17,1,$500,1,$115,1,$575,0,0
Marcellus,Onondaga,Boots and Shoes,16,1,$400,2,"$2,043",2,"$4,400",0,0
Marcellus,Onondaga,"Harnesses, Saddles, and Trunks",16,0,NA,1,$304,1,$585,0,0
Marcellus,Onondaga,Windmills,13,1,"$3,000",1,$235,1,"$1,000",0,1
Marcellus,Onondaga,Candles and Soap,4,0,NA,1,"$1,240",1,"$1,355",0,0
Marcellus,Onondaga,Distilleries,4,1,"$5,000",1,$858,1,"$2,600",0,1
Marcellus,Onondaga,Yeast,4,1,"$1,500",1,"$2,800",1,"$3,750",0,0
Onondaga,Onondaga,Boots and Shoes,16,1,$500,1,"$1,015",1,"$1,180",0,0
Onondaga,Onondaga,Stone Cutting,15,2,"$3,500",0,NA,2,"$6,935",0,0
Onondaga,Onondaga,Water Lime,15,2,"$2,200",2,"$4,800",2,"$12,401",0,0
Onondaga,Onondaga,Coaches and Wagons,10,3,"$2,300",2,"$1,028",3,"$2,320",0,0
Onondaga,Onondaga,Iron Foundries,2,1,"$1,000",1,$75,1,$500,0,0
Otisco,Onondaga,Clothing,21,1,"$1,300",1,"$3,000",1,"$4,000",0,0
Otisco,Onondaga,Boots and Shoes,16,1,"$1,800",1,$636,1,"$1,220",0,0
Otisco,Onondaga,"Harnesses, Saddles, and Trunks",16,1,$900,1,$500,1,$860,0,0
Otisco,Onondaga,Rakes,1,2,"$3,500",2,"$3,223",2,"$5,280",1,0
Pompey,Onondaga,Plaster,15,1,"$2,500",1,$625,1,$900,0,0
Salina,Onondaga,Boots and Shoes,16,3,"$3,100",3,"$2,300",3,"$4,000",0,0
Salina,Onondaga,Brick,15,3,"$6,000",1,$250,3,"$12,900",0,0
Salina,Onondaga,Cooper Shops,14,0,NA,4,"$19,199",4,"$39,332",1,0
Salina,Onondaga,Boat Building,7,1,"$3,000",1,"$1,000",1,"$4,500",0,0
Salina,Onondaga,Breweries,4,1,$500,1,"$2,450",1,"$5,000",0,0
Salina,Onondaga,Salt,4,3,"$90,000",0,NA,3,"$20,388",0,0
Skaneateles,Onondaga,Clothing,21,2,"$5,000",2,"$10,500",1,"$14,000",0,0
Skaneateles,Onondaga,Cabinet Ware,17,1,"$50,000",1,"$50,000",1,"$70,000",0,0
Skaneateles,Onondaga,Chairs,17,1,"$2,000",1,$288,1,"$2,000",0,1
Skaneateles,Onondaga,Boots and Shoes,16,3,$900,3,"$2,000",3,"$4,500",0,0
Skaneateles,Onondaga,"Harnesses, Saddles, and Trunks",16,2,"$1,300",2,"$1,700",2,"$4,330",0,0
Skaneateles,Onondaga,Water Lime,15,2,"$3,000",2,"$3,900",2,"$16,300",0,2
Skaneateles,Onondaga,Coaches and Wagons,10,1,"$3,000",1,$600,1,"$9,000",0,1
Skaneateles,Onondaga,Distilleries,4,2,"$35,000",2,"$98,026",2,"$749,219",0,2
Skaneateles,Onondaga,Malt,4,1,"$3,000",1,"$14,000",1,"$16,000",0,1
Skaneateles,Onondaga,Iron Foundries,2,1,"$5,000",1,"$1,788",1,"$3,300",0,1
Spafford,Onondaga,Placeholder,0,0,NA,0,NA,0,NA,0,0
Syracuse,Onondaga,Hosiery,21,1,"$100,000",0,NA,0,NA,1,0
Syracuse,Onondaga,Melodeons,18,1,"$12,000",0,NA,1,"$50,000",0,0
Syracuse,Onondaga,Printing and Publishing,18,1,"$9,000",1,"$4,290",1,"$8,500",1,0
Syracuse,Onondaga,Brooms,17,1,$250,1,"$1,701",1,"$2,420",0,0
Syracuse,Onondaga,Boots and Shoes,16,1,"$1,500",1,$800,1,"$2,000",0,0
Syracuse,Onondaga,Brick,15,1,"$15,000",0,NA,1,"$13,800",0,1
Syracuse,Onondaga,Glass and Glass Ware,15,1,"$60,000",1,"$52,101",1,"$72,000",0,0
Syracuse,Onondaga,Potteries,15,1,"$7,500",1,"$2,265",1,"$6,379",0,0
Syracuse,Onondaga,Stone Cutting,15,1,"$3,500",1,"$6,000",1,"$20,000",0,0
Syracuse,Onondaga,Cooper Shops,14,30,"$51,750",17,"$59,160",30,"$219,766",1,0
Syracuse,Onondaga,"Headings, Hoops, and Staves",14,2,"$3,900",2,"$9,000",3,"$22,990",2,1
Syracuse,Onondaga,Coaches and Wagons,10,2,"$35,000",1,"$12,000",2,"$35,000",1,0
Syracuse,Onondaga,"Sash, Blinds, and Doors",9,1,"$7,000",1,"$4,000",1,"$10,000",1,0
Syracuse,Onondaga,Steam Engines and Boilers,6,1,"$4,000",1,"$26,700",1,"$100,000",1,0
Syracuse,Onondaga,Bakeries,4,3,"$2,600",3,"$14,630",2,"$36,456",0,0
Syracuse,Onondaga,Breweries,4,6,"$158,000",6,"$255,550",6,"$414,350",4,0
Syracuse,Onondaga,Candles and Soap,4,1,"$10,000",1,"$6,000",1,"$14,000",1,0
Syracuse,Onondaga,Matches,4,1,"$5,000",1,"$6,100",1,"$37,500",1,0
Syracuse,Onondaga,Mineral Water,4,1,"$3,000",1,"$3,000",NA,NA,0,0
Syracuse,Onondaga,Salt,4,22,"$919,707",21,"$564,981",22,"$1,999,404",1,0
Syracuse,Onondaga,Iron Foundries,2,1,"$140,000",1,"$99,750",1,"$151,200",3,0
Syracuse,Onondaga,"Iron Rolling, Cutting, and Forging Works",2,1,$300,1,$840,1,"$4,160",0,0
Syracuse,Onondaga,Machinery,2,1,"$30,000",1,"$7,000",1,"$21,000",1,0
Syracuse,Onondaga,Malleable Iron,2,1,"$9,000",1,"$4,500",1,"$18,000",1,0
Syracuse,Onondaga,Saddlery and Coach Hardware,2,2,"$43,000",2,"$11,000",2,"$145,000",2,0
Syracuse,Onondaga,Silver Ware,2,1,"$12,000",1,"$23,000",1,"$32,000",0,0
Syracuse,Onondaga,Rakes,1,1,"$2,000",1,$640,1,"$3,200",0,1
Syracuse,Onondaga,Reapers and Mowers,1,2,"$238,000",2,"$189,500",2,"$365,300",2,0
Syracuse,Onondaga,Sections of Reapers and Mowers,1,2,"$407,000",2,"$167,325",2,"$478,500",0,1
Tully,Onondaga,Undertakers,22,1,$500,1,$500,1,$900,0,0
Tully,Onondaga,Boots and Shoes,16,2,$200,2,$650,2,"$1,300",0,0
Tully,Onondaga,"Harnesses, Saddles, and Trunks",16,1,$600,1,"$1,884",1,"$3,000",0,0
Tully,Onondaga,Cooper Shops,14,1,$300,2,"$1,035",2,"$4,187",0,0
Tully,Onondaga,Coaches and Wagons,10,1,"$8,000",1,"$4,000",1,"$12,000",1,0
Van Buren,Onondaga,Cabinet Ware,17,1,"$8,762",1,"$4,262",1,"$7,280",0,0
Van Buren,Onondaga,Potteries,15,1,"$2,000",1,$200,0,NA,0,0
Van Buren,Onondaga,Coaches and Wagons,10,2,"$6,500",1,$545,2,"$3,200",0,1
Van Buren,Onondaga,Wire and Wire Work,2,1,$500,0,NA,1,$800,0,0
Marcellus,Onondage,Flax Dressing,3,1,$500,1,$800,1,"$1,200",0,1
Bristol,Ontario,Boots and Shoes,16,1,$70,1,$350,1,$800,0,0
Bristol,Ontario,"Harnesses, Saddles, and Trunks",16,1,$100,1,$500,1,"$1,000",0,0
Bristol,Ontario,Blacksmithing,2,2,$400,2,$700,2,"$2,400",0,0
Canadice,Ontario,Blacksmithing,2,5,$605,5,$725,5,"$2,750",0,0
Canandaigua,Ontario,Printing and Publishing,18,2,"$10,000",2,"$2,680",2,"$10,000",0,0
Canandaigua,Ontario,Boots and Shoes,16,6,"$10,500",5,"$5,300",6,"$9,700",0,0
Canandaigua,Ontario,"Harnesses, Saddles, and Trunks",16,1,"$2,000",1,"$1,200",1,"$3,000",0,0
Canandaigua,Ontario,Lime and Cement,15,1,"$2,300",0,NA,1,"$7,500",0,0
Canandaigua,Ontario,Coaches and Wagons,10,4,"$6,800",4,"$6,500",2,"$9,000",0,0
Canandaigua,Ontario,Asheries,4,1,$200,1,$160,1,$750,0,0
Canandaigua,Ontario,Breweries,4,1,"$30,000",1,"$163,000",1,"$238,000",1,0
Canandaigua,Ontario,Gas,4,1,"$50,000",1,"$3,156",1,"$104,393",0,0
Canandaigua,Ontario,Blacksmithing,2,7,"$6,000",6,"$3,900",6,"$8,400",0,0
Canandaigua,Ontario,Iron Foundries,2,1,"$11,000",1,$600,1,"$15,000",1,0
Canandaigua,Ontario,Tin Smithing,2,5,"$10,000",5,"$10,000",5,"$19,000",0,0
Caneadea,Ontario,Boots and Shoes,16,1,$50,1,$300,1,$600,0,0
Caneadea,Ontario,Lath,14,1,"$1,800",0,NA,1,$300,1,0
East Bloomfield,Ontario,Coaches and Wagons,10,1,"$7,000",1,"$3,000",1,"$9,586",0,0
East Bloomfield,Ontario,Sowers,1,1,"$5,000",1,"$1,220",1,"$5,050",0,1
Farmington,Ontario,Carding and Cloth Dressing,3,1,$500,1,"$3,000",1,"$3,375",0,1
Gorham,Ontario,Boots and Shoes,16,1,$350,1,$185,1,"$4,000",0,0
Gorham,Ontario,"Harnesses, Saddles, and Trunks",16,1,$400,1,$40,1,"$1,000",0,0
Gorham,Ontario,"Headings, Hoops, and Staves",14,1,$515,1,$300,1,"$1,000",0,1
Gorham,Ontario,Wood Turning,14,1,$100,1,$150,1,$540,1,1
Gorham,Ontario,Coaches and Wagons,10,2,$700,1,$300,1,$850,0,0
Gorham,Ontario,Blacksmithing,2,4,"$1,075",1,$62,2,"$2,600",0,0
Hopewell,Ontario,Cooper Shops,14,1,$200,1,$60,1,$300,0,0
Hopewell,Ontario,"Headings, Hoops, and Staves",14,1,$800,1,$500,1,$550,0,1
Hopewell,Ontario,Coaches and Wagons,10,1,$125,1,$25,1,$100,0,0
Hopewell,Ontario,"Spokes, Felloes, and Bows",10,1,"$3,500",1,"$1,000",1,"$8,000",0,1
Hopewell,Ontario,Blacksmithing,2,3,$700,0,NA,2,$755,0,0
Hopewell,Ontario,Machinery,2,1,"$2,500",0,NA,1,"$8,000",0,1
Manchester,Ontario,Boots and Shoes,16,1,$800,1,$180,1,"$6,000",0,0
Manchester,Ontario,Plaster,15,1,"$6,000",0,NA,1,"$1,600",0,1
Manchester,Ontario,Water Lime,15,1,$200,1,$150,1,"$1,200",0,1
Manchester,Ontario,Cooper Shops,14,3,$875,3,$485,3,"$1,575",0,0
Manchester,Ontario,"Headings, Hoops, and Staves",14,2,"$6,500",1,$84,1,"$1,000",0,0
Manchester,Ontario,Coaches and Wagons,10,1,"$10,000",1,"$1,000",1,"$3,000",0,0
Manchester,Ontario,Blacksmithing,2,2,"$2,150",1,$300,2,"$4,000",0,0
Manchester,Ontario,"Iron Rolling, Cutting, and Forging Works",2,1,$400,1,$500,1,"$1,500",0,0
Manchester,Ontario,Plows and Cultivators,1,1,"$1,000",1,"$1,100",1,"$2,000",0,1
Manchester,Ontario,Sowers,1,1,"$13,000",1,"$10,600",1,"$19,000",0,1
Naples,Ontario,Placeholder,0,0,NA,0,NA,0,NA,0,0
Phelps,Ontario,"Harnesses, Saddles, and Trunks",16,1,"$2,500",1,$175,1,"$3,041",0,0
Phelps,Ontario,Plaster,15,1,"$2,500",0,NA,1,"$1,050",0,1
Phelps,Ontario,Stone Cutting,15,1,$300,0,NA,1,"$1,000",0,0
Phelps,Ontario,Tiles,15,1,"$2,000",1,$120,1,$600,1,0
Phelps,Ontario,Wooden Water Pipes and Pump Logs,11,1,$400,1,$460,1,"$1,000",0,1
Phelps,Ontario,Coaches and Wagons,10,1,$800,2,"$1,150",2,"$3,000",0,0
Phelps,Ontario,Distilleries,4,1,"$5,000",1,"$1,310",1,"$3,000",1,0
Phelps,Ontario,Blacksmithing,2,1,$300,1,$100,1,$600,0,0
Phelps,Ontario,Plows and Cultivators,1,1,"$6,000",1,"$3,200",1,"$4,900",0,1
Phelps,Ontario,Rakes,1,1,"$2,000",0,NA,1,"$3,000",0,1
Richmond,Ontario,Cabinet Ware,17,1,"$5,000",1,$500,0,NA,1,0
Richmond,Ontario,Coaches and Wagons,10,1,"$1,200",1,$200,1,$650,0,0
Richmond,Ontario,Blacksmithing,2,1,$800,0,NA,1,$700,0,0
Richmond ,Ontario,Iron Foundries,2,1,"$10,000",1,$300,1,"$7,000",1,0
Seneca,Ontario,Cigars,22,2,"$6,000",2,"$1,500",2,"$9,500",0,0
Seneca,Ontario,Clothing,21,5,"$18,800",5,"$22,200",5,"$38,500",0,0
Seneca,Ontario,Cabinet Ware,17,1,"$50,000",1,"$50,000",1,"$70,000",0,0
Seneca,Ontario,Boots and Shoes,16,3,"$22,000",3,"$8,400",3,"$15,400",0,0
Seneca,Ontario,Brick,15,1,"$1,500",1,"$1,000",1,"$2,000",0,0
Seneca,Ontario,Marble,15,2,"$7,000",2,"$3,000",2,"$6,500",0,0
Seneca,Ontario,Coaches and Wagons,10,3,"$16,300",3,"$7,050",3,"$21,000",0,0
Seneca,Ontario,"Spokes, Felloes, and Bows",10,1,"$2,150",1,"$2,750",1,"$4,940",0,1
Seneca,Ontario,Steam Boilers,6,1,"$5,000",1,"$15,000",1,"$35,000",0,0
Seneca,Ontario,Gas,4,1,"$36,250",1,"$3,500",1,"$80,000",0,0
Seneca,Ontario,Yeast,4,1,"$3,000",1,"$6,392",1,"$20,000",0,0
Seneca,Ontario,Blacksmithing,2,3,"$1,200",2,"$1,370",3,"$2,790",0,0
Seneca,Ontario,Iron Foundries,2,1,"$12,000",1,"$50,000",1,"$180,000",1,0
South Bristol,Ontario,Placeholder,0,0,NA,0,NA,0,NA,0,0
Victor,Ontario,Clothing,21,2,"$2,500",2,"$4,500",2,"$10,500",0,0
Victor,Ontario,Boots and Shoes,16,1,"$1,500",1,"$1,500",1,"$2,400",0,0
Victor,Ontario,"Harnesses, Saddles, and Trunks",16,1,"$1,000",1,$500,1,"$1,500",0,0
Victor,Ontario,Plaster,15,1,"$1,200",1,"$1,200",1,"$2,400",0,1
Victor,Ontario,Asheries,4,1,$300,1,$150,1,$600,0,0
Victor,Ontario,Tin Smithing,2,1,"$1,000",1,$500,1,"$2,000",0,0
West Bloomfield,Ontario,Boots and Shoes,16,1,$600,1,"$1,500",1,"$2,241",0,0
West Bloomfield,Ontario,Coaches and Wagons,10,1,$800,1,$300,1,$500,0,0
West Bloomfield,Ontario,Breweries,4,1,"$1,800",1,"$6,305",1,"$9,000",0,0
West Bloomfield,Ontario,Blacksmithing,2,2,$950,2,$506,2,"$1,720",0,0
Phelps,Ontarip,Lime and Cement,15,1,$700,1,"$1,000",1,"$2,000",0,0
Blooming Grove,Orange,Cigars,22,1,$600,1,$200,1,$360,0,0
Blooming Grove,Orange,Cabinet Ware,17,1,"$8,762",1,"$4,262",1,"$7,280",0,0
Blooming Grove,Orange,Coaches and Wagons,10,1,"$1,500",1,$200,1,"$1,000",0,0
Blooming Grove,Orange,Iron Mining,9,1,"$13,000",0,NA,1,"$25,000",0,0
Blooming Grove,Orange,Stone Quarries,9,1,"$5,000",0,NA,1,"$3,000",0,0
Blooming Grove,Orange,Distilleries,4,1,"$1,500",1,$500,1,$668,0,1
Blooming Grove,Orange,Lathes,2,1,"$1,200",1,$840,1,"$2,565",1,0
Blooming Grove,Orange,Tin Smithing,2,1,"$1,500",1,"$1,497",1,"$4,800",0,0
Chester_O,Orange,Clothing,21,1,$500,1,"$1,000",1,"$2,500",0,0
Chester_O,Orange,Boots and Shoes,16,2,"$4,000",2,"$29,200",2,"$42,463",0,0
Chester_O,Orange,"Harnesses, Saddles, and Trunks",16,1,$500,1,$500,1,"$1,150",0,0
Chester_O,Orange,Plaster,15,1,"$5,000",1,"$2,400",1,"$3,600",0,1
Chester_O,Orange,Coaches and Wagons,10,3,"$4,400",4,"$5,100",4,"$10,800",0,0
Chester_O,Orange,"Sash, Blinds, and Doors",9,1,"$1,200",1,"$1,100",1,"$2,000",0,0
Chester_O,Orange,Blacksmithing,2,2,"$1,000",2,"$1,100",2,"$3,000",0,0
Chester_O,Orange,Tin Smithing,2,1,"$1,800",1,"$5,000",1,"$8,900",0,0
Cornwall,Orange,"Harnesses, Saddles, and Trunks",16,1,$500,1,$600,1,"$1,500",0,0
Cornwall,Orange,Coaches and Wagons,10,1,"$4,000",1,"$1,465",1,"$6,000",0,1
Cornwall,Orange,Bakeries,4,1,$600,1,"$3,500",1,"$4,500",0,0
Crawford,Orange,Cigars,22,1,"$2,000",1,$650,1,"$2,360",0,0
Crawford,Orange,"Harnesses, Saddles, and Trunks",16,2,"$1,000",2,$925,2,"$2,150",0,0
Crawford,Orange,Wood Turning,14,1,$500,1,"$6,000",1,"$9,000",1,0
Crawford,Orange,Coaches and Wagons,10,1,$800,1,$100,1,"$2,000",0,0
Crawford,Orange,Distilleries,4,3,"$7,500",3,"$4,000",3,"$22,400",0,0
Crawford,Orange,Blacksmithing,2,1,$600,1,$960,1,"$1,000",0,0
Crawford,Orange,Scythes,1,1,"$12,000",1,$900,1,"$4,500",0,1
Deerpark,Orange,Cabinet Ware,17,1,"$15,000",1,"$4,500",1,"$10,000",0,1
Deerpark,Orange,Lime and Cement,15,1,NA,0,NA,0,NA,0,0
Deerpark,Orange,Wood Turning,14,1,"$20,000",1,"$10,000",1,"$20,000",0,1
Deerpark,Orange,Coaches and Wagons,10,1,"$2,000",1,$200,1,$600,0,1
Deerpark,Orange,Wheel Barrows,10,1,"$6,000",1,"$4,500",1,"$14,000",0,1
Deerpark,Orange,"Sash, Blinds, and Doors",9,1,"$2,000",1,"$1,400",1,"$8,000",0,1
Goshen,Orange,Clothing,21,1,"$3,000",1,"$2,500",1,"$4,000",0,0
Goshen,Orange,Printing and Publishing,18,2,"$13,000",2,"$5,000",1,"$5,000",0,0
Goshen,Orange,Cabinet Ware,17,2,"$6,500",2,$590,2,"$2,300",0,0
Goshen,Orange,Brick,15,1,"$1,000",0,NA,1,"$2,500",0,1
Goshen,Orange,Coaches and Wagons,10,3,"$3,500",3,"$1,260",3,"$8,000",0,1
Goshen,Orange,Blacksmithing,2,2,$800,2,"$1,000",1,"$1,200",0,0
Goshen,Orange,Agricultural Implements Generally,1,1,"$2,000",1,$950,1,"$5,000",1,0
Greenville_O,Orange,Placeholder,0,0,NA,0,NA,0,NA,0,0
Hamptonburgh,Orange,Coaches and Wagons,10,1,$600,1,$260,1,$950,0,0
Hamptonburgh,Orange,Blacksmithing,2,3,"$2,400",3,"$1,395",3,"$4,300",0,0
Minisink,Orange,Placeholder,0,0,NA,0,NA,0,NA,0,0
Monroe,Orange,Coaches and Wagons,10,2,NA,0,NA,0,NA,0,0
Monroe,Orange,Iron Mining,9,1,"$100,000",0,NA,2,"$140,000",2,0
Monroe,Orange,Blacksmithing,2,1,$700,0,NA,0,NA,0,0
Montgomery,Orange,Butchering,22,1,"$3,000",1,"$4,000",1,"$8,000",0,0
Montgomery,Orange,Cigars,22,2,$300,2,"$1,850",2,"$3,610",0,0
Montgomery,Orange,Cabinet Ware,17,1,"$1,200",1,$650,1,"$2,000",0,0
Montgomery,Orange,"Harnesses, Saddles, and Trunks",16,2,"$2,440",2,$900,2,"$1,770",0,0
Montgomery,Orange,Coaches and Wagons,10,3,"$1,900",3,$725,3,"$3,700",0,0
Montgomery,Orange,Distilleries,4,1,"$1,000",1,$800,1,"$4,394",0,1
Montgomery,Orange,Blacksmithing,2,3,$900,3,$755,3,"$4,000",0,0
Montgomery,Orange,Cutlery,2,1,"$10,000",1,"$20,000",1,"$36,000",0,0
Montgomery,Orange,Tin Smithing,2,1,"$1,200",1,"$1,474",1,"$4,000",0,0
Mount Hope,Orange,Clothing,21,1,"$1,000",1,$700,1,"$1,609",0,0
Mount Hope,Orange,Boots and Shoes,16,1,"$1,500",1,$100,1,$500,0,0
Mount Hope,Orange,Lead Mining,9,0,NA,0,NA,0,NA,1,0
Mount Hope,Orange,Distilleries,4,2,"$5,000",2,"$3,400",2,"$10,866",1,1
Mount Hope,Orange,Tin Smithing,2,1,"$1,000",1,$600,1,"$1,600",0,0
New Windsor,Orange,Boots and Shoes,16,1,$500,1,$500,1,"$1,580",0,0
New Windsor,Orange,Brick,15,5,"$27,000",5,"$2,400",5,"$38,500",2,0
New Windsor,Orange,Coaches and Wagons,10,2,"$2,800",1,$80,2,"$1,150",0,0
New Windsor,Orange,Blankets,3,1,"$7,000",0,NA,1,"$12,000",0,1
New Windsor,Orange,Blacksmithing,2,4,"$1,800",4,$750,4,"$2,400",0,0
Newburgh,Orange,Cigars,22,1,"$4,240",1,$375,1,"$12,500",0,0
Newburgh,Orange,Tobacco,22,1,"$10,000",1,"$2,800",1,"$16,740",1,0
Newburgh,Orange,Clothing,21,2,"$8,600",2,"$12,896",2,"$17,876",0,0
Newburgh,Orange,Piano Fortes,18,1,"$7,700",1,"$1,900",1,"$10,000",0,0
Newburgh,Orange,Brushes,17,1,"$7,500",1,"$2,798",1,"$28,000",1,0
Newburgh,Orange,Cabinet Ware,17,1,"$13,000",1,"$4,000",1,"$9,000",1,0
Newburgh,Orange,Upholstery,17,1,"$8,000",1,"$6,900",1,"$8,400",0,0
Newburgh,Orange,"Harnesses, Saddles, and Trunks",16,2,"$5,300",2,"$1,560",2,"$3,000",0,0
Newburgh,Orange,Leather Dressers,16,1,"$3,500",1,"$50,918",1,"$74,520",0,0
Newburgh,Orange,Brick,15,6,"$10,000",6,"$4,000",6,"$18,000",0,4
Newburgh,Orange,Lime and Cement,15,1,"$3,000",1,"$8,640",1,"$17,250",0,0
Newburgh,Orange,Marble,15,1,"$5,000",1,"$2,000",1,"$5,000",0,0
Newburgh,Orange,Cooper Shops,14,1,"$4,300",1,"$1,800",1,"$2,200",0,0
Newburgh,Orange,Toys,14,1,$500,1,$160,1,$700,0,0
Newburgh,Orange,Mill Gearing and Machinery,13,1,"$5,000",1,$900,1,"$3,500",0,1
Newburgh,Orange,Coaches and Wagons,10,3,"$26,800",3,"$11,300",3,"$13,600",0,1
Newburgh,Orange,Steam Boilers,6,1,"$30,000",1,"$28,000",1,"$42,000",1,0
Newburgh,Orange,Steam Engines and Boilers,6,0,NA,1,"$491,180",1,"$1,500,000",1,0
Newburgh,Orange,Bakeries,4,3,"$5,300",3,"$11,845",2,"$12,480",0,0
Newburgh,Orange,Breweries,4,1,"$150,000",1,"$126,250",1,"$270,000",1,0
Newburgh,Orange,Candles and Soap,4,2,"$14,000",3,"$105,440",3,"$151,800",0,0
Newburgh,Orange,"Condensed Milk, Cider, and Coffee",4,1,"$50,000",1,"$54,000",0,NA,1,0
Newburgh,Orange,Confectionery ,4,2,$500,2,"$1,070",2,"$1,907",0,0
Newburgh,Orange,Mineral Water,4,2,"$6,250",2,"$3,752",2,"$6,260",0,0
Newburgh,Orange,Oil Cloth,4,2,"$8,000",2,"$64,120",1,"$66,000",0,0
Newburgh,Orange,Petroleum Refineries,4,1,"$10,000",0,NA,0,NA,0,0
Newburgh,Orange,"Preserved Fruits, Vegetables, and Meats",4,1,"$100,000",1,"$133,534",NA,NA,1,0
Newburgh,Orange,Blankets,3,2,"$30,000",2,"$44,000",2,"$75,000",0,2
Newburgh,Orange,Blacksmithing,2,1,$350,2,"$1,350",1,$550,0,0
Newburgh,Orange,Iron Foundries,2,1,"$15,000",1,"$3,120",1,"$8,400",1,0
Newburgh,Orange,Machinery,2,1,"$30,000",1,"$11,900",1,"$60,000",1,0
Newburgh,Orange,Tin Smithing,2,1,"$29,000",1,"$27,780",1,"$34,775",0,0
Wallkill,Orange,Carpet and Traveling Bags,22,1,"$10,000",1,"$60,000",1,"$89,425",1,0
Wallkill,Orange,Cigars,22,1,"$2,200",1,$850,1,"$2,100",0,0
Wallkill,Orange,Tobacco,22,2,"$6,500",2,"$4,480",2,"$13,600",1,0
Wallkill,Orange,Clothing,21,2,"$7,500",1,"$14,192",1,"$9,296",0,0
Wallkill,Orange,Hats and Caps,21,1,"$25,000",1,"$27,000",1,"$42,000",1,0
Wallkill,Orange,Ladies' Cloaks,21,1,"$1,300",1,"$2,592",1,"$4,820",0,0
Wallkill,Orange,Chairs,17,1,"$2,000",1,"$2,000",1,"$6,000",0,0
Wallkill,Orange,Boots and Shoes,16,1,"$2,000",1,"$1,420",1,"$3,080",0,0
Wallkill,Orange,"Harnesses, Saddles, and Trunks",16,2,"$4,000",2,"$1,030",2,"$3,900",0,0
Wallkill,Orange,Marble,15,1,"$2,000",1,"$1,122",1,"$5,041",0,0
Wallkill,Orange,Cooper Shops,14,1,"$7,000",1,"$10,000",1,"$25,000",0,0
Wallkill,Orange,Saws,14,1,"$75,000",1,"$52,000",1,"$125,000",1,0
Wallkill,Orange,Coaches and Wagons,10,2,"$5,500",2,"$4,600",2,"$11,835",0,0
Wallkill,Orange,"Sash, Blinds, and Doors",9,1,"$4,000",1,$400,1,"$1,600",0,0
Wallkill,Orange,Breweries,4,1,"$25,000",1,"$10,675",1,"$18,000",1,0
Wallkill,Orange,"Condensed Milk, Cider, and Coffee",4,1,"$10,000",1,"$85,212",1,"$104,270",1,0
Wallkill,Orange,Distilleries,4,1,"$6,000",1,"$1,875",1,"$7,500",0,1
Wallkill,Orange,Petroleum Refineries,4,4,"$180,000",0,NA,1,"$160,000",0,0
Wallkill,Orange,Blankets,3,2,"$9,500",0,NA,1,"$8,000",0,1
Wallkill,Orange,Files,2,1,"$20,000",1,"$16,975",1,"$50,000",1,0
Wallkill,Orange,Iron Foundries,2,1,"$20,000",1,"$16,000",1,"$31,680",1,0
Wallkill,Orange,Tin Smithing,2,3,"$9,000",3,"$12,500",3,"$22,700",0,0
Wallkill,Orange,Grain Cradles,1,1,"$2,500",1,$766,1,"$1,940",0,0
Wallkill,Orange,Rakes,1,1,"$2,000",1,"$1,500",1,"$2,930",0,1
Warwick,Orange,Chairs,17,1,$500,1,$150,1,"$1,350",0,0
Warwick,Orange,Coaches and Wagons,10,2,"$3,000",2,"$1,250",2,"$4,500",0,1
Warwick,Orange,Distilleries,4,3,"$7,000",3,"$5,569",3,"$26,533",2,1
Wawayanda,Orange,Blankets,3,1,"$10,000",1,"$10,000",1,"$35,000",0,1
Albion,Orleans,Boots and Shoes,16,2,$700,2,"$1,555",2,"$3,460",0,0
Albion,Orleans,Coaches and Wagons,10,2,"$6,500",2,"$6,800",2,"$20,000",0,0
Albion,Orleans,"Sash, Blinds, and Doors",9,1,"$2,500",1,"$2,200",1,"$4,500",0,0
Albion,Orleans,Asheries,4,1,"$1,000",1,"$6,000",1,"$10,000",0,0
Albion,Orleans,Agricultural Implements Generally,1,1,"$20,000",1,"$15,000",1,"$50,000",0,0
Barre,Orleans,"Harnesses, Saddles, and Trunks",16,2,"$1,000",2,"$1,370",2,"$2,200",0,0
Barre,Orleans,Cooper Shops,14,3,"$6,100",3,"$7,023",3,"$11,850",0,0
Barre,Orleans,Coaches and Wagons,10,1,"$1,200",1,"$1,320",1,"$4,075",0,0
Barre,Orleans,Blacksmithing,2,1,$300,1,$60,0,NA,0,0
Carlton,Orleans,Placeholder,0,0,NA,0,NA,0,NA,0,0
Clarendon,Orleans,Placeholder,0,0,NA,0,NA,0,NA,0,0
Gaines,Orleans,Placeholder,0,0,NA,0,NA,0,NA,0,0
Kendall,Orleans,Placeholder,0,0,NA,0,NA,0,NA,0,0
Murray,Orleans,Cabinet Ware,17,1,"$2,000",1,$400,1,"$3,000",0,0
Murray,Orleans,Cooper Shops,14,1,$500,1,$800,1,"$1,200",0,0
Murray,Orleans,Shingles,14,1,"$5,000",1,"$1,500",1,"$2,000",1,0
Murray,Orleans,Coaches and Wagons,10,1,"$5,700",1,"$2,100",1,"$6,500",0,0
Murray,Orleans,Blacksmithing,2,1,$800,1,$400,1,"$2,000",0,0
Murray,Orleans,Agricultural Implements Generally,1,1,"$3,000",1,"$1,720",1,"$4,000",1,0
Ridgeway,Orleans,Cigars,22,1,$300,1,$100,1,"$1,000",0,0
Ridgeway,Orleans,Clothing,21,2,"$19,600",2,"$20,500",2,"$40,900",0,0
Ridgeway,Orleans,Cabinet Ware,17,2,"$5,000",1,"$3,080",1,"$12,000",0,0
Ridgeway,Orleans,Boots and Shoes,16,7,"$7,400",7,"$9,750",7,"$14,000",0,0
Ridgeway,Orleans,"Harnesses, Saddles, and Trunks",16,3,"$4,525",3,"$1,700",3,"$9,750",0,0
Ridgeway,Orleans,Marble,15,1,$400,1,$600,1,"$1,000",0,0
Ridgeway,Orleans,Plaster,15,1,"$3,000",1,$335,1,$675,1,0
Ridgeway,Orleans,Cooper Shops,14,5,"$10,800",3,"$3,375",5,"$21,650",0,0
Ridgeway,Orleans,Planing Mills,14,1,"$5,500",1,"$15,000",1,"$2,000",0,1
Ridgeway,Orleans,Shingles,14,1,"$2,500",1,"$3,000",1,"$6,900",1,0
Ridgeway,Orleans,Pumps,11,1,$100,1,$125,1,$500,0,0
Ridgeway,Orleans,Coaches and Wagons,10,3,"$4,200",3,"$4,200",3,"$22,550",0,0
Ridgeway,Orleans,"Sash, Blinds, and Doors",9,1,"$6,000",0,NA,1,"$9,000",0,1
Ridgeway,Orleans,Stone Quarries,9,4,"$17,000",0,NA,4,"$41,000",0,0
Ridgeway,Orleans,Bakeries,4,2,"$6,000",2,"$7,200",2,"$7,580",0,0
Ridgeway,Orleans,Linsed Oil,4,1,"$4,000",1,"$7,000",1,"$9,500",0,1
Ridgeway,Orleans,Rope and Twine,3,1,"$26,000",1,"$7,500",1,"$30,000",0,1
Ridgeway,Orleans,Blacksmithing,2,2,$750,2,$385,2,"$1,450",0,0
Ridgeway,Orleans,Iron Foundries,2,1,"$10,000",1,"$6,000",1,"$8,000",1,0
Ridgeway,Orleans,Tin Smithing,2,5,"$7,450",5,"$4,150",5,"$7,725",0,0
Ridgeway,Orleans,Threshing Machines,1,1,"$1,500",1,$800,1,"$3,000",0,1
Shelby,Orleans,Boots and Shoes,16,2,"$1,200",2,$735,2,"$1,457",0,0
Shelby,Orleans,"Headings, Hoops, and Staves",14,2,"$3,000",0,NA,2,"$5,800",1,1
Shelby,Orleans,Coaches and Wagons,10,1,$900,1,"$1,200",1,$800,0,0
Shelby,Orleans,Asheries,4,1,$600,1,$900,1,"$2,500",0,0
Shelby,Orleans,Blacksmithing,2,1,$600,0,NA,1,$500,0,0
Yates,Orleans,"Harnesses, Saddles, and Trunks",16,1,$400,1,$875,1,"$3,125",0,0
Yates,Orleans,Cooper Shops,14,1,$400,1,$705,1,"$1,100",0,0
Albion,Oswego,Cooper Shops,14,2,$340,2,"$4,110",2,"$7,400",0,0
Albion,Oswego,"Headings, Hoops, and Staves",14,8,"$5,825",8,"$4,810",8,"$9,100",2,6
Albion,Oswego,Shingles,14,9,"$2,875",9,"$2,613",9,"$6,607",0,8
Amboy,Oswego,Placeholder,0,0,NA,0,NA,0,NA,0,0
Boyleston,Oswego,Placeholder,0,0,NA,0,NA,0,NA,0,0
Burlington,Oswego,Blacksmithing,2,4,"$1,600",3,"$1,080",4,"$3,200",0,0
Cherry Valley,Oswego,Blacksmithing,2,1,"$1,150",1,$160,1,"$3,600",0,0
Constantia,Oswego,Clothing,21,1,$600,1,$300,1,"$1,000",0,0
Constantia,Oswego,Photographing,18,1,$500,1,$500,1,"$1,400",0,0
Constantia,Oswego,Cabinet Ware,17,2,"$1,900",2,$180,2,"$1,863",0,0
Constantia,Oswego,Boots and Shoes,16,2,$250,3,"$1,713",3,"$2,327",0,0
Constantia,Oswego,"Harnesses, Saddles, and Trunks",16,1,$300,1,$585,1,$645,0,0
Constantia,Oswego,Glass and Glass Ware,15,3,"$25,000",2,"$90,092",2,"$162,309",0,0
Constantia,Oswego,Boxes,14,0,NA,3,"$1,785",3,"$3,338",0,0
Constantia,Oswego,"Headings, Hoops, and Staves",14,2,"$2,500",2,"$2,385",2,"$7,200",0,0
Constantia,Oswego,Lath,14,0,NA,0,NA,4,"$1,241",0,4
Constantia,Oswego,Wood Turning,14,1,"$1,000",1,$375,1,$900,0,0
Constantia,Oswego,Coaches and Wagons,10,5,"$3,400",5,"$1,779",5,"$5,485",1,0
Constantia,Oswego,"Sash, Blinds, and Doors",9,1,$400,1,$175,1,$700,1,0
Constantia,Oswego,Tin Smithing,2,1,$800,1,$380,1,$800,0,0
Decatur,Oswego,Blacksmithing,2,2,$675,2,$328,1,"$1,100",0,0
Edmeston,Oswego,Blacksmithing,2,3,"$1,350",3,"$1,266",3,"$4,000",0,0
Granby,Oswego,Coaches and Wagons,10,1,"$1,500",1,$800,1,"$5,000",0,0
Granby,Oswego,Flax Dressing,3,1,$600,1,$600,1,"$1,370",0,1
Hannibal,Oswego,Cabinet Ware,17,2,$700,2,$514,2,$814,0,0
Hannibal,Oswego,Boots and Shoes,16,1,$600,1,$300,1,$600,0,0
Hannibal,Oswego,"Harnesses, Saddles, and Trunks",16,1,$700,1,"$1,000",1,"$2,000",0,0
Hannibal,Oswego,Cooper Shops,14,0,NA,4,"$1,770",6,"$10,790",0,1
Hannibal,Oswego,Coaches and Wagons,10,1,$200,1,$500,1,"$1,000",0,0
Hannibal,Oswego,Carding and Cloth Dressing,3,1,$600,0,NA,1,$500,0,1
Hannibal,Oswego,Blacksmithing,2,2,"$1,600",2,$740,2,"$4,500",0,0
Hannibal,Oswego,Agricultural Implements Generally,1,1,"$1,000",0,NA,0,NA,0,0
Hartwick,Oswego,Blacksmithing,2,1,$200,1,$110,1,"$1,000",0,0
Hastings,Oswego,Cabinet Ware,17,1,$300,1,$200,1,$400,0,0
Hastings,Oswego,Boots and Shoes,16,1,NA,0,NA,0,NA,0,0
Hastings,Oswego,Carding and Cloth Dressing,3,1,"$2,000",1,"$10,000",1,"$11,200",0,1
Hastings,Oswego,Blacksmithing,2,3,"$2,300",3,"$1,600",3,"$2,100",0,0
Laurens,Oswego,Blacksmithing,2,1,$400,1,$900,1,"$2,100",0,0
Maryland,Oswego,Blacksmithing,2,1,$300,1,$425,1,"$1,600",0,0
Mexico,Oswego,Clothing,21,1,$350,1,"$9,450",1,"$12,100",0,0
Mexico,Oswego,Boots and Shoes,16,2,$440,2,"$3,616",2,"$10,261",0,0
Mexico,Oswego,Marble,15,1,$100,1,$300,1,$900,0,0
Mexico,Oswego,Cooper Shops,14,4,$400,4,"$4,058",4,"$8,130",0,0
Mexico,Oswego,Planing Mills,14,1,"$1,000",1,$900,1,"$1,150",0,1
Mexico,Oswego,Pumps,11,1,$200,1,$247,1,$900,0,1
Mexico,Oswego,Coaches and Wagons,10,1,"$3,000",1,"$3,400",1,"$8,605",0,1
Mexico,Oswego,"Sash, Blinds, and Doors",9,2,"$7,000",2,"$1,430",2,"$4,850",0,1
Mexico,Oswego,Agricultural Implements Generally,1,1,"$3,000",1,$699,1,"$2,601",0,0
Middlefield,Oswego,Blacksmithing,2,1,$200,1,$200,1,$800,0,0
New Haven,Oswego,Undertakers,22,1,$500,1,$100,1,$900,0,0
New Haven,Oswego,Boots and Shoes,16,1,"$1,500",1,"$4,259",1,"$7,195",0,0
New Haven,Oswego,Coaches and Wagons,10,1,$100,1,$100,1,$600,0,0
New Haven,Oswego,Blacksmithing,2,1,$400,0,NA,1,"$3,000",0,0
New Lisbon,Oswego,Blacksmithing,2,1,$200,1,$162,1,$800,0,0
Oneonta,Oswego,Blacksmithing,2,5,"$2,075",5,"$1,035",5,"$3,450",0,0
Orwell,Oswego,Cheese Boxes,14,1,"$1,000",1,$300,1,$900,0,1
Oswego,Oswego,Butchering,22,1,$150,1,$600,0,NA,0,0
Oswego,Oswego,Cabinet Ware,17,1,"$9,000",1,"$2,000",1,"$5,000",0,1
Oswego,Oswego,Brick,15,2,"$1,000",0,NA,2,"$5,310",0,2
Oswego,Oswego,Boxes,14,1,"$30,000",1,"$40,000",1,"$42,536",1,0
Oswego,Oswego,Planing Mills,14,2,"$29,000",1,"$16,000",1,"$19,000",2,0
Oswego,Oswego,Coaches and Wagons,10,2,"$5,200",1,$200,1,"$7,000",0,0
Oswego,Oswego,"Sash, Blinds, and Doors",9,2,"$8,500",2,"$3,250",2,"$7,396",1,1
Oswego,Oswego,Blocks and Mast Hoops,7,1,"$3,500",1,"$21,500",1,"$40,000",1,0
Oswego,Oswego,Boat Building,7,1,"$15,000",1,"$14,000",0,NA,0,0
Oswego,Oswego,Steam Engines and Boilers,6,1,"$60,000",1,"$101,725",1,"$236,000",1,0
Oswego,Oswego,Breweries,4,1,"$15,000",1,"$6,750",1,"$12,150",1,0
Oswego,Oswego,Candles and Soap,4,1,"$2,500",1,"$8,630",1,"$9,850",0,0
Oswego,Oswego,Distilleries,4,1,"$25,000",0,NA,0,NA,1,0
Oswego,Oswego,Gas,4,1,"$81,250",1,"$13,000",1,"$25,000",0,0
Oswego,Oswego,Malt,4,1,"$50,000",1,"$51,600",1,"$66,000",0,0
Oswego,Oswego,Starch,4,1,"$450,000",1,"$450,000",1,"$860,703",1,1
Oswego,Oswego,Flax Dressing,3,1,$700,1,$675,1,"$1,800",0,1
Oswego,Oswego,Knit Goods,3,4,"$115,000",4,"$200,580",4,"$448,960",0,4
Oswego,Oswego,Iron Foundries,2,1,"$20,000",1,"$15,000",1,"$20,000",0,0
Oswego City,Oswego,Cooper Shops,14,7,"$45,850",7,"$78,665",7,"$153,548",3,0
Otego,Oswego,Blacksmithing,2,1,"$1,000",1,$200,1,"$2,000",0,0
Owego,Oswego,Blacksmithing,2,1,$400,0,NA,1,$800,0,0
Palermo,Oswego,Coaches and Wagons,10,1,"$1,800",1,"$1,500",1,"$3,000",0,0
Parish,Oswego,Cabinet Ware,17,1,$200,1,$50,1,"$2,200",0,1
Parish,Oswego,Boots and Shoes,16,2,$450,2,$900,1,"$1,500",0,0
Parish,Oswego,"Harnesses, Saddles, and Trunks",16,1,$300,1,$25,1,$700,0,0
Parish,Oswego,Cooper Shops,14,2,$550,2,$585,2,"$1,200",0,0
Parish,Oswego,Coaches and Wagons,10,1,$300,1,$40,0,NA,0,0
Parish,Oswego,Blacksmithing,2,1,$300,1,$105,1,$600,0,0
Plainfield,Oswego,Blacksmithing,2,1,$400,1,$360,1,"$1,000",0,0
Redfield,Oswego,Placeholder,0,0,NA,0,NA,0,NA,0,0
Richfield,Oswego,Blacksmithing,2,1,"$1,200",1,$460,1,"$2,000",0,0
Richland,Oswego,Cabinet Ware,17,2,"$4,700",1,$260,2,"$2,000",0,2
Richland,Oswego,Brick,15,1,$500,0,NA,1,"$2,000",0,0
Richland,Oswego,Tiles,15,1,"$12,000",1,"$1,000",1,"$10,000",0,1
Richland,Oswego,Cheese Boxes,14,4,"$3,800",2,$890,2,"$3,100",0,4
Richland,Oswego,Cooper Shops,14,1,"$2,300",1,"$1,100",1,"$2,335",0,1
Richland,Oswego,Shingles,14,1,"$1,000",1,$750,1,"$1,875",0,1
Richland,Oswego,Coaches and Wagons,10,3,"$7,000",2,"$6,131",3,"$9,850",0,0
Richland,Oswego,Bakeries,4,1,"$1,050",0,NA,0,NA,0,0
Sandy Creek,Oswego,Cabinet Ware,17,1,"$1,000",1,$600,1,$800,0,0
Sandy Creek,Oswego,Boots and Shoes,16,4,"$1,400",4,"$2,150",4,"$4,600",0,0
Sandy Creek,Oswego,"Harnesses, Saddles, and Trunks",16,2,"$2,400",2,"$2,500",2,"$3,900",0,0
Sandy Creek,Oswego,Marble,15,1,"$1,900",1,"$2,000",1,"$6,000",0,0
Sandy Creek,Oswego,Cheese Boxes,14,1,$800,1,$100,1,"$1,500",0,0
Sandy Creek,Oswego,Cooper Shops,14,1,$100,1,$100,1,$400,0,0
Sandy Creek,Oswego,Coaches and Wagons,10,2,"$7,000",2,"$4,400",2,"$8,900",0,0
Sandy Creek,Oswego,House Building,9,1,"$2,500",1,"$2,000",1,"$5,000",0,0
Sandy Creek,Oswego,Tin Smithing,2,1,"$2,000",1,"$2,000",1,"$4,000",0,0
Sandy Creek,Oswego,Agricultural Implements Generally,1,1,"$1,500",1,"$2,450",1,"$4,900",0,1
Schroeppel,Oswego,Dentistry,20,1,$500,1,$400,1,"$1,200",0,0
Schroeppel,Oswego,Jewelry,18,1,$700,1,$200,1,$600,0,0
Schroeppel,Oswego,Cabinet Ware,17,2,"$6,000",2,"$4,325",2,"$9,400",0,0
Schroeppel,Oswego,Boots and Shoes,16,3,"$4,530",4,"$1,676",3,"$3,150",0,0
Schroeppel,Oswego,"Harnesses, Saddles, and Trunks",16,1,"$1,500",1,$500,1,"$1,050",0,0
Schroeppel,Oswego,Cooper Shops,14,1,"$1,500",1,"$1,125",1,"$2,000",0,0
Schroeppel,Oswego,"Headings, Hoops, and Staves",14,1,"$3,500",1,$700,1,"$2,275",0,1
Schroeppel,Oswego,Coaches and Wagons,10,1,"$3,000",1,"$1,055",1,"$3,500",0,0
Schroeppel,Oswego,Boat Building,7,1,"$5,000",1,"$1,280",1,"$5,000",0,0
Schroeppel,Oswego,Blacksmithing,2,1,$300,1,$380,1,"$1,000",0,0
Schroeppel,Oswego,Tin Smithing,2,2,"$5,000",2,"$1,872",2,"$4,500",0,0
Scriba,Oswego,Cooper Shops,14,8,"$2,140",8,"$18,633",8,"$31,730",0,0
Scriba,Oswego,"Headings, Hoops, and Staves",14,1,$100,1,$175,1,$508,0,1
Springfield,Oswego,Blacksmithing,2,1,"$1,800",1,$700,1,"$1,800",0,0
Stony Creek,Oswego,Blacksmithing,2,3,"$2,400",3,"$1,150",3,"$3,200",0,0
Unadilla,Oswego,Blacksmithing,2,4,"$3,400",4,"$2,050",4,"$6,255",0,0
Volney,Oswego,Fisheries,22,1,$100,0,NA,1,$600,0,0
Volney,Oswego,Hosiery,21,1,"$4,000",0,NA,0,NA,0,1
Volney,Oswego,Bedsteads,17,1,"$1,200",1,"$1,500",1,"$1,000",0,1
Volney,Oswego,Plaster,15,2,"$23,000",1,"$4,000",2,"$29,500",0,2
Volney,Oswego,Potteries,15,1,$500,1,"$1,600",1,"$3,700",0,0
Volney,Oswego,Cooper Shops,14,1,"$9,500",1,"$10,600",1,"$18,000",0,1
Volney,Oswego,Blocks and Mast Hoops,7,1,$900,1,$450,0,NA,0,0
Volney,Oswego,Boat Building,7,2,"$9,000",2,"$2,440",1,"$4,000",0,0
Volney,Oswego,Flax Dressing,3,1,"$2,500",1,"$2,500",0,NA,0,1
Volney,Oswego,Blacksmithing,2,2,$300,0,NA,0,NA,0,0
Volney,Oswego,Agricultural Implements Generally,1,1,"$30,000",1,"$7,000",1,"$30,000",0,1
West Monroe,Oswego,Placeholder,0,0,NA,0,NA,0,NA,0,0
Westford,Oswego,Blacksmithing,2,1,$275,1,$125,1,$725,0,0
Burlington,Otsego,Hollow Wooden Ware,17,1,"$1,500",1,$360,1,"$2,500",0,1
Burlington,Otsego,Boots and Shoes,16,1,$50,1,$70,2,$225,0,0
Burlington,Otsego,"Harnesses, Saddles, and Trunks",16,1,$500,1,$300,1,$500,0,0
Burlington,Otsego,Planing Mills,14,1,"$1,800",1,$987,1,"$2,664",0,1
Burlington,Otsego,Coaches and Wagons,10,7,"$5,150",5,"$1,694",7,"$5,700",0,5
Burlington,Otsego,Forks,1,1,"$1,000",1,$225,1,"$1,175",0,1
Butternuts,Otsego,Boots and Shoes,16,1,$500,1,$650,1,"$1,800",0,0
Butternuts,Otsego,Cooper Shops,14,0,NA,0,NA,1,"$3,100",0,0
Butternuts,Otsego,Coaches and Wagons,10,1,"$3,000",1,$150,1,$920,1,0
Butternuts,Otsego,"Sash, Blinds, and Doors",9,2,"$3,500",2,"$1,500",1,"$3,500",1,1
Butternuts,Otsego,Iron Foundries,2,1,"$2,000",1,"$4,112",1,"$4,000",0,1
Cherry Valley,Otsego,Butchering,22,1,$200,0,NA,1,"$5,000",0,0
Cherry Valley,Otsego,Clothing,21,3,"$1,200",3,$900,3,"$3,450",0,0
Cherry Valley,Otsego,Fire Arms,19,1,$600,1,$50,1,$150,0,0
Cherry Valley,Otsego,Jewelry,18,1,$500,1,$75,1,$600,0,0
Cherry Valley,Otsego,Melodeons,18,2,"$8,000",2,"$2,900",2,"$6,200",1,1
Cherry Valley,Otsego,Photographing,18,1,$800,1,$300,1,"$1,500",0,0
Cherry Valley,Otsego,Boots and Shoes,16,5,"$1,235",3,$225,4,"$2,100",0,0
Cherry Valley,Otsego,"Lasts, Boot-Trees, and Crimps",16,1,$100,1,$200,1,$500,0,0
Cherry Valley,Otsego,Lime and Cement,15,1,"$3,000",1,"$1,000",1,"$3,362",0,0
Cherry Valley,Otsego,Marble,15,1,$80,1,$400,1,"$2,000",0,0
Cherry Valley,Otsego,Cooper Shops,14,1,$100,1,$20,1,$300,0,0
Cherry Valley,Otsego,Coaches and Wagons,10,2,$700,1,$70,2,"$1,100",0,0
Cherry Valley,Otsego,Iron Foundries,2,1,"$5,000",1,$255,1,"$2,500",1,0
Cherry Valley,Otsego,Tin Smithing,2,1,$175,1,$147,1,$800,0,0
Decatur,Otsego,Boots and Shoes,16,1,$125,1,$375,1,$600,0,0
Decatur,Otsego,Coaches and Wagons,10,1,$800,1,$286,1,"$1,100",0,0
Eaton,Otsego,Cabinet Ware,17,1,$500,1,$152,1,$456,0,0
Eaton,Otsego,Cheese Boxes,14,1,$500,1,$300,1,"$1,000",0,1
Eaton,Otsego,Coaches and Wagons,10,1,$500,1,$150,1,$550,0,0
Edmeston,Otsego,Provision Safes,17,1,$500,1,$125,1,$320,0,0
Edmeston,Otsego,Coaches and Wagons,10,3,"$1,800",3,"$1,303",3,"$3,540",0,1
Edmeston,Otsego,Rakes,1,1,"$2,600",1,$288,1,$400,0,0
Exeter,Otsego,Placeholder,0,0,NA,0,NA,0,NA,0,0
Hartwick,Otsego,Cabinet Ware,17,1,$400,1,$200,1,$600,0,0
Hartwick,Otsego,Boots and Shoes,16,1,$500,1,$504,1,"$1,800",0,0
Hartwick,Otsego,Cooper Shops,14,1,$500,1,$280,1,$655,0,0
Hartwick,Otsego,Coaches and Wagons,10,1,$800,1,$505,1,"$2,500",0,0
Hartwick,Otsego,Asheries,4,1,$450,1,$450,0,NA,0,0
Hartwick,Otsego,Calico Printing,4,1,"$40,000",1,"$80,000",1,"$105,000",0,1
Hartwick,Otsego,Matches,4,1,$500,1,"$1,150",1,"$3,000",0,1
Hartwick,Otsego,Tin Smithing,2,0,NA,1,$400,1,$800,0,0
Laurens,Otsego,Boots and Shoes,16,4,"$1,850",1,"$2,500",1,"$4,600",0,0
Laurens,Otsego,Tin Smithing,2,2,"$2,600",2,"$2,900",2,"$5,000",0,0
Maryland,Otsego,Cigars,22,0,NA,1,$375,1,"$1,250",0,0
Maryland,Otsego,Cabinet Ware,17,1,$500,1,$300,1,$700,0,0
Maryland,Otsego,Boots and Shoes,16,1,$500,1,$600,1,"$1,500",0,0
Maryland,Otsego,Cooper Shops,14,1,$500,1,$300,1,$800,0,1
Maryland,Otsego,Coaches and Wagons,10,1,"$2,000",1,"$2,000",1,"$5,500",0,1
Maryland,Otsego,Carding and Cloth Dressing,3,0,NA,1,"$2,400",1,"$2,700",0,1
Middlefield,Otsego,Boots and Shoes,16,2,"$1,400",2,"$1,413",1,"$2,763",0,0
Middlefield,Otsego,"Harnesses, Saddles, and Trunks",16,1,$400,1,$250,1,$700,0,0
Middlefield,Otsego,"Lasts, Boot-Trees, and Crimps",16,1,"$1,500",1,$200,1,"$1,500",0,1
Middlefield,Otsego,Cheese Boxes,14,1,$200,1,$200,1,$700,0,1
Middlefield,Otsego,Coaches and Wagons,10,2,"$1,600",3,"$1,690",3,"$4,550",0,0
Milford,Otsego,Coaches and Wagons,10,3,"$4,400",3,"$1,713",3,"$4,745",0,0
Milford,Otsego,"Sash, Blinds, and Doors",9,1,$300,1,$100,1,$210,0,1
Morris,Otsego,Clothing,21,1,"$1,000",1,"$2,000",1,"$2,500",0,0
Morris,Otsego,Cabinet Ware,17,1,$800,1,$315,1,$950,0,0
Morris,Otsego,Chairs,17,1,"$3,000",1,"$2,320",1,"$5,833",0,1
Morris,Otsego,"Harnesses, Saddles, and Trunks",16,1,"$1,200",1,$948,1,"$1,409",0,0
Morris,Otsego,Cooper Shops,14,1,$300,1,$275,1,$600,0,0
Morris,Otsego,Drugs and Medicines,4,1,"$5,000",1,"$3,295",1,"$6,000",0,0
Mount Morris,Otsego,Boots and Shoes,16,1,$500,1,"$1,700",1,"$3,000",0,0
New Lisbon,Otsego,Brooms,17,1,$40,1,$165,1,$250,0,0
New Lisbon,Otsego,Cabinet Ware,17,1,$800,1,$100,1,$496,0,1
New Lisbon,Otsego,Boots and Shoes,16,4,$390,4,"$1,467",4,"$2,712",0,0
New Lisbon,Otsego,"Harnesses, Saddles, and Trunks",16,1,$500,1,$300,1,$500,0,0
New Lisbon,Otsego,Cooper Shops,14,3,$365,1,"$1,000",1,"$1,637",0,0
New Lisbon,Otsego,Asheries,4,1,$80,1,$77,1,$144,0,0
New Lisbon,Otsego,Tin Smithing,2,1,"$1,000",1,$600,1,"$1,000",0,0
Oneonta,Otsego,Clothing,21,1,$600,1,"$3,000",1,"$4,500",0,0
Oneonta,Otsego,Cabinet Ware,17,2,"$5,100",2,"$1,100",2,"$5,700",1,0
Oneonta,Otsego,Boots and Shoes,16,3,"$1,600",3,"$1,500",3,"$2,700",0,0
Oneonta,Otsego,"Harnesses, Saddles, and Trunks",16,1,$800,1,"$1,100",1,"$1,500",0,0
Oneonta,Otsego,Brick,15,1,$500,1,$100,1,$800,0,1
Oneonta,Otsego,Marble,15,2,$650,2,"$2,100",2,"$3,500",0,0
Oneonta,Otsego,Cooper Shops,14,3,"$3,000",3,"$1,325",3,"$6,170",0,0
Oneonta,Otsego,Coaches and Wagons,10,3,"$7,800",3,"$1,840",3,"$5,950",0,1
Oneonta,Otsego,"Sash, Blinds, and Doors",9,1,$250,1,$200,1,$450,0,0
Oneonta,Otsego,Iron Foundries,2,2,"$3,500",2,"$1,995",2,"$3,080",0,2
Oneonta,Otsego,Tin Smithing,2,1,"$1,500",1,$600,1,"$1,600",0,0
Otego,Otsego,"Harnesses, Saddles, and Trunks",16,1,$800,1,$40,1,"$1,200",0,0
Otego,Otsego,Coaches and Wagons,10,2,"$4,500",2,"$2,700",2,"$7,000",0,0
Otsego,Otsego,Undertakers,22,1,"$2,000",1,$200,1,"$1,918",0,0
Otsego,Otsego,Clothing,21,1,"$11,500",1,"$15,050",1,"$19,311",0,0
Otsego,Otsego,Photographing,18,1,"$4,500",1,"$1,419",1,"$4,850",0,0
Otsego,Otsego,Cabinet Ware,17,1,$900,1,$213,1,"$2,750",0,0
Otsego,Otsego,Boots and Shoes,16,4,"$14,500",4,"$7,184",4,"$8,838",0,0
Otsego,Otsego,"Harnesses, Saddles, and Trunks",16,1,"$1,500",1,$750,1,"$1,529",0,0
Otsego,Otsego,Coaches and Wagons,10,1,"$4,000",1,$500,1,"$2,444",0,0
Otsego,Otsego,Breweries,4,1,"$10,000",1,"$5,900",1,"$8,000",0,0
Otsego,Otsego,Iron Foundries,2,1,"$9,000",1,"$14,100",1,"$16,288",1,1
Otsego,Otsego,Tin Smithing,2,2,"$3,800",2,"$3,390",2,"$4,800",0,0
Otsego,Otsego,Fanning Mills,1,1,$400,1,$350,1,$690,0,0
Otsego,Otsego,Threshing Machines,1,1,"$3,000",1,"$1,000",1,"$2,000",0,1
Pittsfield,Otsego,Placeholder,0,0,NA,0,NA,0,NA,0,0
Plainfield,Otsego,Cigars,22,1,$200,1,$225,1,$800,0,0
Plainfield,Otsego,Cabinet Ware,17,1,"$10,000",1,$750,1,"$5,500",0,1
Plainfield,Otsego,Boots and Shoes,16,1,$800,1,"$1,000",1,"$6,000",0,0
Plainfield,Otsego,"Harnesses, Saddles, and Trunks",16,1,$900,1,$500,1,"$1,500",0,0
Plainfield,Otsego,Cheese Boxes,14,1,"$1,500",1,$300,1,"$2,450",1,0
Plainfield,Otsego,Coaches and Wagons,10,2,"$6,000",2,"$3,690",3,"$12,500",0,1
Plainfield,Otsego,Iron Foundries,2,1,"$3,000",1,"$1,200",1,"$5,000",0,1
Plainfield,Otsego,Tin Smithing,2,1,"$1,500",1,$290,1,$340,0,0
Plainfield,Otsego,Hoes,1,2,"$11,000",2,"$22,500",2,"$28,700",0,2
Richfield,Otsego,"Harnesses, Saddles, and Trunks",16,2,"$1,300",1,$650,1,"$2,000",0,0
Richfield,Otsego,Coaches and Wagons,10,1,$800,1,$250,1,"$1,200",0,0
Richfield,Otsego,Tin Smithing,2,1,$400,1,"$1,350",1,"$2,500",0,0
Richfield,Otsego,Rakes,1,1,$200,1,$100,1,$500,0,1
Roseboom,Otsego,Cooper Shops,14,1,$700,1,$80,1,$466,0,1
Springfield,Otsego,Cabinet Ware,17,1,$800,1,$125,1,"$1,400",0,0
Springfield,Otsego,Marble,15,1,$300,1,$200,1,$800,0,0
Springfield,Otsego,Stone Cutting,15,1,$400,0,NA,1,"$1,500",0,0
Springfield,Otsego,Coaches and Wagons,10,1,"$2,000",1,"$1,500",1,"$3,500",0,0
Springfield,Otsego,Reapers and Mowers,1,1,"$100,000",1,"$30,000",1,"$60,000",0,1
Unadilla,Otsego,Cigars,22,1,$400,1,$200,1,"$1,300",0,0
Unadilla,Otsego,Cabinet Ware,17,1,"$1,000",1,$150,1,"$1,000",0,0
Unadilla,Otsego,Boots and Shoes,16,3,"$2,800",3,"$1,536",2,"$2,500",0,0
Unadilla,Otsego,"Harnesses, Saddles, and Trunks",16,2,"$1,200",2,"$1,560",2,"$3,300",0,0
Unadilla,Otsego,Carpenter Shops,14,1,"$1,500",1,$300,1,"$1,000",0,1
Unadilla,Otsego,Cooper Shops,14,2,$600,2,$770,2,"$2,400",0,0
Unadilla,Otsego,Coaches and Wagons,10,3,"$3,500",3,$646,1,"$4,200",1,0
Unadilla,Otsego,Machinery,2,1,"$10,000",0,NA,0,NA,0,0
Unadilla,Otsego,Tin Smithing,2,0,NA,1,$796,1,"$1,454",0,0
Westford,Otsego,Undertakers,22,1,$400,1,$75,1,$300,0,0
Westford,Otsego,Boots and Shoes,16,2,$800,2,$400,2,$900,0,0
Westford,Otsego,"Harnesses, Saddles, and Trunks",16,1,$200,1,$280,1,$450,0,0
Westford,Otsego,Shingles,14,1,$500,1,$400,1,"$1,200",0,1
Westford,Otsego,Coaches and Wagons,10,1,$600,1,$100,1,"$1,000",0,0
Westford,Otsego,Flax Dressing,3,1,"$1,500",1,$900,1,"$1,780",0,1
Williamstown,Otsego,Washing Machines,17,1,"$5,400",1,"$5,000",1,"$27,804",0,1
Worcester,Otsego,Jewelry,18,1,"$5,000",0,NA,0,NA,0,0
Worcester,Otsego,"Harnesses, Saddles, and Trunks",16,1,$800,1,$300,1,$500,0,0
Worcester,Otsego,Tin Smithing,2,1,"$4,000",0,NA,1,"$1,000",0,0
Carmel,Putnam,Dentistry,20,1,$800,1,$555,1,"$1,500",0,0
Carmel,Putnam,Printing and Publishing,18,2,"$2,000",2,$820,2,"$4,200",0,0
Carmel,Putnam,"Harnesses, Saddles, and Trunks",16,1,$150,1,$600,1,"$1,200",0,0
Carmel,Putnam,Coaches and Wagons,10,2,"$1,250",2,$615,2,"$2,255",0,0
Carmel,Putnam,Blacksmithing,2,1,$500,1,"$1,400",1,"$3,850",0,0
Carmel,Putnam,Tin Smithing,2,1,$300,1,"$1,445",1,"$3,700",0,0
Carmel ,Putnam,Boots and Shoes,16,1,$50,1,$450,1,"$1,200",0,0
Kent,Putnam,Plaster,15,1,"$1,200",1,"$1,425",1,"$1,650",0,1
Kent,Putnam,Distilleries,4,1,"$1,000",1,$500,1,"$1,500",0,1
Kent,Putnam,Blacksmithing,2,2,$350,2,$400,2,"$2,200",0,0
Patterson,Putnam,"Sash, Blinds, and Doors",9,1,"$1,500",1,$975,1,"$1,834",0,1
Patterson,Putnam,Blacksmithing,2,2,$800,2,"$1,000",2,"$7,664",0,0
Philipstown,Putnam,Cigars,22,1,$300,1,$400,1,"$1,080",0,0
Philipstown,Putnam,Cannon and Iron Projectiles,19,1,"$300,000",1,"$1,191,148",1,"$2,649,017",1,1
Philipstown,Putnam,"Harnesses, Saddles, and Trunks",16,1,$500,1,$350,1,$800,0,0
Putnam Valley,Putnam,Placeholder,0,0,NA,0,NA,0,NA,0,0
Southeast,Putnam,Butchering,22,1,$250,1,"$12,100",0,NA,0,0
Southeast,Putnam,Hats and Caps,21,1,"$25,000",1,"$28,236",1,"$89,463",1,1
Southeast,Putnam,Boots and Shoes,16,1,$600,1,"$1,000",0,NA,0,0
Southeast,Putnam,"Harnesses, Saddles, and Trunks",16,1,$455,1,$350,1,"$1,300",0,0
Southeast,Putnam,Iron Mining,9,0,NA,0,NA,1,"$54,000",0,0
Southeast,Putnam,Bakeries,4,1,$500,1,"$5,870",1,"$7,850",0,0
Southeast,Putnam,"Condensed Milk, Cider, and Coffee",4,1,"$20,000",1,"$251,877",1,"$281,000",1,1
Southeast,Putnam,Blacksmithing,2,2,"$1,500",2,"$2,800",2,"$6,500",0,0
Flushing,Queens,Butchering,22,2,"$2,000",2,"$37,000",2,"$42,000",0,0
Flushing,Queens,Clothing,21,4,"$2,700",0,NA,4,"$7,300",0,0
Flushing,Queens,Cabinet Ware,17,1,"$3,000",1,$500,1,"$1,000",0,0
Flushing,Queens,Boots and Shoes,16,2,"$5,000",0,NA,2,"$3,300",0,0
Flushing,Queens,Coaches and Wagons,10,1,"$5,000",1,"$5,000",1,"$11,000",0,0
Flushing,Queens,"Sash, Blinds, and Doors",9,1,"$1,000",1,"$1,800",1,"$3,300",0,0
Flushing,Queens,Bakeries,4,3,"$9,000",3,"$10,500",3,"$14,100",0,0
Flushing,Queens,Breweries,4,1,"$4,000",1,"$7,500",1,"$17,000",0,1
Flushing,Queens,Gas,4,1,"$29,000",1,"$4,200",0,NA,0,0
Flushing,Queens,India Rubber Goods,4,1,"$150,000",1,"$250,000",1,"$700,000",1,0
Flushing,Queens,Mineral Water,4,NA,NA,NA,NA,1,"$5,050",0,0
Flushing,Queens,Paints and Glazing,4,1,$500,1,"$5,000",1,"$7,000",0,0
Flushing,Queens,Rag Carpets,3,0,NA,0,NA,1,"$2,000",0,0
Flushing,Queens,Blacksmithing,2,3,"$4,230",2,"$3,750",2,"$9,800",0,0
Hempstead,Queens,Cigars,22,2,"$2,500",2,"$4,600",2,"$10,000",0,0
Hempstead,Queens,Clothing,21,4,"$13,000",2,"$106,000",2,"$140,800",0,0
Hempstead,Queens,Photographing,18,1,"$1,000",1,$800,1,"$2,000",0,0
Hempstead,Queens,Boots and Shoes,16,3,"$2,500",4,"$5,400",4,"$9,800",0,0
Hempstead,Queens,"Harnesses, Saddles, and Trunks",16,2,"$3,000",2,"$2,300",2,"$4,500",0,0
Hempstead,Queens,Whips,16,1,"$1,500",1,$268,1,"$1,450",0,1
Hempstead,Queens,Marble,15,1,$500,1,"$2,000",1,"$4,000",0,0
Hempstead,Queens,Coaches and Wagons,10,5,"$4,225",2,"$1,195",4,"$5,520",0,0
Hempstead,Queens,Mathmatical Instruments,8,1,"$1,000",1,$600,1,"$2,000",0,0
Hempstead,Queens,Tape and Nets,3,1,"$1,500",1,"$5,000",1,"$5,900",0,0
Hempstead,Queens,Blacksmithing,2,6,"$6,400",5,"$2,695",5,"$9,250",0,0
Hempstead,Queens,Tin Smithing,2,0,NA,1,$796,1,"$1,454",0,0
Jamaica,Queens,Coaches and Wagons,10,5,"$13,200",5,"$4,630",5,"$18,116",0,0
Jamaica,Queens,Gas,4,1,"$20,000",1,"$3,360",1,"$7,000",0,0
Jamaica,Queens,House Builders Hardware,2,1,"$50,000",1,"$80,000",1,"$150,000",1,0
Newtown,Queens,Glass and Glass Ware,15,1,"$20,000",0,NA,0,NA,0,0
Newtown,Queens,Porcelain and China,15,1,"$20,000",1,"$1,000",1,"$16,000",0,0
Newtown,Queens,Distilleries,4,1,"$50,000",0,NA,0,NA,1,0
Newtown,Queens,Carpets,3,1,"$50,000",1,"$100,000",1,"$200,000",1,0
Newtown,Queens,Metallic Burial Cases,2,1,"$50,000",0,NA,0,NA,1,0
North Hempstead,Queens,Boots and Shoes,16,1,$500,1,$200,1,$375,0,0
North Hempstead,Queens,"Harnesses, Saddles, and Trunks",16,1,$700,1,"$1,100",1,"$1,800",0,0
North Hempstead,Queens,Carpenter Shops,14,1,$600,1,$700,0,NA,0,0
North Hempstead,Queens,Coaches and Wagons,10,4,"$3,200",4,"$1,747",4,"$5,250",0,0
North Hempstead,Queens,"Sash, Blinds, and Doors",9,0,NA,1,$200,1,"$1,200",0,0
North Hempstead,Queens,Boat Building,7,1,"$5,000",1,"$1,250",0,NA,0,0
North Hempstead,Queens,Treenails and Fellrails,7,1,$500,1,$700,1,"$1,500",0,0
North Hempstead,Queens,Blacksmithing,2,2,"$1,600",2,"$1,324",1,"$2,150",0,0
North Hempstead,Queens,Fishing Tackle,2,0,NA,1,"$2,450",1,"$2,000",0,0
North Hempstead,Queens,Tin Smithing,2,1,"$4,000",0,NA,1,"$1,000",0,0
Oyster Bay,Queens,Coaches and Wagons,10,1,"$2,000",0,NA,0,NA,0,0
Oyster Bay,Queens,Barytes,4,1,"$1,600",0,NA,1,"$1,700",0,1
Oyster Bay,Queens,Starch,4,1,"$300,000",NA,0,0,NA,1,1
Oyster Bay,Queens,Tin Smithing,2,1,$300,1,"$1,445",1,"$3,700",0,0
Berlin,Rensselaer,Boots and Shoes,16,1,"$2,100",1,$836,1,"$1,000",0,0
Berlin,Rensselaer,"Harnesses, Saddles, and Trunks",16,1,"$1,800",1,"$1,115",1,"$1,849",0,0
Berlin,Rensselaer,Cheese Boxes,14,1,"$1,000",1,$300,1,$900,0,1
Berlin,Rensselaer,Candles and Soap,4,1,$200,1,$840,1,"$1,000",0,0
Berlin,Rensselaer,"Linen, Cloth, Thread, and Twine",3,1,$25,1,$25,1,$54,0,0
Brunswick,Rensselaer,Wood Turning,14,1,"$1,500",1,$600,1,"$2,650",0,1
Brunswick,Rensselaer,Coaches and Wagons,10,1,"$1,100",1,$550,1,$900,0,0
Brunswick,Rensselaer,Candles and Soap,4,1,$300,0,NA,1,$800,0,0
Brunswick,Rensselaer,Foundry Facings,2,1,"$2,000",1,$500,1,"$2,000",0,1
Brunswick,Rensselaer,Iron Foundries,2,1,"$1,000",1,$600,1,"$1,200",0,1
Brunswick,Rensselaer,Tools,2,1,"$8,000",1,"$10,000",1,"$20,000",0,1
East Greenbursh,Rensselaer,Blacksmithing,2,2,$250,2,$60,2,$120,0,0
Grafton,Rensselaer,Chairs,17,1,$800,0,NA,0,NA,0,1
Grafton,Rensselaer,"Harnesses, Saddles, and Trunks",16,1,$200,1,$200,1,$700,0,0
Grafton,Rensselaer,Paints and Colors,4,0,NA,0,NA,0,NA,0,1
Grafton,Rensselaer,Prussian Blue,4,1,"$2,000",1,"$1,000",1,"$5,000",0,0
Greenbush,Rensselaer,Boots and Shoes,16,1,$500,1,"$2,500",1,"$5,000",0,0
Greenbush,Rensselaer,Cooper Shops,14,2,"$5,000",2,"$15,895",2,"$20,080",0,0
Greenbush,Rensselaer,Coaches and Wagons,10,2,"$3,700",2,$225,2,"$1,500",0,2
Greenbush,Rensselaer,Blacksmithing,2,0,NA,1,$562,1,"$1,930",0,0
Greenbush,Rensselaer,Iron Foundries,2,1,"$7,000",1,"$8,150",1,"$11,500",1,0
Hoosick,Rensselaer,Butchering,22,1,$300,1,"$4,500",0,NA,0,0
Hoosick,Rensselaer,Boots and Shoes,16,2,$275,2,"$1,300",2,"$3,215",0,0
Hoosick,Rensselaer,"Harnesses, Saddles, and Trunks",16,1,$125,1,"$3,000",1,"$3,300",0,0
Hoosick,Rensselaer,Mill Gearing and Machinery,13,1,"$5,000",1,$500,1,"$8,000",0,1
Hoosick,Rensselaer,Coaches and Wagons,10,2,"$1,600",2,"$1,200",2,"$2,300",0,0
Hoosick,Rensselaer,Calico Printing,4,1,"$50,000",1,"$90,000",1,"$114,861",0,1
Hoosick,Rensselaer,Flax Dressing,3,1,$400,1,"$1,400",1,$250,0,1
Hoosick,Rensselaer,Blacksmithing,2,2,$350,2,$700,2,"$1,500",0,0
Hoosick,Rensselaer,Tin Smithing,2,1,"$3,500",1,"$2,500",1,"$5,000",0,0
Hoosick,Rensselaer,Reapers and Mowers,1,1,"$50,000",1,"$300,000",1,"$350,000",0,1
Lansingburgh,Rensselaer,Butchering,22,1,"$30,000",1,"$5,000",1,"$50,000",1,0
Lansingburgh,Rensselaer,Cigars,22,0,NA,1,"$8,000",1,"$30,000",0,0
Lansingburgh,Rensselaer,Clothing,21,1,"$3,500",0,NA,1,"$7,000",0,0
Lansingburgh,Rensselaer,Brushes,17,9,"$288,600",9,"$210,670",9,"$493,208",3,0
Lansingburgh,Rensselaer,Cabinet Ware,17,1,$400,1,$500,1,$900,0,0
Lansingburgh,Rensselaer,Boots and Shoes,16,1,$75,1,$650,1,"$1,156",0,0
Lansingburgh,Rensselaer,"Harnesses, Saddles, and Trunks",16,1,$200,0,NA,1,$929,0,0
Lansingburgh,Rensselaer,Scales,12,1,"$4,500",1,"$1,100",1,"$8,000",1,0
Lansingburgh,Rensselaer,Coaches and Wagons,10,1,"$37,000",1,"$10,000",1,"$48,750",1,0
Lansingburgh,Rensselaer,Bakeries,4,4,"$61,200",4,"$86,150",4,"$120,044",1,0
Lansingburgh,Rensselaer,Confectionery ,4,1,"$1,100",1,"$8,734",1,"$13,900",0,0
Lansingburgh,Rensselaer,Lamp Black and Stove Polish,4,1,"$3,500",1,"$1,000",1,"$4,000",0,0
Lansingburgh,Rensselaer,Malt,4,2,"$180,000",2,"$359,763",2,"$422,231",1,0
Lansingburgh,Rensselaer,Oil Cloth,4,2,"$115,000",2,"$89,000",2,"$170,000",2,0
Lansingburgh,Rensselaer,Rope and Twine,3,1,"$4,000",1,"$9,000",1,"$15,000",0,0
Lansingburgh,Rensselaer,Blacksmithing,2,2,"$1,050",2,"$4,200",1,$800,0,0
Lansingburgh,Rensselaer,Tin Smithing,2,2,"$10,600",2,"$14,000",2,"$28,000",0,0
Nassau,Rensselaer,Cabinet Ware,17,1,$700,1,$300,1,$600,0,0
Nassau,Rensselaer,Coaches and Wagons,10,1,$800,1,$300,1,$600,0,0
Nassau,Rensselaer,Tin Smithing,2,1,"$1,200",1,$700,1,$800,0,0
Nassau,Rensselaer,Potato Hooks,1,1,$800,1,$335,1,"$1,500",0,1
Nassau,Rensselaer,Reapers and Mowers,1,1,"$2,500",1,"$1,200",1,"$3,000",0,1
North Greenbush,Rensselaer,Placeholder,0,0,NA,0,NA,0,NA,0,0
Petersburgh,Rensselaer,Undertakers,22,1,$500,1,$250,1,$450,0,0
Petersburgh,Rensselaer,Cabinet Ware,17,1,$400,1,$212,1,"$1,400",0,0
Petersburgh,Rensselaer,Wood Turning,14,1,$500,1,$200,1,$900,0,1
Pittstown,Rensselaer,Cooper Shops,14,2,"$1,350",2,$750,2,"$1,200",0,0
Pittstown,Rensselaer,Coaches and Wagons,10,2,"$1,300",2,"$2,500",2,"$5,000",0,0
Pittstown,Rensselaer,Flax Dressing,3,8,"$6,700",8,"$18,220",8,"$25,220",0,8
Pittstown,Rensselaer,Rope and Twine,3,2,"$70,000",2,"$118,000",2,"$177,000",0,2
Pittstown,Rensselaer,Axes and Edge Tools,2,1,"$50,000",1,"$79,510",1,"$155,000",0,1
Pittstown,Rensselaer,Blacksmithing,2,2,"$2,400",5,"$2,400",5,"$4,600",0,0
Poestenkill,Rensselaer,Coaches and Wagons,10,2,"$4,000",2,$650,2,"$5,050",1,1
Poestenkill,Rensselaer,Foundry Facings,2,1,"$1,000",1,$200,0,NA,0,1
Poestenkill,Rensselaer,Reapers and Mowers,1,1,"$10,000",1,"$4,100",1,"$12,000",0,1
Sand Lake,Rensselaer,Meat Packing and Curing,22,1,"$1,000",0,NA,1,"$6,200",0,0
Sand Lake,Rensselaer,Undertakers,22,1,$500,1,$100,1,$750,0,0
Sand Lake,Rensselaer,"Harnesses, Saddles, and Trunks",16,0,NA,1,$300,1,$660,0,0
Sand Lake,Rensselaer,Coaches and Wagons,10,2,"$1,700",2,$400,2,"$1,200",0,0
Sand Lake,Rensselaer,Cotton Warp,3,1,"$35,000",0,NA,1,"$151,487",0,1
Sand Lake,Rensselaer,Knit Goods,3,3,"$135,000",3,"$212,975",3,"$296,460",0,3
Sand Lake,Rensselaer,Tin Smithing,2,1,$100,1,$50,1,$750,0,0
Schaghticoke,Rensselaer,Powder,19,1,"$100,000",1,"$96,400",1,"$206,405",0,1
Schaghticoke,Rensselaer,Flax Dressing,3,1,"$10,000",0,NA,0,NA,0,1
Schaghticoke,Rensselaer,Grain Cradles,1,2,"$26,000",2,"$3,327",2,"$14,683",1,2
Schodack,Rensselaer,Placeholder,0,0,NA,0,NA,0,NA,0,0
Stephentown,Rensselaer,Wood Turning,14,5,"$4,200",5,$850,5,"$4,175",0,1
Stephentown,Rensselaer,"Cotton Batting, Wadding, and Waste",3,1,"$10,000",1,"$16,050",1,"$25,603",0,1
Stephentown,Rensselaer,Tin Smithing,2,1,$800,1,$500,1,$780,0,0
Stephentown,Rensselaer,Hay and Straw Cutters,1,1,"$2,000",0,NA,1,"$1,000",0,1
Troy,Rensselaer,Cigars,22,4,"$5,100",4,"$6,500",4,"$15,350",0,0
Troy,Rensselaer,Tobacco,22,1,"$3,000",1,"$19,050",1,"$38,000",0,0
Troy,Rensselaer,Undertakers,22,3,"$19,500",2,"$2,100",3,"$11,900",0,0
Troy,Rensselaer,Clothing,21,15,"$78,000",15,"$178,286",15,"$254,115",0,0
Troy,Rensselaer,Collars and Cuffs,21,16,"$450,000",16,"$635,490",16,"$1,147,540",9,0
Troy,Rensselaer,Cannon and Iron Projectiles,19,1,"$7,000",1,"$55,000",1,"$81,000",0,0
Troy,Rensselaer,Fire Arms,19,1,"$1,800",1,$750,1,"$1,500",0,0
Troy,Rensselaer,Printers' Ink,18,1,"$1,800",1,"$6,000",1,"$10,000",0,0
Troy,Rensselaer,Cabinet Ware,17,4,"$89,000",3,"$56,100",4,"$161,692",0,1
Troy,Rensselaer,Boots and Shoes,16,11,"$73,325",11,"$217,441",11,"$631,260",0,0
Troy,Rensselaer,"Harnesses, Saddles, and Trunks",16,2,"$8,500",2,"$16,520",2,"$30,220",0,0
Troy,Rensselaer,Hose,16,1,"$1,500",1,"$7,075",1,"$8,650",0,0
Troy,Rensselaer,Morocco,16,1,"$8,000",1,"$29,078",1,"$29,856",0,0
Troy,Rensselaer,Brick,15,1,"$6,000",1,"$4,600",1,"$12,000",0,1
Troy,Rensselaer,Fire Brick and Retorts,15,1,"$20,000",1,"$40,000",1,"$100,000",1,0
Troy,Rensselaer,Lime and Cement,15,1,"$30,000",1,"$13,150",1,"$19,500",0,0
Troy,Rensselaer,Marble,15,3,"$31,000",3,"$22,400",3,"$45,800",1,0
Troy,Rensselaer,Potteries,15,1,"$7,000",1,"$3,700",1,"$10,000",0,0
Troy,Rensselaer,Stone Cutting,15,2,"$21,000",1,"$2,500",2,"$33,500",0,0
Troy,Rensselaer,Boxes,14,1,$200,1,$240,1,"$3,000",0,0
Troy,Rensselaer,Carpenter Shops,14,4,"$8,150",3,"$13,600",3,"$43,000",0,0
Troy,Rensselaer,Cooper Shops,14,1,$400,1,$400,1,"$1,050",0,0
Troy,Rensselaer,Planing Mills,14,4,"$54,000",2,"$227,000",3,"$288,600",1,1
Troy,Rensselaer,Truss Hoops,14,1,$150,1,$100,1,$350,0,0
Troy,Rensselaer,Mill Stones,13,1,"$30,000",1,"$5,000",1,"$10,000",0,0
Troy,Rensselaer,Pumps,11,1,"$2,000",1,$450,1,"$2,400",0,0
Troy,Rensselaer,Car Wheels,10,1,"$75,000",1,"$324,000",1,"$396,000",0,1
Troy,Rensselaer,Coaches and Wagons,10,1,"$8,000",1,"$12,600",1,"$21,000",0,0
Troy,Rensselaer,"Sash, Blinds, and Doors",9,3,"$18,000",3,"$37,700",3,"$56,600",1,2
Troy,Rensselaer,Surveying Instruments,8,1,"$75,000",1,"$40,000",1,"$70,000",1,0
Troy,Rensselaer,Stoves,5,6,"$706,417",6,"$579,380",6,"$1,333,190",5,1
Troy,Rensselaer,Bakeries,4,8,"$28,400",8,"$69,993",8,"$119,548",2,0
Troy,Rensselaer,Breweries,4,5,"$91,000",5,"$167,950",5,"$221,000",5,0
Troy,Rensselaer,Candles and Soap,4,2,"$3,500",2,"$8,091",2,"$13,489",0,0
Troy,Rensselaer,Confectionery ,4,1,$800,1,$950,1,"$1,200",0,0
Troy,Rensselaer,Distilleries,4,1,"$8,000",1,"$125,000",1,"$131,000",0,0
Troy,Rensselaer,Lamp Black and Stove Polish,4,1,"$8,000",1,"$2,000",1,"$6,000",0,1
Troy,Rensselaer,Matches,4,1,"$24,000",1,"$25,400",1,"$50,000",1,0
Troy,Rensselaer,Mineral Water,4,1,"$2,000",NA,NA,1,"$24,000",0,0
Troy,Rensselaer,Stained Paper and Hangings,4,1,"$200,000",1,"$171,000",1,"$342,000",0,0
Troy,Rensselaer,Looms and Loom Harnesses,3,1,"$5,000",1,"$1,200",1,"$2,880",0,0
Troy,Rensselaer,Rope and Twine,3,2,"$18,000",2,"$9,350",2,"$20,000",0,1
Troy,Rensselaer,Anti-Friction Metal,2,1,$400,0,NA,0,NA,0,0
Troy,Rensselaer,Bells,2,1,"$14,000",1,"$16,730",0,NA,0,0
Troy,Rensselaer,Blacksmithing,2,4,"$7,000",4,"$2,970",3,"$6,440",0,0
Troy,Rensselaer,"Bolts, Nuts, and Washers",2,1,"$1,500",1,"$1,855",1,"$4,149",0,1
Troy,Rensselaer,Curry Cards and Curry Combs,2,2,"$21,000",2,"$47,395",2,"$129,800",0,0
Troy,Rensselaer,Files,2,1,"$3,000",1,"$9,600",1,"$16,400",0,1
Troy,Rensselaer,House Builders Hardware,2,1,"$20,000",1,"$16,000",1,"$35,000",0,1
Troy,Rensselaer,Iron Foundries,2,2,"$35,000",2,"$81,950",2,"$132,000",1,1
Troy,Rensselaer,"Iron Rolling, Cutting, and Forging Works",2,3,"$1,350,000",2,"$1,870,000",3,"$5,761,000",3,2
Troy,Rensselaer,Machinery,2,3,"$11,900",1,"$4,200",3,"$19,622",2,1
Troy,Rensselaer,Malleable Iron,2,1,"$15,000",1,"$70,500",1,"$125,000",1,0
Troy,Rensselaer,Safes,2,1,"$200,000",1,"$197,425",1,"$400,520",0,1
Troy,Rensselaer,Tin Smithing,2,2,"$17,000",2,"$3,780",1,"$1,600",0,0
Troy,Rensselaer,Reapers and Mowers,1,1,"$30,000",1,"$42,400",1,"$100,000",1,0
Castleton,Richmond,Dyeing and Bleaching,4,3,"$310,000",0,NA,0,NA,2,0
Castleton,Richmond,Silk Printing,4,1,"$50,000",0,NA,0,NA,0,0
Castleton,Richmond,Stained Paper and Hangings,4,1,"$5,000",0,NA,0,NA,0,0
Middletown_R,Richmond,Combs,21,1,"$1,500",1,$500,1,"$3,000",0,1
Middletown_R,Richmond,Hats and Caps,21,2,"$24,000",2,"$14,000",2,"$28,000",1,0
Middletown_R,Richmond,Coaches and Wagons,10,1,"$5,000",1,$300,0,NA,0,0
Middletown_R,Richmond,Breweries,4,3,"$70,000",3,"$55,700",3,"$160,500",3,0
Middletown_R,Richmond,Candles and Soap,4,2,"$10,000",2,"$5,500",2,"$12,000",1,0
Middletown_R,Richmond,Stained Paper and Hangings,4,1,"$50,000",1,"$100,000",1,"$140,000",1,0
Middletown_R,Richmond,Lead and Lead Shot,2,1,"$40,000",1,"$240,000",1,"$330,000",1,0
Northfield,Richmond,Boots and Shoes,16,3,$950,3,"$1,450",3,"$1,800",0,0
Northfield,Richmond,Varnish,4,7,"$208,000",3,"$42,000",3,"$122,000",1,0
Northfield,Richmond,White Lead,4,1,"$20,000",1,"$4,000",1,"$18,000",1,0
Northfield,Richmond,Blacksmithing,2,2,"$1,000",2,$300,2,"$1,100",0,0
Southfield,Richmond,Clothing,21,1,"$1,200",0,NA,1,$900,0,0
Southfield,Richmond,"Harnesses, Saddles, and Trunks",16,2,"$3,200",0,NA,1,"$6,000",0,0
Southfield,Richmond,Coaches and Wagons,10,1,"$1,500",0,NA,1,"$2,000",0,0
Westfield_R,Richmond,Cigars,22,4,"$8,800",4,"$5,250",4,"$10,300",0,0
Westfield_R,Richmond,Fertilizers,22,2,"$65,000",1,"$8,000",2,"$107,000",2,0
Westfield_R,Richmond,Fisheries,22,7,"$25,500",0,NA,5,"$27,500",0,0
Westfield_R,Richmond,Boots and Shoes,16,1,$500,1,$750,1,"$2,000",0,0
Westfield_R,Richmond,Fire Brick and Retorts,15,1,"$70,000",1,"$6,000",1,"$100,000",1,0
Westfield_R,Richmond,Potteries,15,1,"$2,000",1,$200,1,"$1,500",0,0
Westfield_R,Richmond,"Sash, Blinds, and Doors",9,1,"$2,000",1,$750,1,"$3,000",0,0
Westfield_R,Richmond,Ships,7,3,"$30,000",1,"$5,000",2,"$57,000",0,0
Westfield_R,Richmond,Emery and Sand Paper,4,1,"$15,000",0,NA,0,NA,0,1
Clarkstown,Rockland,Charcoal Dust,22,1,"$4,000",1,"$3,000",1,"$4,900",0,1
Clarkstown,Rockland,Ice,22,1,"$100,000",1,"$50,000",0,NA,1,0
Clarkstown,Rockland,Stone Quarries,9,1,"$2,000",0,NA,1,$500,0,0
Clarkstown,Rockland,Breweries,4,1,"$10,000",1,"$3,000",1,"$4,500",0,1
Haverstraw,Rockland,Brick,15,18,"$76,000",18,"$75,824",18,"$258,040",7,9
Haverstraw,Rockland,Wood Turning,14,1,"$4,500",1,"$4,500",1,"$13,500",0,1
Haverstraw,Rockland,Calico Printing,4,1,"$250,000",0,NA,0,NA,1,1
Haverstraw,Rockland,Files,2,3,"$1,250",3,$900,3,"$4,300",0,3
Haverstraw,Rockland,Fish Hooks,2,1,"$1,300",1,$70,1,$550,0,1
Haverstraw,Rockland,"Iron Rolling, Cutting, and Forging Works",2,1,"$150,000",1,"$80,000",1,"$112,000",1,1
Orangetown,Rockland,Tobacco,22,1,"$8,000",1,"$8,000",1,"$24,000",1,0
Orangetown,Rockland,Hollow Wooden Ware,17,1,"$20,000",1,"$9,000",1,"$40,000",1,0
Ramapo,Rockland,Cigars,22,1,$250,1,"$2,500",1,"$5,000",0,0
Ramapo,Rockland,Organs,18,1,$600,1,$160,1,$600,0,0
Ramapo,Rockland,"Harnesses, Saddles, and Trunks",16,1,$140,1,$275,1,$900,0,0
Ramapo,Rockland,Lime and Cement,15,2,"$2,500",2,"$1,630",2,"$3,400",0,0
Ramapo,Rockland,Cars,10,1,"$200,000",1,"$474,000",1,"$640,000",1,0
Ramapo,Rockland,Distilleries,4,3,"$7,200",3,"$1,516",3,"$4,489",0,0
Ramapo,Rockland,Cotton Warp,3,1,"$100,000",1,"$247,500",1,"$280,000",0,1
Ramapo,Rockland,Blacksmithing,2,3,"$1,500",3,"$1,265",3,"$4,084",0,0
Ramapo,Rockland,Files,2,1,"$3,000",1,$735,1,"$2,200",0,1
Ramapo,Rockland,"Iron Rolling, Cutting, and Forging Works",2,1,"$12,500",1,"$20,375",1,"$28,080",0,1
Ramapo,Rockland,Plows and Cultivators,1,1,"$1,000",1,$715,1,$890,0,1
Stony Point,Rockland,Ice,22,0,NA,0,NA,1,"$26,000",0,0
Stony Point,Rockland,Brick,15,12,"$90,000",12,"$15,950",12,"$171,250",3,9
Stony Point,Rockland,Lime and Cement,15,1,"$20,000",0,NA,1,"$40,000",1,0
Ballston,Saratoga,"Harnesses, Saddles, and Trunks",16,1,$500,1,$400,1,$800,0,0
Ballston,Saratoga,Coaches and Wagons,10,0,NA,1,$400,1,$800,0,0
Canton,Saratoga,Axes and Edge Tools,2,1,"$4,000",1,"$2,234",1,"$5,500",0,1
Charlton,Saratoga,Carding and Cloth Dressing,3,0,NA,1,"$4,000",1,"$4,380",0,1
Charlton,Saratoga,Placeholder,0,0,NA,0,NA,0,NA,0,0
Clifton Park,Saratoga,Coaches and Wagons,10,2,"$7,600",2,"$3,519",2,"$8,325",0,0
Clifton Park,Saratoga,Boat Building,7,3,"$15,000",3,"$6,823",3,"$20,050",0,0
Corinth,Saratoga,Shingles,14,0,NA,1,$500,1,$900,0,1
Corinth,Saratoga,"Bolts, Nuts, and Washers",2,1,"$5,000",1,"$1,500",1,"$4,000",0,1
Corinth,Saratoga,House Builders Hardware,2,1,"$5,000",1,"$1,500",1,"$4,000",0,1
Day,Saratoga,Shoe Pegs,16,1,"$2,500",1,$200,1,"$1,125",0,1
Edinburg,Saratoga,Wood Turning,14,4,"$10,700",3,"$11,100",4,"$33,920",0,4
Edinburg,Saratoga,Coaches and Wagons,10,2,"$2,000",2,$600,2,"$2,000",0,0
Edinburg,Saratoga,Baskets,1,1,"$5,000",1,"$2,500",1,"$10,000",0,1
Galway,Saratoga,Placeholder,0,0,NA,0,NA,0,NA,0,0
Greenfield,Saratoga,Charcoal,22,1,$475,1,$270,1,$540,0,0
Greenfield,Saratoga,Fancy Splint Baskets and Fans,17,1,"$1,000",1,$200,1,"$1,500",0,1
Greenfield,Saratoga,Boots and Shoes,16,1,$100,1,$300,1,$450,0,0
Greenfield,Saratoga,"Harnesses, Saddles, and Trunks",16,1,$400,1,"$2,600",1,"$2,000",0,0
Greenfield,Saratoga,Brick,15,2,"$1,600",1,"$1,600",2,"$3,960",0,1
Greenfield,Saratoga,Glass and Glass Ware,15,1,"$15,000",1,"$12,100",1,"$40,000",0,0
Greenfield,Saratoga,Lime and Cement,15,1,"$3,500",1,"$3,000",1,"$7,152",0,0
Greenfield,Saratoga,Cooper Shops,14,2,$435,2,$834,2,"$1,650",0,0
Greenfield,Saratoga,Coaches and Wagons,10,4,"$7,200",2,$816,4,"$6,870",0,0
Greenfield,Saratoga,Flax Cotton,3,1,"$8,000",1,"$4,000",1,"$10,000",0,1
Hadley,Saratoga,Placeholder,0,0,NA,0,NA,0,NA,0,0
Half Moon,Saratoga,Brick,15,2,"$1,500",0,NA,2,"$2,600",0,1
Half Moon,Saratoga,Coaches and Wagons,10,1,"$1,000",1,$200,1,"$1,100",0,0
Half Moon,Saratoga,"Sash, Blinds, and Doors",9,2,"$17,000",0,NA,1,"$10,000",1,1
Half Moon,Saratoga,Stone Quarries,9,1,"$5,000",0,NA,1,"$21,000",0,0
Half Moon,Saratoga,Breweries,4,0,NA,0,NA,1,"$1,200",0,0
Half Moon,Saratoga,Carding and Cloth Dressing,3,0,NA,0,NA,0,NA,0,1
Malta,Saratoga,Coaches and Wagons,10,2,"$2,000",2,"$1,646",1,"$1,885",0,0
Milton,Saratoga,Boots and Shoes,16,1,$800,1,$400,1,$800,0,0
Milton,Saratoga,Brick,15,1,$800,0,NA,1,"$1,430",0,1
Milton,Saratoga,Lime and Cement,15,1,$500,1,$25,2,"$3,000",0,0
Milton,Saratoga,Marble,15,1,$500,1,"$1,200",1,"$2,200",0,0
Milton,Saratoga,Coaches and Wagons,10,1,$600,1,$600,1,$780,0,0
Milton,Saratoga,"Sash, Blinds, and Doors",9,1,"$2,000",1,$300,1,"$1,500",0,1
Milton,Saratoga,Telegraph Instruments,8,1,"$3,000",1,"$1,610",1,"$3,000",1,0
Milton,Saratoga,Oil Cloth,4,1,"$13,500",1,"$13,300",1,"$25,000",1,0
Milton,Saratoga,Knit Goods,3,1,"$40,000",1,"$70,000",1,"$84,000",0,1
Milton,Saratoga,Iron Foundries,2,1,"$3,000",1,"$1,960",1,"$4,000",0,1
Milton,Saratoga,Machinery,2,1,"$2,000",1,$500,1,"$1,500",0,1
Milton,Saratoga,Scythes,1,1,"$20,000",1,"$73,000",1,"$180,000",0,0
Moreau,Saratoga,Potteries,15,1,$50,1,$4,1,$800,0,1
Moreau,Saratoga,Lath,14,3,NA,0,NA,3,"$18,698",0,0
Moreau,Saratoga,Wood Turning,14,1,"$4,000",1,"$3,150",1,"$5,700",0,1
Moreau,Saratoga,"Spokes, Felloes, and Bows",10,1,"$10,000",1,"$5,850",1,"$17,212",0,1
Northumberland,Saratoga,Boots and Shoes,16,1,$500,1,$600,1,$900,0,0
Northumberland,Saratoga,Blacksmithing,2,1,$700,0,NA,1,$500,0,0
Providence,Saratoga,Undertakers,22,1,$200,1,$175,1,$240,0,0
Providence,Saratoga,Gloves and Mittens,21,1,"$2,000",1,"$2,000",1,"$2,500",0,0
Providence,Saratoga,Chairs,17,2,$350,2,$235,1,$580,0,1
Providence,Saratoga,Coaches and Wagons,10,1,$175,1,$125,1,$600,0,0
Providence,Saratoga,Grain Measures,1,1,"$1,000",0,NA,1,"$2,300",0,1
Providence,Saratoga,Rakes,1,1,$300,1,$25,1,$200,0,1
Providence,Saratoga,Scythe Snaths,1,3,"$14,800",3,"$1,936",3,"$14,960",0,2
Saratoga,Saratoga,Boots and Shoes,16,1,$300,1,"$1,000",1,"$1,800",0,0
Saratoga,Saratoga,Coaches and Wagons,10,1,$300,1,$700,1,"$1,400",0,0
Saratoga,Saratoga,"Sash, Blinds, and Doors",9,1,"$1,000",1,"$4,500",1,"$7,000",0,1
Saratoga,Saratoga,Blacksmithing,2,4,$850,4,$975,4,"$3,150",0,0
Saratoga,Saratoga,Agricultural Implements Generally,1,1,"$1,200",1,"$4,641",1,"$11,860",0,1
Saratoga Springs,Saratoga,Clothing,21,5,"$7,250",5,"$18,650",5,"$34,700",0,0
Saratoga Springs,Saratoga,Printing and Publishing,18,1,"$8,000",1,"$2,000",1,"$6,600",1,0
Saratoga Springs,Saratoga,Brooms,17,1,$500,1,"$1,502",1,"$2,140",0,0
Saratoga Springs,Saratoga,Cabinet Ware,17,2,"$1,850",2,$970,2,"$2,790",0,0
Saratoga Springs,Saratoga,Boots and Shoes,16,3,"$3,850",3,"$3,100",3,"$8,024",0,0
Saratoga Springs,Saratoga,"Harnesses, Saddles, and Trunks",16,2,"$2,700",2,"$4,500",2,"$6,450",0,0
Saratoga Springs,Saratoga,Marble,15,2,"$1,300",1,$450,2,"$1,500",0,0
Saratoga Springs,Saratoga,Coaches and Wagons,10,1,"$1,500",1,"$2,000",1,"$7,000",0,0
Saratoga Springs,Saratoga,Telegraph Instruments,8,1,$400,1,$300,1,$500,1,0
Saratoga Springs,Saratoga,Candles and Soap,4,1,"$3,000",1,"$4,989",1,"$6,418",0,0
Saratoga Springs,Saratoga,Blacksmithing,2,1,"$1,000",1,$600,1,"$2,672",0,0
Saratoga Springs,Saratoga,"Bolts, Nuts, and Washers",2,1,"$12,000",1,"$50,000",1,"$46,790",0,1
Saratoga Springs,Saratoga,Iron Foundries,2,1,"$5,000",1,"$1,500",1,"$7,500",1,0
Saratoga Springs,Saratoga,Tin Smithing,2,3,"$2,950",3,"$4,950",1,"$6,798",0,0
Stillwater,Saratoga,"Sash, Blinds, and Doors",9,1,"$15,000",0,NA,1,"$27,000",0,1
Stillwater,Saratoga,Stained Paper and Hangings,4,1,"$20,000",1,"$50,000",1,"$60,000",0,0
Stillwater,Saratoga,"Linen, Cloth, Thread, and Twine",3,1,"$70,000",1,"$67,000",1,"$150,417",1,1
Waterford,Saratoga,Engraving and Die Sinking,18,1,"$50,000",1,"$10,000",1,"$37,000",0,0
Waterford,Saratoga,Cooper Shops,14,7,"$10,880",7,"$16,880",7,"$36,950",0,0
Waterford,Saratoga,Fire Engines,11,1,"$20,000",1,"$20,000",0,NA,0,0
Waterford,Saratoga,Car Wheels,10,1,"$40,000",0,NA,1,"$60,000",1,1
Waterford,Saratoga,Knit Goods,3,1,"$25,000",0,NA,0,NA,0,1
Waterford,Saratoga,"Linen, Cloth, Thread, and Twine",3,1,"$5,000",0,NA,0,NA,0,1
Waterford,Saratoga,Machinery,2,1,"$25,000",1,"$12,000",1,"$29,000",0,1
Waterford,Saratoga,Tin Smithing,2,2,"$15,080",1,$250,1,"$3,200",0,0
Waterford,Saratoga,Tools,2,1,"$2,000",0,NA,1,"$4,000",0,1
Wilton,Saratoga,Placeholder,0,0,NA,0,NA,0,NA,0,0
Duanesburgh,Schenectady,Boots and Shoes,16,2,"$1,300",2,"$8,880",2,"$17,000",0,0
Duanesburgh,Schenectady,Wood Turning,14,1,$300,2,$450,2,$650,0,2
Duanesburgh,Schenectady,Coaches and Wagons,10,1,$400,1,$450,1,"$1,025",0,0
Duanesburgh,Schenectady,Carding and Cloth Dressing,3,1,"$2,000",1,"$2,000",0,NA,0,1
Glenville,Schenectady,Boots and Shoes,16,2,"$14,250",2,"$1,975",1,"$5,742",0,0
Glenville,Schenectady,Cooper Shops,14,1,$150,1,$700,1,"$1,200",0,0
Glenville,Schenectady,Coaches and Wagons,10,1,$350,1,$300,1,"$1,800",0,0
Glenville,Schenectady,Carding and Cloth Dressing,3,1,$200,1,"$1,020",1,"$1,200",0,1
Glenville,Schenectady,Rope and Twine,3,1,"$1,000",1,$600,1,"$4,800",0,0
Niskayuna,Schenectady,Placeholder,0,0,NA,0,NA,0,NA,0,0
Princetown,Schenectady,Placeholder,0,0,NA,0,NA,0,NA,0,0
Rotterdam,Schenectady,Flax Dressing,3,1,"$11,000",1,"$6,461",1,"$8,920",0,1
Rotterdam,Schenectady,"Linen, Cloth, Thread, and Twine",3,1,"$50,000",1,"$75,000",1,"$175,000",0,1
Rotterdam,Schenectady,Threshing Machines,1,1,"$40,000",1,"$20,000",1,"$30,000",1,0
Schenectady,Schenectady,Collars and Cuffs,21,1,"$1,800",0,NA,1,"$85,000",0,0
Schenectady,Schenectady,Printing and Publishing,18,1,"$9,000",0,NA,0,NA,0,0
Schenectady,Schenectady,Planing Mills,14,1,"$8,000",0,NA,0,NA,1,0
Schenectady,Schenectady,Wheel Barrows,10,1,"$7,000",1,"$3,000",1,"$5,500",1,0
Schenectady,Schenectady,Locomotives,6,2,"$205,000",2,"$170,353",2,"$170,353",2,0
Schenectady,Schenectady,Breweries,4,1,"$11,800",1,"$12,600",1,"$14,000",1,0
Schenectady,Schenectady,Mineral Water,4,1,"$1,000",1,"$5,475",NA,NA,0,0
Schenectady,Schenectady,"Linen, Cloth, Thread, and Twine",3,1,"$30,000",1,"$60,000",1,"$116,000",0,1
Schenectady,Schenectady,Shawls,3,1,"$200,000",1,"$302,400",1,"$656,825",1,0
Schenectady,Schenectady,Hollow Ware,2,1,"$40,000",1,"$67,849",1,"$120,000",0,1
Schenectady,Schenectady,Iron Foundries,2,1,"$50,000",0,NA,0,NA,0,0
Schenectady,Schenectady,Reapers and Mowers,1,1,"$20,000",1,"$10,000",1,"$25,000",0,0
Duanesburgh,Schenectady ,Blacksmithing,2,1,$300,1,$200,4,"$1,000",0,0
Glenville,Schenectady ,Broom Machines,17,1,$100,1,$163,1,$840,0,0
Glenville,Schenectady ,Brooms,17,9,"$38,400",9,"$23,460",9,"$136,475",0,0
Glenville,Schenectady ,"Harnesses, Saddles, and Trunks",16,1,$500,1,$300,1,$600,0,0
Glenville,Schenectady ,Blacksmithing,2,3,$875,3,"$1,400",1,"$2,672",0,0
Rotterdam,Schenectady ,Brooms,17,7,"$36,949",7,"$38,055",7,"$49,350",0,0
Blenheim,Schoharie,Cooper Shops,14,1,"$2,100",0,NA,1,"$1,500",0,0
Blenheim,Schoharie,Blacksmithing,2,2,$200,0,NA,2,$800,0,0
Broome,Schoharie,Shingles,14,1,$500,1,$90,1,$200,0,1
Broome,Schoharie,"Sash, Blinds, and Doors",9,1,$400,1,$45,1,$275,0,1
Broome,Schoharie,Grain Cradles,1,1,$300,1,$50,1,$250,0,1
Carlisle,Schoharie,Iron Foundries,2,1,$400,1,"$1,000",1,"$1,440",0,0
Cobleskill,Schoharie,Undertakers,22,1,$700,1,$500,1,"$1,000",0,0
Cobleskill,Schoharie,Dentistry,20,1,$300,1,$400,1,"$1,500",0,0
Cobleskill,Schoharie,"Harnesses, Saddles, and Trunks",16,1,$800,1,$800,1,"$2,200",0,0
Cobleskill,Schoharie,Lime and Cement,15,2,$200,2,$430,2,"$1,096",0,0
Cobleskill,Schoharie,Coaches and Wagons,10,1,"$2,000",1,"$1,160",1,"$2,800",0,1
Cobleskill,Schoharie,"Sash, Blinds, and Doors",9,1,"$5,000",1,"$1,228",1,$710,0,1
Cobleskill,Schoharie,Carding and Cloth Dressing,3,1,"$3,000",1,"$12,000",1,"$6,000",0,1
Cobleskill,Schoharie,Tin Smithing,2,1,$200,1,$990,1,"$1,220",0,0
Cobleskill,Schoharie,Agricultural Implements Generally,1,1,"$9,000",1,"$6,722",1,"$12,675",0,1
Conesville,Schoharie,Placeholder,0,0,NA,0,NA,0,NA,0,0
Esperance,Schoharie,Cabinet Ware,17,1,$340,1,$159,1,$700,0,0
Esperance,Schoharie,Boots and Shoes,16,1,$300,1,$250,1,$500,0,0
Esperance,Schoharie,"Harnesses, Saddles, and Trunks",16,2,$500,2,$900,2,"$1,850",0,0
Esperance,Schoharie,Marble,15,1,$350,1,$200,1,$800,0,0
Esperance,Schoharie,Coaches and Wagons,10,3,"$1,150",2,$660,3,"$2,100",0,0
Esperance,Schoharie,Bakeries,4,1,"$1,750",1,"$6,370",1,$650,0,0
Esperance,Schoharie,Flax Dressing,3,1,"$1,500",1,$515,0,NA,0,0
Esperance,Schoharie,Blacksmithing,2,3,$800,3,"$1,951",3,"$4,200",0,0
Esperance,Schoharie,Tin Smithing,2,1,"$1,000",1,"$1,070",1,"$1,700",0,0
Fulton,Schoharie,Flax Dressing,3,1,"$1,200",1,"$1,800",1,"$5,500",0,1
Fulton,Schoharie,Iron Foundries,2,1,"$2,500",1,$500,1,"$1,500",0,1
Gilboa,Schoharie,Cabinet Ware,17,1,$700,1,$225,1,$617,0,0
Gilboa,Schoharie,"Harnesses, Saddles, and Trunks",16,1,$100,1,$300,1,$900,0,0
Gilboa,Schoharie,Tin Smithing,2,1,$400,1,$200,1,$400,0,0
Jefferson,Schoharie,Placeholder,0,0,NA,0,NA,0,NA,0,0
Middleburgh,Schoharie,Lime and Cement,15,1,$200,0,NA,1,$400,0,0
Middleburgh,Schoharie,Planing Mills,14,1,"$2,000",1,$450,0,NA,1,0
Middleburgh,Schoharie,Blacksmithing,2,1,$150,1,$225,1,$800,0,0
Middleburgh,Schoharie,Iron Foundries,2,1,"$2,500",1,"$1,500",1,"$4,500",0,0
Middlefield,Schoharie,"Harnesses, Saddles, and Trunks",16,1,"$2,000",1,"$1,500",1,"$3,000",0,0
Middlefield,Schoharie,Stone Quarries,9,1,$600,0,NA,1,"$2,000",0,0
Richmondville,Schoharie,Boots and Shoes,16,1,"$1,000",1,"$2,000",1,"$3,000",0,0
Richmondville,Schoharie,Wood Turning,14,2,$135,2,$310,2,"$5,940",0,2
Richmondville,Schoharie,Feed Mills,13,4,"$2,750",4,"$4,263",4,"$5,560",0,4
Richmondville,Schoharie,Coaches and Wagons,10,2,$800,2,$430,2,"$2,300",0,0
Richmondville,Schoharie,Carding and Cloth Dressing,3,1,"$2,000",1,"$2,250",1,"$3,050",0,1
Richmondville,Schoharie,Blacksmithing,2,5,$650,5,"$1,246",5,"$2,900",0,0
Richmondville,Schoharie,Iron Foundries,2,1,"$3,000",1,"$1,344",1,"$4,000",0,1
Richmondville,Schoharie,Tin Smithing,2,2,"$2,500",2,$726,2,"$1,548",0,0
Richmondville,Schoharie,Agricultural Implements Generally,1,1,"$5,000",1,$825,1,"$1,095",1,0
Schoharie,Schoharie,Butchering,22,1,"$1,000",1,"$11,750",1,"$14,700",0,0
Schoharie,Schoharie,Clothing,21,1,"$4,200",1,"$6,000",1,"$8,000",0,0
Schoharie,Schoharie,Brooms,17,1,"$5,000",1,"$5,200",1,"$7,825",0,0
Schoharie,Schoharie,Cabinet Ware,17,1,"$2,500",1,$300,1,"$3,500",0,0
Schoharie,Schoharie,Brick,15,1,$500,0,NA,1,"$1,000",0,1
Schoharie,Schoharie,Marble,15,1,"$8,000",1,"$1,525",1,"$6,000",1,0
Schoharie,Schoharie,Coaches and Wagons,10,1,"$10,000",1,"$5,300",1,"$14,000",0,0
Schoharie,Schoharie,"Spokes, Felloes, and Bows",10,1,"$60,000",1,"$5,600",1,"$38,885",1,0
Seward,Schoharie,Placeholder,0,0,NA,0,NA,0,NA,0,0
Sharon,Schoharie,Stone Quarries,9,1,"$1,200",0,NA,1,$50,0,0
Sharon,Schoharie,Tin Smithing,2,1,"$6,000",1,"$6,000",1,"$8,000",0,0
Wright,Schoharie,Coaches and Wagons,10,1,"$1,500",1,"$1,000",1,"$4,000",0,0
Catherine,Schuyler,Chairs,17,1,"$2,500",1,$360,1,"$2,000",0,0
Catherine,Schuyler,Boots and Shoes,16,2,$500,1,"$1,000",0,NA,0,0
Catherine,Schuyler,Shingles,14,1,$700,1,$500,1,"$1,000",0,0
Catherine,Schuyler,Coaches and Wagons,10,1,"$1,100",1,$100,1,"$1,200",0,0
Catherine,Schuyler,Blacksmithing,2,2,$900,2,$350,2,$775,0,0
Cayuta,Schuyler,Placeholder,0,0,NA,0,NA,0,NA,0,0
Dix,Schuyler,Clothing,21,3,"$6,000",1,"$5,000",1,"$10,300",0,0
Dix,Schuyler,Fire Arms,19,1,$500,1,$70,1,$500,0,0
Dix,Schuyler,Photographing,18,2,"$2,700",2,"$1,450",2,"$2,900",0,0
Dix,Schuyler,Cabinet Ware,17,1,$500,1,$500,1,"$1,200",0,0
Dix,Schuyler,Boots and Shoes,16,2,"$2,200",2,"$1,500",2,"$6,600",0,0
Dix,Schuyler,"Harnesses, Saddles, and Trunks",16,1,"$2,500",1,"$1,000",1,"$2,000",0,0
Dix,Schuyler,Brick,15,1,$300,1,$150,1,$500,0,0
Dix,Schuyler,Lime and Cement,15,1,$400,1,$430,1,"$1,250",0,0
Dix,Schuyler,Shingles,14,1,$150,1,$50,1,$150,0,1
Dix,Schuyler,Coaches and Wagons,10,3,"$1,600",3,"$1,350",3,"$3,500",0,0
Dix,Schuyler,Bakeries,4,2,"$1,700",2,"$4,100",2,"$7,600",0,0
Dix,Schuyler,Malt,4,1,"$20,000",1,"$105,000",1,"$130,000",0,0
Dix,Schuyler,Flax Dressing,3,1,"$3,000",1,"$1,500",1,"$5,000",1,0
Dix,Schuyler,Blacksmithing,2,6,"$3,545",6,"$1,209",6,"$4,850",0,0
Dix,Schuyler,Machinery,2,2,"$6,000",2,"$2,000",2,"$6,500",1,1
Dix,Schuyler,Tin Smithing,2,2,"$2,575",2,"$2,400",2,"$5,000",0,0
Hector,Schuyler,Boots and Shoes,16,2,"$1,200",2,$690,2,"$1,700",0,0
Hector,Schuyler,Coaches and Wagons,10,1,$400,1,$50,1,$500,0,0
Hector,Schuyler,"Spokes, Felloes, and Bows",10,1,"$1,000",1,$50,1,$500,0,1
Hector,Schuyler,Blacksmithing,2,4,"$1,575",4,$750,4,"$3,200",0,0
Montour,Schuyler,Photographing,18,1,$400,1,"$1,000",1,"$2,500",0,0
Montour,Schuyler,Printing and Publishing,18,1,"$2,500",1,"$1,348",1,"$3,900",0,0
Montour,Schuyler,Cabinet Ware,17,1,"$2,000",1,$300,1,"$3,500",0,0
Montour,Schuyler,Boots and Shoes,16,0,NA,0,NA,1,"$2,000",0,0
Montour,Schuyler,"Harnesses, Saddles, and Trunks",16,2,"$1,000",2,"$1,525",1,"$2,850",0,0
Montour,Schuyler,Plaster,15,2,"$4,000",2,"$2,250",2,"$6,600",0,2
Montour,Schuyler,Potteries,15,1,"$4,200",1,$900,1,"$9,000",0,0
Montour,Schuyler,Cooper Shops,14,1,$300,1,$300,1,$750,0,0
Montour,Schuyler,Planing Mills,14,0,NA,0,NA,0,NA,0,1
Montour,Schuyler,Coaches and Wagons,10,1,NA,0,NA,0,NA,0,0
Montour,Schuyler,"Sash, Blinds, and Doors",9,2,"$2,300",1,"$1,000",1,"$2,500",0,2
Montour,Schuyler,Boat Building,7,3,NA,0,NA,0,NA,0,0
Montour,Schuyler,Bakeries,4,1,"$1,500",1,"$4,000",1,"$5,500",1,0
Montour,Schuyler,Blacksmithing,2,2,"$1,100",1,$279,2,"$2,200",0,0
Montour,Schuyler,Tin Smithing,2,1,$200,1,"$1,000",1,"$2,000",0,0
Orange,Schuyler,Blacksmithing,2,1,$250,0,NA,0,NA,0,0
Reading,Schuyler,Marble,15,1,"$2,800",1,"$3,900",1,"$9,000",0,0
Reading,Schuyler,Shingles,14,1,$400,1,$110,1,"$1,100",1,0
Reading,Schuyler,Coaches and Wagons,10,1,$300,1,$100,1,$500,0,0
Reading,Schuyler,Breweries,4,1,"$4,000",1,"$4,000",1,"$8,000",1,0
Reading,Schuyler,Agricultural Implements Generally,1,1,"$6,000",1,"$1,300",0,NA,1,0
Tyrone,Schuyler,Boots and Shoes,16,2,"$1,085",2,"$3,200",2,"$6,400",0,0
Tyrone,Schuyler,"Harnesses, Saddles, and Trunks",16,1,$100,1,$600,1,$800,0,0
Tyrone,Schuyler,Plaster,15,1,"$1,000",0,NA,1,$690,0,1
Tyrone,Schuyler,Planing Mills,14,1,"$1,000",1,"$4,500",1,"$8,500",1,0
Tyrone,Schuyler,Shingles,14,1,$200,1,$160,1,$400,0,1
Tyrone,Schuyler,Coaches and Wagons,10,2,$575,2,$580,2,"$1,500",0,0
Tyrone,Schuyler,Carding and Cloth Dressing,3,1,$800,1,"$5,500",1,"$6,684",0,1
Tyrone,Schuyler,Blacksmithing,2,3,"$1,050",3,$790,3,"$2,750",0,0
Tyrone,Schuyler,Machinery,2,1,$525,1,$275,1,$550,0,0
Corning,Seneca,Cigars,22,3,"$1,500",4,"$1,950",4,"$4,350",0,0
Covert,Seneca,Boots and Shoes,16,1,$500,1,"$1,000",0,NA,0,0
Covert,Seneca,Plaster,15,1,"$2,000",1,$612,1,"$1,652",0,1
Covert,Seneca,"Headings, Hoops, and Staves",14,2,"$3,500",2,"$1,400",2,"$7,475",2,0
Covert,Seneca,Tin Smithing,2,1,$500,1,$515,1,"$1,500",0,0
Covert,Seneca,Reapers and Mowers,1,1,"$7,500",1,"$10,033",1,"$21,000",1,0
Fayette,Seneca,Cigars,22,1,"$1,000",1,$144,1,"$1,440",0,0
Fayette,Seneca,Boots and Shoes,16,1,$100,1,$960,1,"$2,037",0,0
Fayette,Seneca,"Harnesses, Saddles, and Trunks",16,1,$800,1,"$1,400",1,"$2,400",0,0
Fayette,Seneca,Brick and Tile Machines,15,1,"$10,000",1,"$4,775",1,"$5,100",0,1
Fayette,Seneca,Tiles,15,1,"$1,000",1,$525,1,"$1,350",0,1
Fayette,Seneca,Coaches and Wagons,10,6,"$3,600",6,"$1,821",6,"$5,770",0,0
Fayette,Seneca,Stone Quarries,9,1,"$3,000",0,NA,1,"$3,242",0,0
Fayette,Seneca,Distilleries,4,1,"$9,000",0,NA,0,NA,0,0
Fayette,Seneca,Flax Dressing,3,1,"$3,500",1,$700,1,"$1,500",0,1
Fayette,Seneca,Blacksmithing,2,2,"$3,000",2,"$1,861",2,"$5,500",0,0
Junius,Seneca,Placeholder,0,0,NA,0,NA,0,NA,0,0
Lodi,Seneca,"Harnesses, Saddles, and Trunks",16,0,NA,0,NA,1,"$1,840",0,0
Lodi,Seneca,Blacksmithing,2,0,NA,1,$285,1,"$1,500",0,0
Lodi,Seneca,Placeholder,0,0,NA,0,NA,0,NA,0,0
Ovid,Seneca,Clothing,21,1,"$2,800",1,"$2,550",1,"$1,750",0,0
Ovid,Seneca,Boots and Shoes,16,1,"$6,400",1,"$2,646",1,"$4,610",0,0
Ovid,Seneca,"Harnesses, Saddles, and Trunks",16,1,"$1,500",1,$300,1,$600,0,0
Ovid,Seneca,Flax Dressing,3,1,"$8,000",1,"$2,100",1,"$5,050",1,0
Ovid,Seneca,Blacksmithing,2,1,$660,1,$350,1,"$1,000",0,0
Ovid,Seneca,Iron Foundries,2,1,"$2,500",1,"$1,650",1,"$3,200",1,0
Ovid,Seneca,Tin Smithing,2,1,"$2,000",1,$400,1,$600,0,0
Romulus,Seneca,Clothing,21,1,"$2,000",0,NA,0,NA,0,0
Romulus,Seneca,Carpenter Shops,14,4,$365,0,NA,0,NA,0,0
Romulus,Seneca,"Headings, Hoops, and Staves",14,1,"$3,000",1,$875,1,"$1,750",1,0
Romulus,Seneca,Asheries,4,1,"$5,000",1,"$1,488",1,"$3,920",1,0
Romulus,Seneca,Rag Carpets,3,1,$20,1,$252,1,$406,0,0
Romulus,Seneca,Blacksmithing,2,6,$975,6,$515,0,NA,0,0
Seneca Falls,Seneca,Cigars,22,2,"$4,500",2,"$1,200",2,"$2,600",0,0
Seneca Falls,Seneca,Hosiery,21,1,"$85,000",1,"$735,000",1,"$901,800",0,1
Seneca Falls,Seneca,Cabinet Ware,17,2,"$5,000",2,"$2,600",2,"$8,200",0,1
Seneca Falls,Seneca,Boots and Shoes,16,1,"$10,500",1,"$7,500",1,"$13,994",0,0
Seneca Falls,Seneca,"Harnesses, Saddles, and Trunks",16,2,"$1,500",2,$850,2,"$2,475",0,0
Seneca Falls,Seneca,Brick,15,3,"$5,000",3,$740,3,"$6,428",0,3
Seneca Falls,Seneca,Cooper Shops,14,2,"$8,000",2,"$12,164",2,"$13,200",0,1
Seneca Falls,Seneca,Fire Engines,11,4,"$216,000",4,"$122,950",4,"$340,000",0,4
Seneca Falls,Seneca,Asheries,4,1,"$3,000",1,"$1,520",1,"$2,100",0,0
Seneca Falls,Seneca,Distilleries,4,1,"$25,000",1,"$60,000",0,NA,0,1
Seneca Falls,Seneca,Iron Foundries,2,1,"$6,000",1,"$2,725",1,"$5,000",0,1
Seneca Falls,Seneca,Reapers and Mowers,1,1,"$50,000",1,"$22,950",1,"$56,000",0,1
Tyre,Seneca,Coaches and Wagons,10,1,"$2,000",1,$800,1,"$1,210",0,0
Tyre,Seneca,Blacksmithing,2,2,$800,2,$210,2,"$1,050",0,0
Varick,Seneca,Boots and Shoes,16,1,$50,1,$645,1,$560,0,0
Varick,Seneca,"Harnesses, Saddles, and Trunks",16,0,NA,1,$450,1,$600,0,0
Varick,Seneca,Coaches and Wagons,10,1,"$3,000",1,"$3,680",1,"$9,025",0,0
Varick,Seneca,Blacksmithing,2,1,$400,1,$265,1,$650,0,0
Waterloo,Seneca,Clothing,21,1,"$5,000",0,NA,0,NA,0,0
Waterloo,Seneca,Cabinet Ware,17,1,"$6,500",1,"$1,000",1,"$5,000",0,1
Waterloo,Seneca,Chairs,17,1,"$2,000",1,"$1,500",1,"$6,000",0,1
Waterloo,Seneca,Brick,15,1,"$1,500",1,$375,1,"$5,250",0,1
Waterloo,Seneca,Marble,15,1,$200,0,NA,1,"$2,000",0,0
Waterloo,Seneca,Tiles,15,1,$200,1,"$1,000",1,"$2,800",0,1
Waterloo,Seneca,Carpenter Shops,14,1,"$1,000",1,"$2,500",0,NA,0,1
Waterloo,Seneca,Cooper Shops,14,1,$200,1,$100,1,"$1,000",0,0
Waterloo,Seneca,Wood Turning,14,1,"$3,500",1,"$4,500",0,NA,0,1
Waterloo,Seneca,"Spokes, Felloes, and Bows",10,1,"$6,000",0,NA,1,"$6,000",0,1
Waterloo,Seneca,Boat Building,7,1,NA,0,NA,0,NA,0,0
Waterloo,Seneca,Candles and Soap,4,1,$200,1,$880,1,"$2,740",0,0
Waterloo,Seneca,Lamp Black and Stove Polish,4,1,"$3,000",1,$800,1,"$2,000",0,0
Waterloo,Seneca,Malt,4,1,"$6,000",1,"$30,000",0,NA,0,0
Waterloo,Seneca,Shawls,3,1,"$150,000",1,"$340,000",1,"$450,000",0,1
Waterloo,Seneca,Blacksmithing,2,0,NA,1,"$1,075",1,"$3,000",0,0
Waterloo,Seneca,Iron Foundries,2,2,"$13,800",2,"$14,525",2,"$165,000",0,1
Waterloo,Seneca,Tin Smithing,2,1,"$1,200",1,"$5,000",1,"$15,000",0,0
Brasher,St. Lawrence,Clothing,21,1,"$3,000",1,"$3,000",1,"$5,000",0,0
Brasher,St. Lawrence,Cabinet Ware,17,1,"$1,000",1,"$1,200",1,"$2,500",0,0
Brasher,St. Lawrence,Boots and Shoes,16,1,$350,1,"$1,600",1,"$2,800",0,0
Brasher,St. Lawrence,"Harnesses, Saddles, and Trunks",16,0,NA,1,$700,1,"$2,080",0,0
Brasher,St. Lawrence,Brick,15,1,$500,0,NA,1,"$1,000",0,0
Brasher,St. Lawrence,Lime and Cement,15,1,$200,0,NA,1,"$2,500",0,0
Brasher,St. Lawrence,Cooper Shops,14,1,"$2,000",1,$100,1,$500,0,0
Brasher,St. Lawrence,Shingle Machines,14,1,"$20,000",1,$885,1,"$2,966",0,1
Brasher,St. Lawrence,Shingles,14,2,"$6,500",2,"$11,700",2,"$25,625",0,2
Brasher,St. Lawrence,Pumps,11,1,"$2,000",1,"$3,000",1,"$6,500",0,1
Brasher,St. Lawrence,Coaches and Wagons,10,2,"$3,500",2,$225,2,"$1,500",0,2
Brasher,St. Lawrence,Carding and Cloth Dressing,3,1,$200,0,NA,1,"$1,480",0,1
Brasher,St. Lawrence,Blacksmithing,2,2,$900,2,"$2,250",2,"$3,900",0,0
Brasher,St. Lawrence,Iron Foundries,2,1,"$60,000",1,"$11,784",1,"$27,894",0,1
Brasher,St. Lawrence,Machinery,2,1,$500,1,$100,1,$400,0,1
Brasher,St. Lawrence,Threshing Machines,1,1,"$12,000",1,"$6,000",1,"$18,000",0,1
Canton,St. Lawrence,Undertakers,22,1,$500,1,$222,1,$414,0,0
Canton,St. Lawrence,Clothing,21,2,"$8,500",2,"$14,000",2,"$20,800",0,0
Canton,St. Lawrence,Cabinet Ware,17,1,"$3,500",1,$400,1,"$1,800",0,1
Canton,St. Lawrence,Boots and Shoes,16,5,"$6,740",5,"$3,150",5,"$15,100",0,0
Canton,St. Lawrence,"Harnesses, Saddles, and Trunks",16,4,"$1,825",4,"$1,550",4,"$4,150",0,0
Canton,St. Lawrence,Cheese Boxes,14,1,"$1,400",1,$929,1,"$3,113",0,1
Canton,St. Lawrence,Cooper Shops,14,1,$300,1,$600,1,$850,0,0
Canton,St. Lawrence,Shingles,14,5,"$5,400",5,"$2,450",5,"$11,300",0,5
Canton,St. Lawrence,Coaches and Wagons,10,3,"$3,150",2,"$1,060",2,"$2,000",0,0
Canton,St. Lawrence,"Sash, Blinds, and Doors",9,2,"$3,200",1,$200,2,$850,0,2
Canton,St. Lawrence,Asheries,4,5,"$2,400",4,"$6,600",4,"$13,800",0,0
Canton,St. Lawrence,Bakeries,4,1,"$2,000",1,"$1,400",1,"$14,050",0,0
Canton,St. Lawrence,Carding and Cloth Dressing,3,1,"$1,000",0,NA,1,$600,0,1
Canton,St. Lawrence,Blacksmithing,2,4,"$1,475",2,"$1,325",4,"$3,450",0,0
Canton,St. Lawrence,Iron Foundries,2,1,"$10,000",1,"$6,310",1,"$11,610",0,0
Canton,St. Lawrence,Tin Smithing,2,2,"$1,500",2,"$2,200",2,"$2,912",0,0
Colton,St. Lawrence,Cooper Shops,14,1,"$9,000",1,"$1,250",1,"$5,776",0,1
Colton,St. Lawrence,Shingles,14,1,"$3,000",1,"$1,400",1,"$2,600",0,1
Colton,St. Lawrence,Wood Turning,14,1,"$2,000",1,$240,1,"$1,000",0,1
De Kalb,St. Lawrence,Placeholder,0,0,NA,0,NA,0,NA,0,0
De Peyster,St. Lawrence,Coaches and Wagons,10,0,NA,0,NA,2,"$1,000",0,0
De Peyster,St. Lawrence,Iron Foundries,2,0,NA,0,NA,1,$500,0,0
De Peyster,St. Lawrence,Placeholder,0,0,NA,0,NA,0,NA,0,0
Edwards,St. Lawrence,Placeholder,0,0,NA,0,NA,0,NA,0,0
Fine,St. Lawrence,Placeholder,0,0,NA,0,NA,0,NA,0,0
Fowler,St. Lawrence,Lath,14,1,$50,1,$5,1,$25,0,1
Fowler,St. Lawrence,Shingles,14,4,"$5,750",4,"$3,540",4,"$3,310",0,4
Fowler,St. Lawrence,Wood Turning,14,1,"$1,500",0,NA,0,NA,0,1
Fowler,St. Lawrence,"Sash, Blinds, and Doors",9,1,"$2,500",1,$300,1,$800,0,1
Gouverneur,St. Lawrence,Cabinet Ware,17,1,"$10,000",1,"$2,000",1,"$10,000",0,1
Gouverneur,St. Lawrence,"Sash, Blinds, and Doors",9,1,"$3,500",1,$150,1,$300,0,1
Gouverneur,St. Lawrence,Iron Foundries,2,1,"$12,000",1,"$3,700",1,"$8,728",0,1
Hammond,St. Lawrence,Boots and Shoes,16,2,$800,2,"$1,400",1,$950,0,0
Hammond,St. Lawrence,Coaches and Wagons,10,1,"$1,000",1,$72,1,$400,1,0
Hammond,St. Lawrence,Blacksmithing,2,1,$850,1,"$1,010",1,"$2,690",0,0
Hermon,St. Lawrence,Cheese Boxes,14,1,"$4,000",1,"$1,000",1,"$2,000",0,1
Hermon,St. Lawrence,Shingles,14,2,"$1,500",3,$575,2,"$1,030",0,2
Hermon,St. Lawrence,Blacksmithing,2,1,"$1,000",1,$800,1,"$2,000",0,0
Hermon,St. Lawrence,Tin Smithing,2,1,"$1,800",1,"$1,000",1,"$1,800",0,0
Hopkinton,St. Lawrence,Boots and Shoes,16,1,$150,1,$300,1,$700,0,0
Hopkinton,St. Lawrence,Cooper Shops,14,1,"$1,000",1,$72,1,$400,0,1
Hopkinton,St. Lawrence,Shingles,14,3,"$2,000",2,$90,4,"$1,235",0,4
Hopkinton,St. Lawrence,Coaches and Wagons,10,3,"$1,400",2,$385,3,"$2,480",0,2
Hopkinton,St. Lawrence,Starch,4,2,"$4,500",2,"$9,460",2,"$13,860",1,1
Hopkinton,St. Lawrence,Carding and Cloth Dressing,3,1,"$1,000",0,NA,1,$600,0,1
Hopkinton,St. Lawrence,Blacksmithing,2,4,"$1,400",4,$757,4,"$2,900",0,0
Lawrence,St. Lawrence,Pails and Tubs,17,1,"$4,500",1,$500,1,"$3,000",0,1
Lawrence,St. Lawrence,Cooper Shops,14,1,$25,1,$55,1,$495,0,0
Lawrence,St. Lawrence,"Headings, Hoops, and Staves",14,1,"$2,000",1,$850,1,"$1,800",0,1
Lawrence,St. Lawrence,Shingles,14,1,"$1,000",1,$900,1,$400,0,1
Lawrence,St. Lawrence,Coaches and Wagons,10,2,"$1,100",2,"$1,150",2,"$1,860",0,0
Lawrence,St. Lawrence,Asheries,4,1,$700,1,"$1,560",1,"$2,410",0,0
Lawrence,St. Lawrence,Starch,4,1,"$5,000",1,"$2,089",1,"$3,856",0,1
Lawrence,St. Lawrence,Flax Dressing,3,1,"$1,700",0,NA,1,"$1,840",0,1
Lawrence,St. Lawrence,Rakes,1,1,$500,1,$230,1,$400,0,0
Lisbon,St. Lawrence,Brick,15,1,$175,0,NA,1,$540,0,1
Lisbon,St. Lawrence,Coaches and Wagons,10,1,"$1,600",0,NA,0,NA,0,0
Louisville,St. Lawrence,Shingles,14,1,"$3,500",1,"$2,000",1,$400,0,1
Macomb,St. Lawrence,Lead Mining,9,2,"$23,000",1,"$1,425",1,$670,2,0
Madrid,St. Lawrence,Clothing,21,1,$300,1,"$4,000",1,"$5,000",0,0
Madrid,St. Lawrence,Cabinet Ware,17,1,"$1,000",1,$200,1,$600,0,1
Madrid,St. Lawrence,Boots and Shoes,16,2,"$3,800",2,"$1,900",2,"$5,500",0,0
Madrid,St. Lawrence,"Harnesses, Saddles, and Trunks",16,1,"$1,600",1,$700,1,"$1,200",0,0
Madrid,St. Lawrence,Marble,15,1,"$2,000",1,"$1,000",1,"$4,000",0,0
Madrid,St. Lawrence,Cooper Shops,14,1,"$1,000",0,NA,1,"$1,200",0,0
Madrid,St. Lawrence,Coaches and Wagons,10,1,"$3,000",1,$600,1,"$1,500",0,1
Madrid,St. Lawrence,Asheries,4,1,"$2,100",1,"$1,350",1,"$2,000",0,0
Madrid,St. Lawrence,Flax Dressing,3,1,"$23,000",1,"$10,000",1,"$20,000",0,1
Madrid,St. Lawrence,Blacksmithing,2,2,"$3,600",2,"$1,580",2,"$3,300",0,0
Massena,St. Lawrence,Boots and Shoes,16,1,$100,1,$500,1,$900,0,0
Massena,St. Lawrence,"Harnesses, Saddles, and Trunks",16,1,$500,1,$600,1,"$1,200",0,0
Massena,St. Lawrence,Marble,15,1,$500,1,"$1,000",1,"$2,500",0,0
Massena,St. Lawrence,Cooper Shops,14,1,$100,1,$55,1,$225,0,0
Massena,St. Lawrence,Coaches and Wagons,10,1,$200,1,$85,1,$500,0,0
Massena,St. Lawrence,Blacksmithing,2,1,$500,1,$820,1,"$4,000",0,0
Massena,St. Lawrence,Tin Smithing,2,1,$500,1,"$1,500",1,"$2,500",0,0
Morristown,St. Lawrence,Boots and Shoes,16,2,$600,2,"$1,160",1,$900,0,0
Norfolk,St. Lawrence,Boots and Shoes,16,1,$200,1,$500,1,$800,0,0
Norfolk,St. Lawrence,Cooper Shops,14,2,"$1,600",2,$540,2,"$1,900",0,1
Norfolk,St. Lawrence,Shingles,14,7,"$4,400",10,"$14,475",10,"$33,725",0,10
Norfolk,St. Lawrence,Wood Turning,14,1,$800,1,$800,1,"$3,600",0,1
Norfolk,St. Lawrence,Asheries,4,1,$275,1,$900,1,"$1,500",0,0
Norfolk,St. Lawrence,Blacksmithing,2,2,$500,2,$268,2,$975,0,0
Norfolk,St. Lawrence,Tin Smithing,2,1,$90,1,$800,1,"$2,000",0,0
Oswegatchie,St. Lawrence,Cigars,22,1,"$12,000",1,"$32,000",1,"$124,000",0,0
Oswegatchie,St. Lawrence,Clothing,21,6,"$39,050",6,"$39,700",6,"$59,400",0,0
Oswegatchie,St. Lawrence,Piano Fortes,18,1,"$2,500",1,$40,1,"$2,200",0,0
Oswegatchie,St. Lawrence,Cabinet Ware,17,3,"$17,200",3,"$4,345",3,"$30,500",0,2
Oswegatchie,St. Lawrence,Chairs,17,1,$300,1,$100,1,"$1,500",0,0
Oswegatchie,St. Lawrence,Boots and Shoes,16,9,"$46,550",9,"$20,200",9,"$41,500",0,0
Oswegatchie,St. Lawrence,"Harnesses, Saddles, and Trunks",16,3,"$7,000",3,"$2,400",3,"$6,200",0,0
Oswegatchie,St. Lawrence,Brick,15,1,"$1,000",0,NA,1,"$2,500",0,0
Oswegatchie,St. Lawrence,Marble,15,1,"$1,500",1,"$2,000",1,"$6,000",0,0
Oswegatchie,St. Lawrence,Potteries,15,1,"$3,000",1,"$1,000",1,"$3,000",0,0
Oswegatchie,St. Lawrence,Carpenter Shops,14,5,"$4,300",5,"$68,510",2,"$6,800",0,1
Oswegatchie,St. Lawrence,Cooper Shops,14,2,"$1,800",1,$40,2,"$7,400",0,0
Oswegatchie,St. Lawrence,"Headings, Hoops, and Staves",14,3,"$28,000",3,"$13,400",3,"$31,200",2,1
Oswegatchie,St. Lawrence,Planing Mills,14,1,"$1,000",0,NA,1,"$1,200",0,1
Oswegatchie,St. Lawrence,Shingles,14,3,"$5,800",3,"$2,920",3,"$4,250",0,3
Oswegatchie,St. Lawrence,Pumps,11,1,"$1,000",0,NA,1,"$2,000",0,0
Oswegatchie,St. Lawrence,Cars,10,1,"$10,000",1,"$4,500",0,NA,1,0
Oswegatchie,St. Lawrence,Coaches and Wagons,10,3,"$5,675",4,"$1,490",4,"$5,275",0,0
Oswegatchie,St. Lawrence,"Sash, Blinds, and Doors",9,2,"$22,500",2,"$37,500",2,"$24,000",1,2
Oswegatchie,St. Lawrence,Stone Quarries,9,2,"$3,000",0,NA,2,"$2,200",0,0
Oswegatchie,St. Lawrence,Ships,7,1,"$10,000",1,"$13,200",1,"$42,700",1,0
Oswegatchie,St. Lawrence,Asheries,4,1,"$2,050",1,"$2,560",1,"$4,000",0,0
Oswegatchie,St. Lawrence,Bakeries,4,1,"$10,000",1,"$45,670",1,"$65,200",0,0
Oswegatchie,St. Lawrence,Breweries,4,2,"$38,000",2,"$30,000",2,"$60,000",2,0
Oswegatchie,St. Lawrence,Candles and Soap,4,1,"$1,200",2,"$1,434",2,"$12,000",1,0
Oswegatchie,St. Lawrence,Gas,4,1,"$75,000",1,"$8,000",1,"$12,000",0,0
Oswegatchie,St. Lawrence,Carding and Cloth Dressing,3,1,"$5,000",0,NA,1,"$2,129",0,1
Oswegatchie,St. Lawrence,"Cotton Batting, Wadding, and Waste",3,1,"$4,000",1,"$1,600",1,"$3,200",0,1
Oswegatchie,St. Lawrence,Blacksmithing,2,8,"$6,150",8,"$3,457",8,"$11,600",0,0
Oswegatchie,St. Lawrence,Iron Foundries,2,2,"$16,000",2,"$12,230",2,"$28,837",1,1
Oswegatchie,St. Lawrence,Machinery,2,1,$500,1,"$1,000",1,"$3,000",0,1
Oswegatchie,St. Lawrence,Tin Smithing,2,4,"$13,600",4,"$8,200",4,"$13,900",0,0
Parishville,St. Lawrence,Cabinet Ware,17,1,$400,1,$250,1,"$1,660",0,0
Parishville,St. Lawrence,Chairs,17,1,$600,0,NA,1,NA,0,1
Parishville,St. Lawrence,Boots and Shoes,16,2,"$1,300",1,$800,1,"$1,800",0,0
Parishville,St. Lawrence,"Harnesses, Saddles, and Trunks",16,1,$500,1,$450,1,$900,0,0
Parishville,St. Lawrence,Cooper Shops,14,2,$900,1,$200,1,"$1,800",0,1
Parishville,St. Lawrence,Shingles,14,1,$230,1,$75,1,$400,0,1
Parishville,St. Lawrence,Asheries,4,1,$300,1,$750,1,"$2,500",0,0
Parishville,St. Lawrence,Starch,4,3,"$3,800",3,"$4,798",3,"$8,620",0,3
Parishville,St. Lawrence,Machinery,2,1,"$1,000",0,NA,0,NA,0,1
Parishville,St. Lawrence,Grain Cradles,1,1,$400,0,NA,0,NA,0,0
Parishville,St. Lawrence,Rakes,1,1,"$2,500",1,$250,1,"$1,200",0,1
Pierrepont,St. Lawrence,Marble,15,1,$650,1,"$1,500",1,"$4,500",0,1
Pierrepont,St. Lawrence,Coaches and Wagons,10,1,$400,0,NA,1,$500,0,1
Pitcairn,St. Lawrence,Placeholder,0,0,NA,0,NA,0,NA,0,0
Potsdam,St. Lawrence,Clothing,21,1,"$1,500",1,"$2,500",1,"$3,500",0,0
Potsdam,St. Lawrence,Boots and Shoes,16,1,"$1,000",1,$600,1,"$1,500",0,0
Potsdam,St. Lawrence,"Harnesses, Saddles, and Trunks",16,2,"$3,000",2,"$2,250",2,"$3,000",0,0
Potsdam,St. Lawrence,Lime and Cement,15,1,"$2,400",0,NA,1,"$2,600",0,0
Potsdam,St. Lawrence,Plaster,15,1,"$1,500",1,"$1,200",1,"$1,800",0,0
Potsdam,St. Lawrence,Cooper Shops,14,1,$500,1,$89,1,$660,0,0
Potsdam,St. Lawrence,Shingles,14,6,"$5,800",5,"$4,600",6,"$11,335",0,1
Potsdam,St. Lawrence,Wood Turning,14,3,"$1,875",3,"$1,800",3,"$8,780",0,3
Potsdam,St. Lawrence,Coaches and Wagons,10,2,$835,2,$125,2,"$1,045",0,0
Potsdam,St. Lawrence,"Sash, Blinds, and Doors",9,2,"$15,000",0,NA,2,"$37,000",0,2
Potsdam,St. Lawrence,Stone Quarries,9,1,"$10,000",0,NA,1,"$7,000",0,0
Potsdam,St. Lawrence,Bakeries,4,1,"$2,500",1,"$2,240",2,"$4,110",0,0
Potsdam,St. Lawrence,Axes and Edge Tools,2,1,"$1,000",1,$625,1,"$1,175",0,1
Potsdam,St. Lawrence,Blacksmithing,2,6,"$3,200",6,"$1,989",4,"$5,800",0,0
Potsdam,St. Lawrence,Iron Foundries,2,1,"$10,000",1,"$2,510",1,"$4,920",0,1
Rossie,St. Lawrence,Cheese Boxes,14,1,"$1,500",1,$680,1,$900,0,1
Rossie,St. Lawrence,Cooper Shops,14,1,"$1,000",1,$195,1,$750,1,0
Rossie,St. Lawrence,Coaches and Wagons,10,1,"$1,000",1,"$2,911",1,"$4,860",1,0
Rossie,St. Lawrence,"Spokes, Felloes, and Bows",10,1,"$2,000",1,$900,1,"$2,000",0,1
Rossie,St. Lawrence,Lead Mining,9,2,"$50,000",0,NA,2,"$39,000",2,0
Russell,St. Lawrence,Placeholder,0,0,NA,0,NA,0,NA,0,0
Stockholm,St. Lawrence,Hollow Wooden Ware,17,1,$300,1,$50,1,$500,0,1
Stockholm,St. Lawrence,Boots and Shoes,16,1,$600,0,NA,1,"$2,563",0,0
Stockholm,St. Lawrence,Cooper Shops,14,1,"$1,200",1,$200,1,$700,0,1
Stockholm,St. Lawrence,Shingles,14,3,"$2,000",3,"$1,300",3,"$3,688",0,3
Stockholm,St. Lawrence,Pumps,11,1,"$1,000",1,$48,1,$800,0,1
Stockholm,St. Lawrence,Starch,4,1,"$1,500",1,"$2,264",1,"$3,021",0,1
Stockholm,St. Lawrence,Blacksmithing,2,2,$325,2,$370,2,"$1,100",0,0
Stockholm,St. Lawrence,Iron Foundries,2,1,"$2,500",1,$300,1,$650,0,1
Waddington,St. Lawrence,Butchering,22,1,$500,1,$500,1,"$1,000",0,0
Waddington,St. Lawrence,Photographing,18,1,$500,1,$350,1,$700,0,0
Waddington,St. Lawrence,Cabinet Ware,17,1,"$1,000",1,"$1,000",1,"$2,000",0,1
Waddington,St. Lawrence,Boots and Shoes,16,3,"$4,500",3,"$3,500",3,"$6,500",0,0
Waddington,St. Lawrence,"Harnesses, Saddles, and Trunks",16,1,$500,1,"$1,000",1,"$2,000",0,0
Waddington,St. Lawrence,Cooper Shops,14,1,$250,1,$500,1,"$1,000",0,1
Waddington,St. Lawrence,"Headings, Hoops, and Staves",14,1,"$8,000",1,"$2,500",1,"$6,100",0,1
Waddington,St. Lawrence,Shingles,14,2,"$4,800",2,"$1,700",2,"$4,000",0,2
Waddington,St. Lawrence,Coaches and Wagons,10,2,"$3,000",2,"$1,300",2,"$2,700",0,2
Waddington,St. Lawrence,"Sash, Blinds, and Doors",9,1,"$2,500",1,"$1,000",1,"$1,500",0,1
Waddington,St. Lawrence,Carding and Cloth Dressing,3,1,"$5,000",0,NA,1,"$1,000",0,1
Waddington,St. Lawrence,Flax Dressing,3,1,"$11,000",1,"$18,000",1,"$31,480",0,1
Waddington,St. Lawrence,Blacksmithing,2,1,"$3,000",1,"$1,500",1,"$2,500",0,1
Waddington,St. Lawrence,Iron Foundries,2,1,"$3,000",1,"$2,000",1,"$3,000",0,1
Waddington,St. Lawrence,Tin Smithing,2,1,$600,1,"$1,000",1,"$2,000",0,0
Addison,Steuben,"Sash, Blinds, and Doors",9,2,"$30,000",2,"$52,500",2,"$88,000",1,1
Avoca,Steuben,Cheese Boxes,14,1,"$2,000",1,"$3,000",1,"$9,000",0,1
Avoca,Steuben,Shingles,14,2,"$1,800",2,"$1,300",2,"$4,200",0,2
Avoca,Steuben,Flax Dressing,3,2,"$2,500",2,"$4,800",22,"$8,500",2,0
Avoca,Steuben,"Linen, Cloth, Thread, and Twine",3,1,$500,1,$400,1,$900,0,0
Bath,Steuben,Cabinet Ware,17,2,"$11,500",2,"$3,500",2,"$6,400",0,0
Bath,Steuben,Boots and Shoes,16,1,"$2,500",0,NA,1,"$3,500",0,0
Bath,Steuben,"Harnesses, Saddles, and Trunks",16,1,$600,1,$800,1,"$1,988",0,0
Bath,Steuben,Marble,15,1,"$1,000",1,"$1,000",1,"$2,000",0,0
Bath,Steuben,Coaches and Wagons,10,2,"$6,500",1,$515,2,"$11,000",0,0
Bath,Steuben,"Sash, Blinds, and Doors",9,1,"$5,000",1,"$1,450",1,"$4,000",1,0
Bath,Steuben,Iron Foundries,2,1,"$4,500",1,"$2,392",1,"$7,475",1,0
Bradford,Steuben,Blacksmithing,2,1,$200,1,$186,1,$600,0,0
Bradford,Steuben,Tin Smithing,2,1,"$1,000",1,$240,1,$600,0,0
Cameron,Steuben,Cabinet Ware,17,1,"$1,000",1,$100,1,$500,1,0
Cameron,Steuben,Cooper Shops,14,1,$100,1,$30,1,$150,0,0
Cameron,Steuben,Coaches and Wagons,10,1,$100,1,$100,1,$400,0,0
Campbell,Steuben,Shingles,14,1,"$2,000",1,"$1,200",1,"$3,750",1,0
Canisteo,Steuben,Placeholder,0,0,NA,0,NA,0,NA,0,0
Cato,Steuben,Cabinet Ware,17,1,$400,1,$123,1,$399,0,0
Caton,Steuben,Placeholder,0,0,NA,0,NA,0,NA,0,0
Cohocton,Steuben,Cabinet Ware,17,1,"$1,500",1,$400,1,"$1,500",0,0
Cohocton,Steuben,Boots and Shoes,16,1,"$1,000",1,"$2,000",1,"$40,000",0,0
Cohocton,Steuben,Shingles,14,3,"$3,500",3,$725,3,"$2,000",2,1
Cohocton,Steuben,Blacksmithing,2,1,$600,1,$200,1,$800,0,0
Corning,Steuben,Butchering,22,2,"$5,100",2,"$32,050",2,"$54,025",0,0
Corning,Steuben,Undertakers,22,1,"$3,000",1,$540,1,$800,0,0
Corning,Steuben,Clothing,21,1,"$39,000",1,"$19,000",1,"$25,600",0,0
Corning,Steuben,Jewelry,18,2,"$4,600",2,$530,2,"$2,600",0,0
Corning,Steuben,Photographing,18,3,"$3,200",3,"$2,630",3,"$4,400",0,0
Corning,Steuben,Printing and Publishing,18,2,"$5,000",2,"$1,600",2,"$6,000",0,0
Corning,Steuben,Cabinet Ware,17,1,"$5,000",1,"$2,200",1,"$7,025",1,0
Corning,Steuben,Boots and Shoes,16,5,"$8,800",5,"$9,640",5,"$24,000",0,0
Corning,Steuben,"Harnesses, Saddles, and Trunks",16,2,"$1,200",2,"$1,140",2,"$1,700",0,0
Corning,Steuben,Marble,15,1,"$1,500",1,"$1,100",1,"$2,000",0,0
Corning,Steuben,Plaster,15,1,"$3,000",1,"$2,400",1,"$4,600",0,1
Corning,Steuben,Cooper Shops,14,1,"$4,000",1,"$4,400",1,"$7,500",0,0
Corning,Steuben,Planing Mills,14,1,"$20,000",1,"$16,000",1,"$22,000",1,0
Corning,Steuben,Cars,10,1,"$100,000",1,"$10,644",1,"$73,560",1,0
Corning,Steuben,"Sash, Blinds, and Doors",9,1,"$5,000",1,"$2,500",1,"$5,000",1,0
Corning,Steuben,Stone Quarries,9,2,"$1,650",0,NA,2,"$2,500",0,0
Corning,Steuben,Boat Building,7,2,"$8,000",2,"$6,750",2,"$14,000",0,0
Corning,Steuben,Steam Engines and Boilers,6,1,"$50,000",1,"$82,000",1,"$226,000",1,0
Corning,Steuben,Bakeries,4,1,"$6,000",1,"$39,132",1,"$34,400",1,0
Corning,Steuben,Breweries,4,2,"$6,000",2,"$5,480",2,"$9,900",0,0
Corning,Steuben,Gas,4,1,"$9,000",1,"$2,625",1,"$7,563",0,0
Corning,Steuben,Malt,4,1,"$1,500",1,"$3,750",1,"$4,200",0,1
Corning,Steuben,Paper Bags,3,1,$800,1,"$3,050",1,"$5,600",0,0
Corning,Steuben,Blacksmithing,2,5,"$2,700",5,"$1,345",4,"$2,503",0,0
Corning,Steuben,Machinery,2,1,"$6,000",1,"$4,270",1,"$8,560",1,0
Corning,Steuben,Tin Smithing,2,2,"$1,500",2,"$3,485",2,"$6,000",0,0
Dansville,Steuben,Placeholder,0,0,NA,0,NA,0,NA,0,0
Erwin,Steuben,Boots and Shoes,16,1,"$1,800",1,"$2,000",1,"$3,000",0,0
Erwin,Steuben,Plaster,15,1,"$2,000",1,"$2,000",1,"$3,500",0,1
Erwin,Steuben,Drugs and Medicines,4,1,"$25,000",1,"$9,100",1,"$16,000",1,0
Erwin,Steuben,Machinery,2,1,"$25,000",1,"$29,100",1,"$29,100",1,0
Fremont_St,Steuben,Boots and Shoes,16,1,"$1,000",1,"$1,400",0,NA,0,0
Fremont_St,Steuben,Blacksmithing,2,4,$800,2,"$1,080",3,"$1,500",0,0
Greenwood,Steuben,Placeholder,0,0,NA,0,NA,0,NA,0,0
Hartsville,Steuben,Coaches and Wagons,10,1,$600,1,$75,1,$300,0,0
Hartsville,Steuben,Blacksmithing,2,1,$700,1,$145,1,$350,0,0
Hornby,Steuben,Placeholder,0,0,NA,0,NA,0,NA,0,0
Hornellsville,Steuben,Clothing,21,2,"$5,500",2,"$6,500",2,"$10,000",0,0
Hornellsville,Steuben,Cabinet Ware,17,2,"$8,000",1,$500,2,"$3,500",1,1
Hornellsville,Steuben,Boots and Shoes,16,1,$300,1,$52,1,$360,0,0
Hornellsville,Steuben,"Harnesses, Saddles, and Trunks",16,1,$300,1,$300,1,$670,0,0
Hornellsville,Steuben,Marble,15,2,"$2,000",2,"$2,000",2,"$5,878",0,0
Hornellsville,Steuben,Coaches and Wagons,10,2,"$7,900",2,"$3,600",2,"$13,300",1,0
Hornellsville,Steuben,"Sash, Blinds, and Doors",9,1,"$7,000",1,"$4,500",1,"$15,000",1,0
Hornellsville,Steuben,Tin Smithing,2,2,"$7,600",2,"$5,115",1,"$1,000",0,0
Howard,Steuben,Boots and Shoes,16,2,$990,2,$675,2,"$1,562",0,0
Howard,Steuben,"Harnesses, Saddles, and Trunks",16,1,$625,1,$400,1,$840,0,0
Howard,Steuben,Coaches and Wagons,10,2,$900,2,$325,2,"$1,900",0,0
Howard,Steuben,Blacksmithing,2,6,"$1,140",6,$902,6,"$3,540",0,0
Jasper,Steuben,Dentistry,20,1,$800,1,$500,1,"$1,000",0,0
Jasper,Steuben,Fire Arms,19,1,$600,1,$100,1,$200,0,0
Jasper,Steuben,Boots and Shoes,16,3,$400,3,$750,3,"$1,560",0,0
Jasper,Steuben,"Harnesses, Saddles, and Trunks",16,1,$150,1,$300,1,$500,0,0
Jasper,Steuben,Cooper Shops,14,3,$450,3,$350,3,"$1,025",0,0
Jasper,Steuben,Shingles,14,1,$300,1,$300,1,$750,0,0
Jasper,Steuben,Coaches and Wagons,10,2,"$1,000",2,$315,2,"$1,300",0,0
Jasper,Steuben,Asheries,4,1,$300,1,$125,1,$800,0,0
Jasper,Steuben,Blacksmithing,2,6,"$1,750",5,$910,2,"$1,850",0,0
Lindley,Steuben,Placeholder,0,0,NA,0,NA,0,NA,0,0
Prattsburgh,Steuben,Cabinet Ware,17,1,"$2,000",1,$125,1,"$1,100",0,1
Prattsburgh,Steuben,Boots and Shoes,16,1,$800,1,$750,1,"$2,100",0,0
Prattsburgh,Steuben,Shingles,14,2,$450,1,$125,2,"$1,715",1,1
Prattsburgh,Steuben,Iron Foundries,2,1,"$8,000",1,"$1,500",1,"$6,260",1,0
Pultney,Steuben,Placeholder,0,0,NA,0,NA,0,NA,0,0
Rathbone,Steuben,Boots and Shoes,16,3,"$2,300",3,"$4,200",3,"$7,200",0,0
Rathbone,Steuben,Shingles,14,1,$250,1,$50,1,$180,0,1
Rathbone,Steuben,Wood Work for Agricultural Implements,1,1,"$9,000",1,"$3,000",1,"$11,000",0,1
Thurston,Steuben,Placeholder,0,0,NA,0,NA,0,NA,0,0
Troupsburgh,Steuben,Cooper Shops,14,0,NA,2,$485,2,"$2,300",0,0
Troupsburgh,Steuben,Carding and Cloth Dressing,3,1,"$1,500",1,"$1,525",1,"$1,500",0,1
Tuscarora,Steuben,Boots and Shoes,16,1,$225,1,$500,1,$700,0,0
Tuscarora,Steuben,Cooper Shops,14,1,$450,1,$100,1,$200,0,0
Tuscarora,Steuben,Shooks,14,1,$300,1,$200,1,$400,0,0
Tuscarora,Steuben,Coaches and Wagons,10,1,$500,1,$300,1,$600,0,0
Urbana,Steuben,Agricultural Implements Generally,1,1,"$1,000",1,"$1,000",0,NA,1,0
Wayland,Steuben,Placeholder,0,0,NA,0,NA,0,NA,0,0
Wayne,Steuben,Blacksmithing,2,1,$600,1,$575,1,"$1,280",0,0
Wayne,Steuben,Plows and Cultivators,1,1,"$1,500",1,$500,1,"$1,000",0,0
West Union,Steuben,Placeholder,0,0,NA,0,NA,0,NA,0,0
Wheeler,Steuben,Placeholder,0,0,NA,0,NA,0,NA,0,0
Woodhull,Steuben,Placeholder,0,0,NA,0,NA,0,NA,0,0
Brookhaven,Suffolk,Piano Fortes,18,1,"$60,000",0,NA,1,"$25,451",1,0
Brookhaven,Suffolk,Brick,15,1,$300,1,$50,1,$500,0,0
Brookhaven,Suffolk,Coaches and Wagons,10,2,"$11,800",2,"$9,800",2,"$12,600",0,0
Brookhaven,Suffolk,Ships,7,4,"$106,000",4,"$95,400",4,"$196,000",0,0
Brookhaven,Suffolk,Fish Oil,4,2,"$3,700",0,NA,0,NA,0,0
Brookhaven,Suffolk,Blacksmithing,2,1,$600,1,$150,1,$500,0,0
East Hampton,Suffolk,Coaches and Wagons,10,1,$400,1,$700,1,"$2,000",0,0
East Hampton,Suffolk,Blacksmithing,2,2,$900,2,$500,2,"$3,500",0,0
Huntington,Suffolk,Clothing,21,1,$100,1,"$2,000",1,"$3,000",0,0
Huntington,Suffolk,Boots and Shoes,16,3,$850,2,$950,3,"$4,100",0,0
Huntington,Suffolk,"Harnesses, Saddles, and Trunks",16,6,"$1,525",6,"$2,070",6,"$4,458",0,0
Huntington,Suffolk,Brick,15,1,"$30,000",1,"$7,669",1,"$41,000",0,0
Huntington,Suffolk,Potteries,15,1,"$2,000",1,$800,1,"$2,400",0,0
Huntington,Suffolk,Carpenter Shops,14,1,$250,1,$600,1,$800,0,0
Huntington,Suffolk,Coaches and Wagons,10,4,"$4,400",4,"$2,150",4,"$5,200",0,0
Huntington,Suffolk,House Building,9,1,"$2,000",1,"$6,000",1,"$7,000",0,0
Huntington,Suffolk,Ships,7,3,"$15,000",3,"$6,850",3,"$18,000",0,0
Huntington,Suffolk,Blacksmithing,2,6,"$3,700",6,"$3,300",6,"$7,000",0,0
Huntington,Suffolk,Gold Leaf,2,1,$200,1,$984,1,"$1,080",0,0
Huntington,Suffolk,Thimbles,2,1,"$5,000",1,"$5,040",1,"$7,000",0,0
Huntington,Suffolk,Tin Smithing,2,1,"$1,500",1,$500,1,"$1,800",0,0
Islip,Suffolk,Fisheries,22,3,$650,0,NA,4,"$2,200",0,0
Islip,Suffolk,Boots and Shoes,16,1,$100,0,NA,1,$400,0,0
Islip,Suffolk,Fish Oil,4,3,"$38,000",3,"$37,207",2,"$30,200",2,0
Riverhead,Suffolk,Placeholder,0,0,NA,0,NA,0,NA,0,0
Shelter Island,Suffolk,Fish Oil,4,12,"$92,500",7,"$26,150",9,"$151,600",0,0
Smithtown,Suffolk,Coaches and Wagons,10,1,"$1,100",1,"$1,000",1,"$2,000",0,0
Smithtown,Suffolk,Carding and Cloth Dressing,3,1,"$1,000",1,$750,1,"$1,000",0,1
Smithtown,Suffolk,Blacksmithing,2,1,$600,1,$500,1,"$1,000",0,0
Southampton,Suffolk,Hosiery,21,1,"$7,500",0,NA,1,"$57,600",1,0
Southampton,Suffolk,Coaches and Wagons,10,2,"$5,500",2,$600,1,"$1,200",1,0
Southampton,Suffolk,Fish Oil,4,3,"$5,700",1,"$2,800",1,"$4,000",0,0
Southampton,Suffolk,Blacksmithing,2,3,$800,3,$400,3,"$1,590",0,0
Southampton,Suffolk,Machinery,2,1,"$1,000",1,$800,1,"$1,300",1,0
Southold,Suffolk,Fisheries,22,8,"$25,900",0,NA,7,"$18,800",0,0
Southold,Suffolk,Boots and Shoes,16,1,$300,1,$150,1,"$2,500",0,0
Southold,Suffolk,Brick,15,1,"$4,000",1,"$1,000",1,"$8,000",0,1
Southold,Suffolk,Fish Oil,4,5,"$101,500",5,"$54,250",5,"$114,030",4,0
Bethel,Sullivan,Placeholder,0,0,NA,0,NA,0,NA,0,0
Callicoon,Sullivan,Wood Turning,14,1,"$3,000",1,"$1,000",1,"$4,000",0,1
Callicoon,Sullivan,Blacksmithing,2,4,"$1,150",4,"$1,386",4,"$4,400",0,0
Cochecton,Sullivan,Lath,14,1,$200,0,NA,1,$400,0,1
Cochecton,Sullivan,Coaches and Wagons,10,1,"$1,000",1,$400,1,"$1,000",0,0
Cochecton,Sullivan,Blacksmithing,2,2,"$1,500",2,"$1,100",2,"$2,900",0,0
Fallsburgh,Sullivan,Cabinet Ware,17,1,"$2,000",1,$91,1,$658,0,0
Fallsburgh,Sullivan,Wood Turning,14,3,"$2,500",3,$977,3,"$3,350",0,1
Fallsburgh,Sullivan,Coaches and Wagons,10,2,"$4,100",2,"$1,488",2,"$4,550",0,0
Fallsburgh,Sullivan,Blacksmithing,2,1,$200,1,$680,1,"$1,500",0,0
Forrestburgh,Sullivan,Drums,19,1,$300,0,NA,1,"$1,000",0,0
Forrestburgh,Sullivan,Cooper Shops,14,1,$300,0,NA,1,$600,0,1
Forrestburgh,Sullivan,Lath,14,1,$250,0,NA,1,$800,0,1
Forrestburgh,Sullivan,Wood Turning,14,1,"$1,000",1,$300,1,"$1,800",0,1
Forrestburgh,Sullivan,Wheel Barrows,10,1,"$1,000",1,"$1,500",1,"$3,500",0,1
Fremont_Su,Sullivan,Wood Turning,14,1,"$1,500",1,"$2,750",1,"$37,450",1,0
Highland,Sullivan,Placeholder,0,0,NA,0,NA,0,NA,0,0
Liberty,Sullivan,"Harnesses, Saddles, and Trunks",16,1,$600,1,$400,1,$700,0,0
Lumberland,Sullivan,Placeholder,0,0,NA,0,NA,0,NA,0,0
Mamakating,Sullivan,Undertakers,22,2,"$1,000",1,"$2,000",1,"$2,000",0,0
Mamakating,Sullivan,"Harnesses, Saddles, and Trunks",16,1,$500,1,$180,1,$360,0,0
Mamakating,Sullivan,Coaches and Wagons,10,4,"$1,675",0,NA,3,"$3,800",0,0
Mamakating,Sullivan,Lead Mining,9,1,"$5,300",0,NA,0,NA,1,0
Mamakating,Sullivan,Stone Quarries,9,0,NA,1,$475,0,NA,0,0
Mamakating,Sullivan,Boat Building,7,5,"$20,000",5,"$5,560",1,"$6,600",0,0
Mamakating,Sullivan,Blacksmithing,2,3,$900,1,$800,1,"$1,000",0,0
Neversink,Sullivan,Boots and Shoes,16,1,"$1,000",1,"$2,500",1,"$2,000",0,0
Rockland,Sullivan,Coaches and Wagons,10,1,$400,1,$100,1,$600,0,0
Rockland,Sullivan,Blacksmithing,2,5,$750,0,NA,5,"$4,500",0,0
Thompson,Sullivan,Placeholder,0,0,NA,0,NA,0,NA,0,0
Tusten,Sullivan,Placeholder,0,0,NA,0,NA,0,NA,0,0
Barton,Tioga,Marble,15,1,"$6,000",1,"$4,000",1,"$10,000",0,0
Barton,Tioga,"Headings, Hoops, and Staves",14,1,"$1,000",1,$300,1,$600,0,1
Barton,Tioga,Planing Mills,14,1,"$20,000",1,"$12,000",1,"$25,000",1,0
Barton,Tioga,Shingles,14,1,"$1,200",1,$400,1,"$1,800",1,0
Berkshire,Tioga,Butchering,22,1,$100,1,$796,1,"$1,200",0,0
Berkshire,Tioga,Axes and Edge Tools,2,1,$600,1,$600,1,"$1,200",0,1
Berkshire,Tioga,Agricultural Implements Generally,1,1,"$1,000",1,$210,1,$900,0,1
Berkshire,Tioga,Rakes,1,2,"$2,100",2,$510,2,"$2,000",0,2
Candor,Tioga,Dentistry,20,1,$500,1,$500,1,"$1,500",0,0
Candor,Tioga,Brick,15,0,NA,0,NA,1,"$1,050",0,0
Candor,Tioga,Lath,14,0,NA,0,NA,1,$200,0,1
Candor,Tioga,Bakeries,4,1,$400,1,$300,1,$900,0,0
Candor,Tioga,Iron Foundries,2,1,"$12,000",1,"$12,000",1,"$36,000",1,0
Candor,Tioga,Tin Smithing,2,1,$500,1,$100,1,$900,0,0
Newark Valley,Tioga,Undertakers,22,0,NA,0,NA,1,$250,0,0
Newark Valley,Tioga,Boots and Shoes,16,2,$450,2,$750,2,"$1,300",0,0
Newark Valley,Tioga,Cooper Shops,14,2,$575,2,$297,2,$900,0,0
Newark Valley,Tioga,Coaches and Wagons,10,0,NA,0,NA,1,$750,0,0
Newark Valley,Tioga,Carding and Cloth Dressing,3,1,$500,1,"$3,300",1,"$3,498",0,1
Newark Valley,Tioga,Blacksmithing,2,3,"$1,830",3,"$1,169",3,"$1,169",0,0
Nichols,Tioga,Cabinet Ware,17,1,"$1,000",1,$150,1,$800,0,1
Nichols,Tioga,Boots and Shoes,16,1,"$6,000",1,$250,1,"$1,200",0,0
Nichols,Tioga,Tin Smithing,2,1,"$1,000",1,$500,1,"$1,500",0,0
Owego,Tioga,Cooper Shops,14,1,$100,1,$75,1,$325,0,0
Owego,Tioga,Flax Dressing,3,1,"$1,800",1,"$3,600",1,"$1,260",0,1
Owego,Tioga,Blacksmithing,2,1,$75,0,NA,0,NA,0,0
Owego,Tioga,Rakes,1,1,"$1,000",1,$300,1,$600,0,1
Richford,Tioga,"Harnesses, Saddles, and Trunks",16,1,$500,1,$50,1,"$1,000",0,0
Richford,Tioga,Coaches and Wagons,10,2,$550,2,$164,1,$500,0,0
Spencer,Tioga,Cabinet Ware,17,1,"$1,000",1,$150,1,$800,0,1
Spencer,Tioga,"Harnesses, Saddles, and Trunks",16,1,$100,1,$454,1,$878,0,0
Spencer,Tioga,Blacksmithing,2,1,$400,1,$250,1,$250,0,0
Tioga,Tioga,Brooms,17,1,$300,2,"$2,570",1,"$1,000",0,0
Tioga,Tioga,Plaster,15,2,"$2,270",0,NA,2,"$1,080",0,2
Tioga,Tioga,Cooper Shops,14,1,$250,1,$175,1,$400,0,0
Tioga,Tioga,Tin Smithing,2,1,$400,1,$950,1,$650,0,0
Caroline,Tompkins,Fire Arms,19,1,"$3,500",1,"$1,057",1,"$2,930",0,1
Caroline,Tompkins,Boots and Shoes,16,3,$725,3,"$1,536",3,"$2,932",0,0
Caroline,Tompkins,Cooper Shops,14,1,"$2,800",1,$728,1,"$1,620",0,1
Caroline,Tompkins,Coaches and Wagons,10,2,$600,2,$140,2,"$1,600",0,0
Danby,Tompkins,Placeholder,0,0,NA,0,NA,0,NA,0,0
Dryden,Tompkins,Cigars,22,1,"$1,500",1,"$1,000",1,"$9,000",0,0
Dryden,Tompkins,Dentistry,20,2,"$1,200",1,"$1,429",2,"$3,800",0,0
Dryden,Tompkins,Cabinet Ware,17,2,"$1,150",2,$320,2,"$2,025",0,1
Dryden,Tompkins,Pails and Tubs,17,1,"$2,000",1,"$1,082",1,"$2,000",0,1
Dryden,Tompkins,Boots and Shoes,16,6,"$2,040",6,"$1,640",6,"$4,610",0,0
Dryden,Tompkins,"Harnesses, Saddles, and Trunks",16,1,"$1,200",1,"$1,000",1,"$2,000",0,0
Dryden,Tompkins,Cooper Shops,14,2,"$2,050",2,"$2,450",2,"$6,500",0,1
Dryden,Tompkins,Mill Gearing and Machinery,13,1,"$5,000",1,"$1,325",1,"$3,200",0,1
Dryden,Tompkins,"Sash, Blinds, and Doors",9,1,"$2,000",1,"$1,260",1,"$2,180",0,1
Dryden,Tompkins,Distilleries,4,1,$500,1,$808,1,"$3,000",0,0
Dryden,Tompkins,Tin Smithing,2,1,"$2,500",1,"$1,700",1,"$1,750",0,0
Enfield,Tompkins,Placeholder,0,0,NA,0,NA,0,NA,0,0
Groton,Tompkins,Cabinet Ware,17,1,"$2,000",1,$275,1,$600,0,1
Groton,Tompkins,"Harnesses, Saddles, and Trunks",16,1,$500,1,$900,1,"$1,800",0,0
Groton,Tompkins,Cooper Shops,14,1,"$8,000",1,"$7,750",1,"$12,000",0,1
Groton,Tompkins,"Sash, Blinds, and Doors",9,1,"$1,800",1,$300,1,"$1,800",1,0
Groton,Tompkins,Flax Dressing,3,1,"$5,000",1,"$3,500",0,NA,0,1
Groton,Tompkins,Agricultural Implements Generally,1,2,"$21,000",2,"$6,200",2,"$2,035",1,1
Groton,Tompkins,Threshing Machines,1,1,"$1,500",1,"$5,000",1,"$15,000",1,0
Ithaca,Tompkins,Tobacco,22,4,"$22,500",4,"$35,885",4,"$106,633",3,1
Ithaca,Tompkins,Gloves and Mittens,21,1,$250,1,$250,1,$400,0,0
Ithaca,Tompkins,Cabinet Ware,17,1,"$1,500",1,$138,1,$875,0,1
Ithaca,Tompkins,Boots and Shoes,16,2,NA,0,NA,0,NA,0,0
Ithaca,Tompkins,Lime and Cement,15,1,"$2,000",1,"$1,607",1,"$4,800",0,0
Ithaca,Tompkins,Plaster,15,1,"$1,000",1,$228,1,$450,0,1
Ithaca,Tompkins,Potteries,15,1,"$3,500",1,"$1,404",1,"$7,000",0,0
Ithaca,Tompkins,Cooper Shops,14,3,"$6,400",3,"$10,320",3,"$12,800",1,0
Ithaca,Tompkins,Planing Mills,14,1,"$10,000",1,$800,1,"$8,000",1,0
Ithaca,Tompkins,Coaches and Wagons,10,2,"$12,000",2,"$15,960",2,"$26,732",0,0
Ithaca,Tompkins,Boat Building,7,9,"$6,275",9,"$21,720",9,"$71,370",0,0
Ithaca,Tompkins,Gas,4,1,"$75,000",1,"$4,325",1,"$10,000",0,0
Ithaca,Tompkins,Linsed Oil,4,1,"$4,500",1,"$7,760",1,"$7,092",0,1
Ithaca,Tompkins,Machinery,2,3,"$46,000",3,"$12,150",3,"$63,431",1,0
Ithaca,Tompkins,Tools,2,1,$600,1,"$1,150",1,$750,1,0
Ithaca,Tompkins,Rakes,1,1,$400,0,NA,0,NA,0,1
Lansing,Tompkins,Flax Dressing,3,1,$120,1,$175,1,$475,0,1
Lansing,Tompkins,Plows and Cultivators,1,1,"$2,000",1,$605,1,"$1,250",1,0
Lansing ,Tompkins,"Spokes, Felloes, and Bows",10,1,"$2,500",1,$598,1,"$3,777",0,1
Newfield,Tompkins,Cigars,22,1,"$2,000",1,"$1,400",1,"$3,500",0,0
Newfield,Tompkins,Cabinet Ware,17,1,$900,0,NA,1,$500,0,1
Newfield,Tompkins,"Harnesses, Saddles, and Trunks",16,1,$450,1,$400,1,$700,0,0
Newfield,Tompkins,Coaches and Wagons,10,1,"$2,000",1,$175,1,$727,0,0
Ulysses,Tompkins,Butchering,22,1,"$3,400",2,"$10,690",0,NA,0,0
Ulysses,Tompkins,Cabinet Ware,17,2,"$5,900",2,"$1,085",1,$900,0,0
Ulysses,Tompkins,Boots and Shoes,16,1,$600,2,"$1,533",2,"$3,197",0,0
Ulysses,Tompkins,"Harnesses, Saddles, and Trunks",16,1,"$1,650",1,"$1,100",1,"$1,800",0,0
Ulysses,Tompkins,Brick,15,0,NA,0,NA,2,"$11,200",0,2
Ulysses,Tompkins,Marble,15,1,"$2,000",1,$550,1,$800,0,0
Ulysses,Tompkins,Plaster,15,1,"$2,000",1,$701,1,"$1,724",0,1
Ulysses,Tompkins,Stone Quarries,9,0,NA,0,NA,1,$940,0,0
Ulysses,Tompkins,Boat Building,7,0,NA,1,"$2,000",1,"$4,000",0,0
Ulysses,Tompkins,Bakeries,4,0,NA,0,NA,1,"$1,700",0,0
Ulysses,Tompkins,Linsed Oil,4,1,"$3,000",1,"$4,000",1,"$5,500",0,1
Ulysses,Tompkins,Stained Paper and Hangings,4,1,"$35,000",1,"$12,290",1,"$20,000",0,0
Ulysses,Tompkins,Tin Smithing,2,3,"$3,100",3,"$1,834",3,"$4,700",0,0
Ulysses,Tompkins,Agricultural Implements Generally,1,2,"$24,000",2,"$13,725",2,"$28,170",1,1
Denning,Ulster,Wood Turning,14,2,"$1,100",2,"$2,000",2,"$4,000",0,2
Esopus,Ulster,Powder,19,1,"$40,000",1,"$118,800",1,"$300,000",0,1
Esopus,Ulster,Lime and Cement,15,1,"$2,000",0,NA,1,"$30,000",1,0
Esopus,Ulster,Blankets,3,2,"$31,000",2,"$54,329",2,"$133,080",0,2
Esopus,Ulster,Blacksmithing,2,1,$150,1,$360,0,NA,0,0
Esopus,Ulster,Cutlery,2,1,"$1,500",1,$500,1,"$1,900",0,0
Gardiner,Ulster,Cooper Shops,14,1,$200,1,$200,1,$800,0,0
Gardiner,Ulster,Coaches and Wagons,10,1,"$1,000",1,"$1,500",1,"$5,000",0,0
Gardiner,Ulster,Distilleries,4,1,"$10,000",1,"$4,500",1,"$9,000",0,1
Hardenburgh,Ulster,Placeholder,0,0,NA,0,NA,0,NA,0,0
Hurley,Ulster,"Headings, Hoops, and Staves",14,1,$500,0,NA,1,$360,0,1
Hurley,Ulster,Stone Quarries,9,1,"$2,800",0,NA,1,"$17,000",0,0
Kingston,Ulster,Boots and Shoes,16,2,NA,0,NA,0,NA,0,0
Kingston,Ulster,"Harnesses, Saddles, and Trunks",16,2,NA,0,NA,0,NA,0,0
Kingston,Ulster,Lime and Cement,15,5,"$329,000",2,"$76,864",5,"$486,814",5,2
Kingston,Ulster,Stone Cutting,15,1,NA,0,NA,0,NA,0,0
Kingston,Ulster,Cooper Shops,14,1,"$3,000",0,NA,1,$750,0,0
Kingston,Ulster,"Headings, Hoops, and Staves",14,1,$600,0,NA,0,NA,0,1
Kingston,Ulster,Coaches and Wagons,10,2,"$31,000",2,"$8,000",2,"$50,000",0,0
Kingston,Ulster,"Spokes, Felloes, and Bows",10,1,"$4,000",0,NA,1,"$1,800",0,0
Kingston,Ulster,"Sash, Blinds, and Doors",9,2,"$3,000",2,"$2,700",2,"$4,500",0,0
Kingston,Ulster,Steam Engines and Boilers,6,1,"$25,000",1,"$83,000",1,"$150,000",1,0
Kingston,Ulster,Bone Black and Bone Manure,4,0,NA,0,NA,1,"$30,000",1,0
Kingston,Ulster,Breweries,4,3,"$19,000",3,"$19,935",3,"$29,690",2,1
Kingston,Ulster,Gas,4,1,"$65,000",1,"$7,182",1,"$24,769",0,0
Kingston,Ulster,Iron Foundries,2,1,"$100,000",1,"$30,000",1,"$80,000",1,0
Lloyd,Ulster,Plaster,15,2,"$5,000",2,"$1,450",2,"$3,000",0,0
Lloyd,Ulster,Cooper Shops,14,6,"$14,200",6,"$21,780",6,"$52,500",0,0
Lloyd,Ulster,"Spokes, Felloes, and Bows",10,1,"$3,000",1,$400,1,"$1,200",1,0
Lloyd,Ulster,Wheel Barrows,10,1,"$2,500",1,$650,1,"$3,000",0,0
Lloyd,Ulster,Stone Quarries,9,0,NA,0,NA,1,"$4,672",0,0
Marbletown,Ulster,Lime and Cement,15,3,"$175,000",0,NA,2,"$54,000",0,2
Marbletown,Ulster,Cooper Shops,14,1,$200,1,"$1,200",1,"$2,400",0,0
Marbletown,Ulster,"Headings, Hoops, and Staves",14,4,"$4,000",1,$320,1,"$1,600",0,4
Marbletown,Ulster,Stone Quarries,9,0,NA,0,NA,4,"$1,960",0,0
Marlborough,Ulster,Ice,22,1,"$14,000",1,"$2,000",1,"$20,000",0,0
Marlborough,Ulster,Boots and Shoes,16,1,"$1,000",1,$100,1,"$1,000",0,0
Marlborough,Ulster,Cooper Shops,14,1,$800,1,$600,1,$675,0,0
Marlborough,Ulster,Mill Gearing and Machinery,13,1,"$3,000",1,$700,1,"$1,800",0,1
Marlborough,Ulster,Dye Woods and Stuffs,4,1,"$20,000",1,"$7,500",0,NA,0,1
Marlborough,Ulster,Iron Foundries,2,1,"$3,000",1,"$1,500",1,"$5,000",0,1
New Paltz,Ulster,Coaches and Wagons,10,1,"$4,000",1,"$1,000",0,NA,0,0
Olive,Ulster,Cooper Shops,14,1,$100,1,$800,1,$280,0,0
Olive,Ulster,"Headings, Hoops, and Staves",14,1,$500,2,$470,3,"$1,252",0,0
Olive,Ulster,Wintergreen and Mint Distilleries,4,2,$200,2,$740,2,"$2,030",0,0
Olive,Ulster,Blacksmithing,2,10,"$3,200",1,$150,1,$900,0,0
Plattekill,Ulster,Placeholder,0,0,NA,0,NA,0,NA,0,0
Rochester_U,Ulster,"Headings, Hoops, and Staves",14,1,$500,0,NA,0,NA,0,1
Rochester_U,Ulster,Coaches and Wagons,10,2,"$2,000",2,$640,2,$900,0,0
Rochester_U,Ulster,Boat Building,7,6,"$8,000",6,"$10,000",0,NA,0,0
Rochester_U,Ulster,Wintergreen and Mint Distilleries,4,6,$585,6,$875,6,"$3,100",0,0
Rochester_U,Ulster,Blacksmithing,2,7,"$1,075",3,$363,2,"$1,000",0,0
Rosendale,Ulster,Lime and Cement,15,8,"$562,000",0,NA,7,"$527,379",5,2
Saugerties,Ulster,Cigars,22,3,"$10,500",3,"$5,040",3,"$15,000",0,0
Saugerties,Ulster,Fisheries,22,1,$500,0,NA,1,"$1,300",0,0
Saugerties,Ulster,Ice,22,1,"$12,000",0,NA,1,"$8,000",0,0
Saugerties,Ulster,Clothing,21,5,"$13,200",5,"$6,105",5,"$12,124",0,0
Saugerties,Ulster,Powder,19,1,"$250,000",1,"$250,000",1,"$300,000",1,1
Saugerties,Ulster,Printing and Publishing,18,1,"$3,000",1,$500,1,"$2,100",0,0
Saugerties,Ulster,Cabinet Ware,17,2,"$5,700",2,$880,2,"$2,600",0,0
Saugerties,Ulster,Boots and Shoes,16,2,"$5,500",2,$685,2,"$2,300",0,0
Saugerties,Ulster,"Harnesses, Saddles, and Trunks",16,1,"$3,000",1,"$1,200",1,"$2,000",0,0
Saugerties,Ulster,Brick,15,2,"$16,500",2,"$4,916",2,"$14,000",0,2
Saugerties,Ulster,Marble,15,1,"$1,700",1,$700,1,"$1,700",0,0
Saugerties,Ulster,Stone Cutting,15,1,"$300,000",1,"$150,000",1,"$335,000",1,0
Saugerties,Ulster,Cooper Shops,14,1,"$12,000",1,"$26,750",1,"$45,000",1,0
Saugerties,Ulster,Mill Gearing and Machinery,13,2,"$19,000",2,"$5,730",2,"$13,000",2,0
Saugerties,Ulster,Coaches and Wagons,10,3,"$4,600",3,$660,3,"$3,200",0,0
Saugerties,Ulster,Ships,7,1,"$3,000",0,NA,0,NA,0,0
Saugerties,Ulster,Bakeries,4,2,"$7,400",2,"$8,175",2,"$11,200",0,0
Saugerties,Ulster,Breweries,4,2,"$9,800",2,"$5,530",2,"$8,250",0,0
Saugerties,Ulster,Mineral Water,4,1,"$1,000",1,"$1,000",1,"$1,800",0,0
Saugerties,Ulster,Paints and Glazing,4,1,"$1,500",1,"$1,500",1,"$4,000",0,0
Saugerties,Ulster,Varnish,4,1,"$5,000",1,"$39,800",1,"$63,000",0,0
Saugerties,Ulster,Blacksmithing,2,3,"$5,200",3,"$2,020",3,"$8,300",0,0
Saugerties,Ulster,Tin Smithing,2,5,"$10,500",5,"$5,905",5,"$13,000",0,0
Shandaken,Ulster,Bedsteads,17,3,"$13,000",3,"$1,030",3,"$10,000",0,3
Shandaken,Ulster,Chairs,17,1,"$25,000",1,"$5,000",1,"$30,000",0,1
Shandaken,Ulster,"Headings, Hoops, and Staves",14,4,"$5,000",4,"$2,030",2,"$5,275",0,4
Shawangunk,Ulster,Wood Turning,14,2,"$7,000",2,"$13,000",2,"$27,000",1,1
Shawangunk,Ulster,"Spokes, Felloes, and Bows",10,1,"$1,500",0,NA,1,$600,0,1
Wawarsing,Ulster,Charcoal,22,2,"$1,600",1,$500,2,"$2,750",0,0
Wawarsing,Ulster,Cabinet Ware,17,2,"$8,000",2,"$2,400",2,"$3,000",0,0
Wawarsing,Ulster,Boots and Shoes,16,1,"$1,000",1,"$1,000",1,"$1,500",0,0
Wawarsing,Ulster,Glass and Glass Ware,15,1,"$150,000",1,"$68,000",1,"$300,000",0,0
Wawarsing,Ulster,Potteries,15,1,"$3,000",1,"$1,500",1,"$5,000",0,0
Wawarsing,Ulster,"Headings, Hoops, and Staves",14,2,"$7,000",2,"$3,000",2,"$8,000",0,2
Wawarsing,Ulster,Coaches and Wagons,10,1,"$2,500",0,NA,1,"$1,500",0,1
Wawarsing,Ulster,Lead Mining,9,1,NA,0,NA,0,NA,0,0
Wawarsing,Ulster,Boat Building,7,2,"$4,500",2,"$6,400",1,"$5,500",1,1
Wawarsing,Ulster,Bakeries,4,1,"$1,500",1,"$8,550",1,"$9,000",0,0
Wawarsing,Ulster,Breweries,4,1,"$6,000",1,"$5,000",1,"$10,000",0,1
Wawarsing,Ulster,Candles and Soap,4,1,"$3,000",1,"$3,000",1,"$2,400",1,0
Wawarsing,Ulster,Mineral Water,4,1,"$1,000",1,$700,1,"$1,600",0,0
Wawarsing,Ulster,Wintergreen and Mint Distilleries,4,6,$870,5,"$1,480",6,"$3,100",6,0
Wawarsing,Ulster,Axes and Edge Tools,2,1,"$12,000",1,"$45,000",1,"$60,000",0,1
Wawarsing,Ulster,Blacksmithing,2,4,"$1,150",3,$900,4,"$4,000",0,0
Wawarsing,Ulster,"Iron Rolling, Cutting, and Forging Works",2,1,"$10,000",1,"$86,413",1,"$120,000",0,1
Wawarsing,Ulster,Machinery,2,1,"$15,000",1,"$6,500",1,"$15,000",0,1
Wawarsing,Ulster,Tin Smithing,2,1,$500,1,$725,1,"$1,240",0,0
Wawarsing,Ulster,Rakes,1,1,"$1,000",1,"$2,000",1,"$6,000",0,1
Woodstock,Ulster,Boots and Shoes,16,1,$500,1,$400,1,"$1,150",0,0
Woodstock,Ulster,"Harnesses, Saddles, and Trunks",16,1,$300,1,$300,1,$300,0,0
Woodstock,Ulster,Wood Turning,14,1,"$1,000",1,$240,1,$378,0,1
Woodstock,Ulster,Blacksmithing,2,3,$650,3,$520,3,"$1,800",0,0
Bolton,Warren,Placeholder,0,0,NA,0,NA,0,NA,0,0
Caldwell,Warren,Boots and Shoes,16,3,$350,1,$300,3,"$1,500",0,0
Caldwell,Warren,Paints and Glazing,4,1,NA,0,NA,0,NA,0,0
Caldwell,Warren,Blacksmithing,2,1,$100,0,NA,1,$300,0,0
Chester_W,Warren,Boots and Shoes,16,2,$900,2,"$1,400",2,"$4,050",0,0
Chester_W,Warren,"Harnesses, Saddles, and Trunks",16,1,$300,1,$500,1,"$1,500",0,0
Chester_W,Warren,Coaches and Wagons,10,1,$550,1,"$1,000",1,"$2,500",0,0
Glens Falls,Warren,Stone Cutting,15,1,"$6,000",0,NA,1,"$9,450",0,0
Glens Falls,Warren,"Headings, Hoops, and Staves",14,1,"$2,000",0,NA,1,"$3,350",0,1
Glens Falls,Warren,Planing Mills,14,1,"$4,000",0,NA,0,NA,0,1
Glens Falls,Warren,Coaches and Wagons,10,1,"$5,000",0,NA,0,NA,0,0
Glens Falls,Warren,Tar and Turpentine,4,1,"$1,000",0,NA,1,"$2,600",0,0
Hague,Warren,Placeholder,0,0,NA,0,NA,0,NA,0,0
Horicon,Warren,Coaches and Wagons,10,1,$500,1,$50,0,NA,0,0
Horicon,Warren,Carding and Cloth Dressing,3,1,"$1,000",0,NA,0,NA,0,1
Johnsburgh,Warren,Boots and Shoes,16,1,$200,0,NA,1,$500,0,0
Johnsburgh,Warren,Coaches and Wagons,10,2,$900,2,$550,2,"$1,400",0,0
Johnsburgh,Warren,Blacksmithing,2,1,$600,1,$800,1,"$1,600",0,0
Luzerne,Warren,Cabinet Ware,17,1,$500,0,NA,0,NA,0,0
Luzerne,Warren,Boots and Shoes,16,1,$300,0,NA,0,NA,0,0
Luzerne,Warren,Coaches and Wagons,10,1,$800,0,NA,0,NA,0,0
Luzerne,Warren,Paints and Glazing,4,1,$400,0,NA,0,NA,0,0
Luzerne,Warren,Blacksmithing,2,2,$800,0,NA,0,NA,0,0
Queensbury,Warren,Cigars,22,1,"$2,000",1,$800,1,"$1,500",0,0
Queensbury,Warren,Cabinet Ware,17,1,"$12,500",1,$800,1,"$1,100",0,0
Queensbury,Warren,Boots and Shoes,16,3,"$12,000",3,"$8,100",3,"$15,000",0,0
Queensbury,Warren,"Harnesses, Saddles, and Trunks",16,3,"$17,500",3,"$8,050",3,"$11,300",0,0
Queensbury,Warren,Brick,15,2,"$2,500",1,$270,2,"$6,200",1,1
Queensbury,Warren,Lime and Cement,15,3,"$85,000",3,"$53,550",3,"$170,000",0,0
Queensbury,Warren,Marble,15,1,"$15,000",0,NA,1,"$4,800",0,1
Queensbury,Warren,Cooper Shops,14,3,"$1,050",3,"$1,344",3,"$2,900",0,0
Queensbury,Warren,Planing Mills,14,1,"$2,000",0,NA,1,"$1,000",1,0
Queensbury,Warren,Coaches and Wagons,10,3,"$7,000",3,"$1,770",3,"$9,000",0,0
Queensbury,Warren,Stone Quarries,9,2,"$5,000",0,NA,2,"$17,000",0,0
Queensbury,Warren,Candles and Soap,4,1,"$2,000",1,"$1,500",1,"$2,000",0,0
Queensbury,Warren,Iron Foundries,2,1,"$20,000",1,"$1,300",1,"$14,000",1,0
Queensbury,Warren,Tin Smithing,2,1,"$7,000",1,$700,1,"$1,200",0,0
Stony Creek,Warren,"Headings, Hoops, and Staves",14,0,NA,1,"$1,450",1,"$5,340",0,1
Stony Creek,Warren,Wood Turning,14,1,"$1,000",1,$500,1,"$1,530",0,1
Thurman,Warren,Placeholder,0,0,NA,0,NA,0,NA,0,0
Warrensburgh,Warren,Boots and Shoes,16,1,"$5,000",1,"$3,000",1,"$10,000",0,0
Warrensburgh,Warren,"Harnesses, Saddles, and Trunks",16,1,"$1,800",1,"$1,300",1,"$2,620",0,0
Argyle,Washington,Clothing,21,1,$350,0,NA,1,"$1,300",0,0
Argyle,Washington,Cabinet Ware,17,1,"$1,400",1,$250,1,$850,0,0
Argyle,Washington,Boots and Shoes,16,4,"$1,100",4,"$1,600",4,"$3,125",0,0
Argyle,Washington,"Harnesses, Saddles, and Trunks",16,1,$350,1,$750,1,"$1,400",0,0
Argyle,Washington,Cooper Shops,14,1,$50,1,$100,1,$300,0,0
Argyle,Washington,Coaches and Wagons,10,4,"$2,400",3,$360,3,"$2,100",0,1
Argyle,Washington,Flax Dressing,3,2,"$4,000",2,"$10,250",2,"$15,250",0,2
Argyle,Washington,Blacksmithing,2,6,"$1,550",6,"$2,427",6,"$5,300",0,0
Cambridge,Washington,Clothing,21,1,"$1,000",1,"$3,000",1,"$4,000",0,0
Cambridge,Washington,"Harnesses, Saddles, and Trunks",16,1,"$1,000",1,"$1,200",1,"$2,000",0,0
Cambridge,Washington,Coaches and Wagons,10,1,"$2,600",1,"$1,000",1,"$2,100",0,0
Cambridge,Washington,Flax Dressing,3,2,"$1,700",2,"$9,500",2,"$18,300",0,2
Dresden,Washington,Placeholder,0,0,NA,0,NA,0,NA,0,0
Easton,Washington,Plaster,15,1,"$3,000",1,"$4,000",1,"$6,000",0,1
Easton,Washington,Flax Dressing,3,2,"$15,000",2,"$27,000",2,"$38,000",0,2
Easton,Washington,Knit Goods,3,1,"$20,000",0,NA,1,"$16,000",0,1
Easton,Washington,Blacksmithing,2,1,$600,1,$200,0,NA,0,0
Easton,Washington,Iron Foundries,2,1,"$20,000",1,"$6,000",1,"$15,000",0,1
Fort Ann,Washington,Coaches and Wagons,10,1,"$2,000",1,"$1,000",1,"$1,500",0,0
Fort Ann,Washington,Iron Mining,9,1,"$25,000",0,NA,1,"$25,000",0,1
Fort Ann,Washington,Blacksmithing,2,2,$200,0,NA,0,NA,0,0
Fort Edward,Washington,Clothing,21,1,"$3,000",1,"$3,990",1,"$5,580",0,0
Fort Edward,Washington,Cabinet Ware,17,1,"$6,000",0,NA,0,NA,0,0
Fort Edward,Washington,Boots and Shoes,16,4,"$2,330",4,"$2,120",3,"$7,400",0,0
Fort Edward,Washington,"Harnesses, Saddles, and Trunks",16,1,"$1,500",1,"$1,000",1,"$1,900",0,0
Fort Edward,Washington,Plaster,15,1,"$12,000",1,"$21,250",1,"$23,000",0,1
Fort Edward,Washington,Potteries,15,1,"$5,000",1,"$3,900",1,"$15,000",0,1
Fort Edward,Washington,Coaches and Wagons,10,1,"$5,000",1,"$2,200",1,"$4,000",0,0
Fort Edward,Washington,Breweries,4,1,"$7,500",1,"$4,650",1,"$9,500",1,0
Fort Edward,Washington,Blacksmithing,2,2,"$1,300",2,"$1,300",1,"$1,600",0,0
Fort Edward,Washington,Iron Foundries,2,1,"$25,000",1,"$1,945",1,"$8,000",0,1
Fort Edward,Washington,Fanning Mills,1,1,"$1,500",1,"$1,075",1,"$1,400",0,0
Granville,Washington,Boots and Shoes,16,1,$700,1,$600,1,"$1,800",0,0
Granville,Washington,Roofing Slate,15,9,"$342,000",1,"$1,200",8,"$76,443",0,0
Granville,Washington,Cheese Boxes,14,2,"$3,500",2,"$2,400",2,"$6,800",0,0
Granville,Washington,Tin Smithing,2,1,"$12,000",1,"$4,000",1,"$8,000",0,0
Greenwich,Washington,Cigars,22,0,NA,1,$56,1,$160,0,0
Greenwich,Washington,Boots and Shoes,16,3,"$5,525",3,"$72,650",3,"$116,100",0,0
Greenwich,Washington,Brick,15,1,$300,1,$185,1,$960,0,1
Greenwich,Washington,Lime and Cement,15,1,"$20,200",1,"$2,308",1,"$19,625",0,0
Greenwich,Washington,Plaster,15,1,"$2,000",1,"$5,600",1,"$6,600",0,1
Greenwich,Washington,Cooper Shops,14,3,"$11,000",3,"$2,805",3,"$7,750",1,0
Greenwich,Washington,Coaches and Wagons,10,3,"$2,550",3,"$2,830",3,"$5,100",0,1
Greenwich,Washington,"Sash, Blinds, and Doors",9,1,"$3,000",1,$400,1,"$5,000",0,1
Greenwich,Washington,Blacksmithing,2,7,"$5,700",7,"$3,880",7,"$11,728",0,0
Greenwich,Washington,Tea Trays,2,1,"$15,000",1,"$20,066",1,"$48,000",0,1
Greenwich,Washington,Tin Smithing,2,2,"$4,400",1,"$1,500",1,"$2,500",0,0
Hampton,Washington,Powder,19,1,"$40,000",1,"$35,000",1,"$50,000",0,1
Hampton,Washington,Roofing Slate,15,3,"$13,000",0,NA,3,"$30,000",0,0
Hartford,Washington,Placeholder,0,0,NA,0,NA,0,NA,0,0
Hebron,Washington,Roofing Slate,15,1,NA,0,NA,1,"$1,000",1,0
Hebron,Washington,Shingles,14,1,$300,1,$300,1,$600,0,1
Hebron,Washington,Starch,4,1,"$1,400",1,$700,1,"$1,700",0,1
Hebron,Washington,Flax Dressing,3,3,"$3,300",3,"$32,000",3,"$21,000",0,3
Jackson,Washington,"Sash, Blinds, and Doors",9,1,"$2,500",0,NA,0,NA,0,1
Jackson,Washington,Distilleries,4,2,"$1,550",2,"$2,100",2,"$3,510",0,1
Jackson,Washington,Flax Dressing,3,1,"$10,000",1,"$10,000",1,"$12,500",0,1
Kingsbury,Washington,Piano Fortes,18,1,"$9,500",1,"$5,975",1,"$11,000",1,0
Kingsbury,Washington,Boots and Shoes,16,1,$600,1,$445,1,"$1,050",0,0
Kingsbury,Washington,Mill Gearing and Machinery,13,4,"$35,000",4,"$12,690",4,"$33,730",1,3
Kingsbury,Washington,Coaches and Wagons,10,1,"$1,500",1,$540,1,"$7,000",0,1
Kingsbury,Washington,Flax Dressing,3,1,"$1,800",1,"$1,600",1,"$1,860",0,1
Kingsbury,Washington,Iron Foundries,2,1,"$5,000",0,NA,1,"$2,930",0,1
Putnam,Washington,Boots and Shoes,16,1,$150,1,"$1,200",1,"$1,800",0,0
Putnam,Washington,Tin Smithing,2,1,$800,1,$180,1,$305,0,0
Salem,Washington,Boots and Shoes,16,1,"$2,125",1,"$1,125",1,"$3,000",0,0
Salem,Washington,"Harnesses, Saddles, and Trunks",16,1,$125,1,$600,1,$600,0,0
Salem,Washington,Marble,15,1,"$35,000",0,NA,1,"$50,000",0,1
Salem,Washington,Coaches and Wagons,10,1,"$1,000",1,$260,1,"$1,000",0,0
Salem,Washington,Blacksmithing,2,0,NA,3,"$1,415",3,"$3,700",0,0
White Creek,Washington,Clothing,21,1,"$1,000",1,"$1,325",1,"$2,300",0,0
White Creek,Washington,Gloves and Mittens,21,1,$475,1,$325,1,$675,0,0
White Creek,Washington,Cabinet Ware,17,1,"$3,000",1,"$2,300",1,"$5,000",0,1
White Creek,Washington,"Harnesses, Saddles, and Trunks",16,1,$500,1,$500,1,$800,0,0
White Creek,Washington,Marble,15,1,"$1,000",1,"$2,000",1,"$4,000",0,0
White Creek,Washington,Coaches and Wagons,10,2,$900,2,"$4,000",0,NA,0,0
White Creek,Washington,Bakeries,4,1,"$1,000",1,"$8,130",1,"$5,500",0,0
White Creek,Washington,Flax Dressing,3,1,"$1,500",1,"$6,875",0,NA,0,2
White Creek,Washington,Tin Smithing,2,1,"$2,000",1,$500,1,"$3,000",0,0
White Creek,Washington,Agricultural Implements Generally,1,1,"$10,000",1,"$3,000",1,"$10,480",0,1
Whitehall,Washington,Cabinet Ware,17,1,"$1,000",1,$550,1,"$1,100",0,0
Whitehall,Washington,Boots and Shoes,16,1,$300,1,"$1,700",1,"$2,550",0,0
Whitehall,Washington,Roofing Slate,15,1,"$4,000",0,NA,0,NA,0,1
Whitehall,Washington,Planing Mills,14,1,"$10,000",1,"$10,000",1,"$14,000",1,0
Whitehall,Washington,"Spokes, Felloes, and Bows",10,1,"$1,500",1,$300,1,"$1,800",0,1
Whitehall,Washington,Boat Building,7,3,"$8,200",3,"$10,500",3,"$21,000",0,0
Arcadia,Wayne,Brick,15,1,$400,0,NA,1,$500,0,1
Arcadia,Wayne,Potteries,15,1,"$3,000",1,$500,1,"$2,500",1,0
Arcadia,Wayne,Planing Mills,14,0,NA,0,NA,0,NA,1,0
Arcadia,Wayne,Shingles,14,1,"$2,500",1,"$4,500",1,"$6,000",1,0
Arcadia,Wayne,Wintergreen and Mint Distilleries,4,4,"$1,375",0,NA,4,"$15,855",0,0
Arcadia,Wayne,Agricultural Implements Generally,1,1,"$2,500",1,"$1,790",1,"$3,360",1,0
Butler,Wayne,Placeholder,0,0,NA,0,NA,0,NA,0,0
Galen,Wayne,Cigars,22,1,"$3,000",1,$600,1,"$2,560",0,0
Galen,Wayne,Clothing,21,3,"$19,000",3,"$22,500",3,"$27,000",0,0
Galen,Wayne,Boots and Shoes,16,4,"$6,850",4,"$8,900",4,"$16,450",0,0
Galen,Wayne,"Harnesses, Saddles, and Trunks",16,2,"$2,000",2,"$3,400",2,"$5,900",0,0
Galen,Wayne,Glass and Glass Ware,15,2,"$55,000",2,"$24,000",2,"$55,000",0,0
Galen,Wayne,Marble,15,1,"$10,000",1,"$4,000",0,NA,0,0
Galen,Wayne,Cooper Shops,14,1,"$10,000",1,"$4,350",1,"$11,350",0,0
Galen,Wayne,Pumps,11,0,NA,1,"$1,000",1,"$1,600",0,0
Galen,Wayne,Coaches and Wagons,10,1,"$1,000",0,NA,1,"$4,000",0,0
Galen,Wayne,Breweries,4,1,"$7,000",1,"$18,500",1,"$18,350",1,0
Galen,Wayne,Malt,4,1,"$1,500",1,"$3,750",1,"$4,200",1,0
Galen,Wayne,Agricultural Implements Generally,1,2,"$13,000",2,"$4,100",2,"$6,175",2,0
Huron,Wayne,Placeholder,0,0,NA,0,NA,0,NA,0,0
Lyons,Wayne,Butchering,22,1,NA,0,NA,0,NA,0,0
Lyons,Wayne,Cabinet Ware,17,2,"$3,500",2,$795,2,"$6,300",0,1
Lyons,Wayne,Potteries,15,1,"$15,000",1,"$2,550",1,"$10,000",0,0
Lyons,Wayne,Planing Mills,14,1,"$5,000",0,NA,0,NA,1,0
Lyons,Wayne,Wood Turning,14,1,"$1,000",0,NA,0,NA,0,0
Lyons,Wayne,Coaches and Wagons,10,2,"$3,400",2,"$3,700",2,"$8,150",0,0
Lyons,Wayne,"Sash, Blinds, and Doors",9,1,"$2,000",1,$175,1,$890,1,0
Lyons,Wayne,Malt,4,1,"$24,000",1,"$28,300",1,"$28,000",0,0
Lyons,Wayne,Wintergreen and Mint Distilleries,4,2,"$1,250",0,NA,2,"$5,700",2,0
Lyons,Wayne,Yeast,4,1,$600,0,NA,1,"$1,112",0,0
Lyons,Wayne,Blacksmithing,2,2,"$2,000",1,$500,1,"$2,500",0,0
Lyons,Wayne,Iron Foundries,2,1,"$15,000",1,"$5,000",1,"$12,500",1,0
Macedon,Wayne,Clothing,21,1,$600,1,"$1,400",1,"$2,000",0,0
Macedon,Wayne,Boots and Shoes,16,2,$600,2,$600,2,"$1,200",0,0
Macedon,Wayne,"Harnesses, Saddles, and Trunks",16,1,$300,1,$300,1,$833,0,0
Macedon,Wayne,Blacksmithing,2,2,"$1,100",2,$600,2,"$1,800",0,0
Macedon,Wayne,Reapers and Mowers,1,1,"$15,000",1,"$29,900",1,"$51,000",1,0
Marion,Wayne,Dentistry,20,1,$500,0,NA,1,$500,0,0
Marion,Wayne,Photographing,18,1,"$1,000",0,NA,1,"$2,000",0,0
Marion,Wayne,Cabinet Ware,17,1,"$1,400",0,NA,1,$500,0,0
Marion,Wayne,Boots and Shoes,16,1,"$1,000",0,NA,1,"$1,500",0,0
Marion,Wayne,"Harnesses, Saddles, and Trunks",16,1,$500,1,$175,1,$800,0,0
Marion,Wayne,Tin Smithing,2,1,"$4,900",0,NA,1,"$1,500",0,0
Marion,Wayne,Agricultural Implements Generally,1,2,"$9,000",0,NA,2,"$12,000",2,0
Ontario,Wayne,Boots and Shoes,16,1,$500,1,$300,1,$500,0,0
Ontario,Wayne,Cooper Shops,14,1,$500,1,$160,0,NA,0,0
Palmyra,Wayne,Cabinet Ware,17,1,"$10,000",1,"$3,650",1,"$9,700",1,0
Palmyra,Wayne,Tiles,15,1,"$3,000",1,$50,1,"$1,000",1,0
Palmyra,Wayne,Cooper Shops,14,2,$810,2,$531,2,"$1,449",0,0
Palmyra,Wayne,"Headings, Hoops, and Staves",14,3,$300,3,"$2,300",3,"$5,380",0,3
Palmyra,Wayne,Scales,12,1,"$3,000",1,"$1,425",1,"$2,853",1,0
Palmyra,Wayne,Coaches and Wagons,10,2,"$10,000",2,"$10,455",2,"$13,705",0,0
Palmyra,Wayne,Candles and Soap,4,1,"$3,000",1,"$2,720",1,"$3,664",0,0
Palmyra,Wayne,Blacksmithing,2,1,$300,0,NA,1,"$1,000",0,0
Palmyra,Wayne,Tin Smithing,2,1,"$7,000",1,"$1,200",1,"$2,000",0,0
Palmyra,Wayne,Agricultural Implements Generally,1,1,"$15,000",1,"$3,965",1,"$9,470",1,0
Rosendale_W,Wayne,Placeholder,0,0,NA,0,NA,0,NA,0,0
Savannah,Wayne,"Headings, Hoops, and Staves",14,1,"$7,000",1,"$3,000",1,"$12,000",1,0
Sodus,Wayne,Cabinet Ware,17,1,$800,1,$70,1,$350,0,0
Sodus,Wayne,Boots and Shoes,16,2,"$2,250",2,"$2,000",2,"$2,900",0,0
Sodus,Wayne,"Harnesses, Saddles, and Trunks",16,1,$800,1,$700,1,"$1,500",0,0
Sodus,Wayne,Lime and Cement,15,1,$380,1,$400,1,$710,0,0
Sodus,Wayne,Cooper Shops,14,8,"$2,250",8,"$1,780",8,"$4,060",1,0
Sodus,Wayne,"Headings, Hoops, and Staves",14,2,"$3,400",2,"$2,150",2,"$3,600",2,0
Sodus,Wayne,Tin Smithing,2,1,"$1,500",1,$350,1,"$1,500",0,0
Walworth,Wayne,Cooper Shops,14,1,"$2,300",1,"$3,340",1,"$3,500",1,0
Williamson,Wayne,Undertakers,22,0,NA,1,$50,1,$100,0,0
Williamson,Wayne,Clothing,21,2,$900,2,"$6,000",1,"$5,550",0,0
Williamson,Wayne,Boots and Shoes,16,3,"$2,400",2,"$1,500",2,"$5,000",0,0
Williamson,Wayne,"Harnesses, Saddles, and Trunks",16,2,"$1,100",1,$600,1,"$1,700",0,0
Williamson,Wayne,Cooper Shops,14,1,"$4,500",2,$580,3,"$4,575",0,1
Williamson,Wayne,"Headings, Hoops, and Staves",14,1,"$1,500",NA,"$1,065",1,"$2,440",1,2
Williamson,Wayne,Coaches and Wagons,10,1,"$2,000",1,$450,1,"$1,100",0,0
Williamson,Wayne,Asheries,4,1,$100,1,$300,0,NA,0,0
Williamson,Wayne,Blacksmithing,2,3,"$1,700",3,"$1,350",3,"$3,000",0,0
Williamson,Wayne,Tin Smithing,2,1,$500,1,$600,1,"$1,500",0,0
Wolcott,Wayne,Cooper Shops,14,2,"$5,000",2,"$4,500",2,"$10,000",0,0
Wolcott,Wayne,"Headings, Hoops, and Staves",14,1,"$5,000",1,"$1,045",1,"$1,920",1,0
Wolcott,Wayne,Asheries,4,1,"$2,000",1,"$1,500",1,"$4,000",0,0
Wolcott,Wayne,Blacksmithing,2,2,$900,0,NA,2,$900,0,0
Wolcott,Wayne,Iron Foundries,2,1,"$5,000",1,"$1,500",1,"$3,000",1,0
Wolcott,Wayne,Tin Smithing,2,1,$800,1,"$1,000",1,"$1,800",0,0
Bedford,Westchester,Placeholder,0,0,NA,0,NA,0,NA,0,0
Cortlandt,Westchester,Brick,15,18,"$193,900",18,NA,18,"$251,125",2,12
Cortlandt,Westchester,Brick and Tile Machines,15,1,$500,1,$125,1,$575,0,1
Cortlandt,Westchester,Fire Brick and Retorts,15,1,"$10,000",1,"$1,560",1,"$6,000",1,0
Cortlandt,Westchester,Plaster,15,1,"$3,000",1,"$3,350",1,"$4,800",0,1
Cortlandt,Westchester,Coaches and Wagons,10,1,$400,1,$115,1,$700,0,1
Cortlandt,Westchester,Nickle Mining,9,1,"$100,000",0,NA,0,NA,0,0
Cortlandt,Westchester,"Sash, Blinds, and Doors",9,1,"$3,300",1,$500,0,NA,0,0
Cortlandt,Westchester,Stoves,5,3,"$195,000",3,"$138,700",3,"$309,000",3,0
Cortlandt,Westchester,Machinery,2,1,"$35,000",1,"$20,700",1,"$40,000",1,0
Cortlandt,Westchester,Agricultural Implements Generally,1,2,"$120,000",2,"$82,800",2,"$153,500",2,0
Eastchester,Westchester,"Musical Instruments, Generally",18,1,"$2,000",1,$780,1,$800,0,0
Eastchester,Westchester,Boots and Shoes,16,1,"$1,500",1,"$3,350",0,NA,0,0
Eastchester,Westchester,Axle-Trees,10,1,"$22,000",1,"$8,159",1,"$23,479",0,1
Eastchester,Westchester,Coaches and Wagons,10,3,"$12,900",3,"$3,430",3,"$16,600",0,0
Eastchester,Westchester,"Sash, Blinds, and Doors",9,1,"$1,100",1,$385,1,$600,0,0
Eastchester,Westchester,Stone Quarries,9,2,"$120,000",0,NA,2,"$250,000",2,0
Eastchester,Westchester,Candles and Soap,4,1,"$2,500",1,"$4,360",1,"$7,050",0,0
Eastchester,Westchester,Chemicals,4,1,"$3,000",0,NA,1,"$3,000",1,0
Eastchester,Westchester,Glue,4,1,"$3,500",1,"$7,000",1,"$14,000",0,0
Eastchester,Westchester,Blacksmithing,2,1,"$1,200",1,$600,1,"$1,500",0,0
Eastchester,Westchester,Tin Smithing,2,1,"$5,000",1,"$1,000",1,"$2,000",0,0
Greenburgh,Westchester,Cigars,22,3,"$1,800",3,"$1,244",0,NA,0,0
Greenburgh,Westchester,Piano Forte Stools,18,1,"$6,000",1,"$1,850",1,"$9,200",0,1
Greenburgh,Westchester,Boots and Shoes,16,2,"$13,000",2,"$3,300",2,"$5,025",0,0
Greenburgh,Westchester,Axle-Trees,10,1,"$10,000",1,"$3,551",1,"$15,102",0,1
Greenburgh,Westchester,Coaches and Wagons,10,2,"$9,000",2,"$2,520",0,NA,0,0
Greenburgh,Westchester,House Building,9,1,"$25,000",1,"$27,325",0,NA,1,0
Greenburgh,Westchester,Breweries,4,1,"$50,000",1,"$44,922",1,"$111,826",1,0
Greenburgh,Westchester,Confectionery ,4,1,"$8,000",1,"$10,880",1,"$13,060",0,0
Greenburgh,Westchester,Distilleries,4,1,$500,1,$519,1,"$2,250",0,0
Greenburgh,Westchester,"Preserved Fruits, Vegetables, and Meats",4,2,"$6,500",2,"$19,050",2,"$43,500",0,0
Greenburgh,Westchester,Blacksmithing,2,1,$500,0,NA,0,NA,0,0
Greenburgh,Westchester,Britannia Ware,2,1,"$10,000",1,"$20,460",1,"$35,000",1,1
Harrison,Westchester,Placeholder,0,0,NA,0,NA,0,NA,0,0
Lewisboro,Westchester,Boots and Shoes,16,1,"$5,000",1,"$19,000",1,"$29,000",0,0
Lewisboro,Westchester,Coaches and Wagons,10,2,"$2,000",2,$500,2,"$2,500",0,1
Mamaroneck,Westchester,Placeholder,0,0,NA,0,NA,0,NA,0,0
Morrisania,Westchester,Kindling Wood,14,1,"$5,000",1,"$7,150",1,"$13,000",1,0
Morrisania,Westchester,Breweries,4,9,"$125,800",9,"$132,095",9,"$196,840",2,1
Morrisania,Westchester,Dye Woods and Stuffs,4,1,"$20,000",1,"$54,000",1,"$68,000",1,0
Morrisania,Westchester,Gas,4,1,"$30,000",1,"$6,000",1,"$15,000",0,0
Morrisania,Westchester,Iron Foundries,2,1,"$50,000",0,NA,0,NA,1,0
Mount Pleasant,Westchester,Boots and Shoes,16,5,"$2,800",5,"$11,052",5,"$16,700",0,0
Mount Pleasant,Westchester,Coaches and Wagons,10,1,"$1,000",1,$500,1,"$1,000",0,0
Mount Pleasant,Westchester,Blacksmithing,2,1,"$1,000",1,$500,1,"$1,200",0,0
New Castle,Westchester,Boots and Shoes,16,1,"$1,200",0,NA,1,"$8,000",0,0
New Castle,Westchester,Distilleries,4,1,"$3,000",1,$40,1,$200,0,1
New Castle,Westchester,"Cotton Batting, Wadding, and Waste",3,1,"$10,000",1,"$3,600",1,"$5,475",0,1
New Rochelle,Westchester,Placeholder,0,0,NA,0,NA,0,NA,0,0
North Castle,Westchester,Boots and Shoes,16,5,"$1,100",5,"$1,035",5,"$9,400",0,0
North Castle,Westchester,Treenails and Fellrails,7,1,$300,1,$300,1,"$1,200",0,0
North Castle,Westchester,Knit Goods,3,1,"$8,000",1,"$17,700",1,"$25,600",0,1
North Salem,Westchester,Placeholder,0,0,NA,0,NA,0,NA,0,0
Ossining,Westchester,Cigars,22,1,$400,1,$288,1,$800,0,0
Ossining,Westchester,Cabinet Ware,17,1,"$10,000",1,"$33,800",1,"$60,000",1,0
Ossining,Westchester,Boots and Shoes,16,1,"$25,000",1,"$29,320",1,"$62,500",1,0
Ossining,Westchester,Files,2,3,"$94,000",2,"$46,000",3,"$142,000",2,1
Ossining,Westchester,Malleable Iron,2,1,"$10,000",1,"$15,250",1,"$30,000",1,0
Ossining,Westchester,Saddlery and Coach Hardware,2,1,"$25,000",1,"$15,000",1,"$45,000",1,0
Ossining,Westchester,Tools,2,1,"$55,000",1,"$13,900",1,"$28,500",1,0
Pelham,Westchester,Fisheries,22,19,"$24,700",0,NA,19,"$18,560",0,0
Poundridge,Westchester,Boots and Shoes,16,1,"$6,000",1,"$43,350",1,"$60,000",0,0
Rye,Westchester,Butchering,22,1,NA,0,NA,0,NA,0,0
Rye,Westchester,Boots and Shoes,16,2,NA,0,NA,0,NA,0,0
Rye,Westchester,"Harnesses, Saddles, and Trunks",16,1,$300,0,NA,0,NA,0,0
Rye,Westchester,Stoves,5,1,"$50,000",0,NA,0,NA,1,0
Rye,Westchester,Barytes,4,0,NA,0,NA,0,NA,0,1
Rye,Westchester,Emery and Sand Paper,4,1,"$17,000",1,$200,1,"$20,000",0,1
Scarsdale,Westchester,Placeholder,0,0,NA,0,NA,0,NA,0,0
Somers,Westchester,Mill Gearing and Machinery,13,1,"$2,500",1,$60,1,"$1,500",0,1
West Chester,Westchester,Boots and Shoes,16,1,$540,1,$700,1,"$2,350",0,0
West Chester,Westchester,Carpenter Shops,14,3,"$6,000",3,"$9,000",3,"$21,000",1,0
West Chester,Westchester,Coaches and Wagons,10,2,"$6,500",2,"$2,500",2,"$7,400",0,0
West Chester,Westchester,Bakeries,4,1,$400,1,"$2,500",1,"$5,000",0,0
West Chester,Westchester,Dyeing and Bleaching,4,0,NA,0,NA,0,NA,1,0
West Chester,Westchester,Paints and Glazing,4,1,$50,1,"$1,500",1,"$3,500",0,0
West Chester,Westchester,Tape and Nets,3,1,"$20,000",1,"$10,000",1,"$17,000",1,0
West Chester,Westchester,Blacksmithing,2,3,"$6,150",3,"$2,900",3,"$8,500",0,0
West Chester,Westchester,Cutlery,2,1,"$25,000",1,"$13,508",1,"$51,273",0,0
West Chester,Westchester,Tin Smithing,2,1,"$2,000",1,"$1,000",1,"$1,800",0,0
West Farms,Westchester,Butchering,22,4,"$10,500",1,"$11,250",2,"$51,870",0,0
West Farms,Westchester,Gold Pens,18,1,"$20,000",1,"$23,153",1,"$39,000",1,0
West Farms,Westchester,Rugs and Mats,17,2,"$4,200",2,"$1,460",2,"$9,500",0,0
West Farms,Westchester,Window Shades,17,1,"$3,000",1,"$2,187",1,"$4,500",0,0
West Farms,Westchester,Carpenter Shops,14,1,"$1,500",1,"$1,000",1,"$1,500",0,0
West Farms,Westchester,Cars,10,1,"$284,821",1,"$137,828",1,"$217,700",1,0
West Farms,Westchester,Coaches and Wagons,10,5,"$18,415",2,"$2,115",5,"$7,560",0,0
West Farms,Westchester,House Building,9,3,"$16,500",3,"$15,412",3,"$64,760",0,0
West Farms,Westchester,Bakeries,4,1,$400,0,NA,1,"$5,400",0,0
West Farms,Westchester,Paints and Glazing,4,2,"$1,500",0,NA,0,NA,0,0
West Farms,Westchester,Blacksmithing,2,3,"$4,662",1,$622,3,"$4,400",0,0
White Plains,Westchester,Placeholder,0,0,NA,0,NA,0,NA,0,0
Yonkers,Westchester,Bandboxes,22,1,"$5,000",1,"$9,500",0,NA,0,0
Yonkers,Westchester,Tobacco,22,1,"$15,000",1,"$315,000",1,"$550,000",1,0
Yonkers,Westchester,Hats and Caps,21,2,"$250,000",2,"$465,000",2,"$900,000",2,0
Yonkers,Westchester,Fire Arms,19,1,"$1,000,000",1,"$50,000",1,"$875,000",1,0
Yonkers,Westchester,Cabinet Ware,17,1,$800,1,$750,1,"$3,500",0,0
Yonkers,Westchester,Leather Dressers,16,1,"$1,000",1,"$2,000",1,"$4,000",0,1
Yonkers,Westchester,Marble,15,1,"$2,500",1,"$1,500",0,NA,0,0
Yonkers,Westchester,Veneerings,14,1,"$50,000",1,"$36,000",1,"$48,000",0,1
Yonkers,Westchester,Hoisting Wheels and Machines,12,1,"$25,000",1,"$10,000",1,"$50,000",1,0
Yonkers,Westchester,Coaches and Wagons,10,1,"$8,000",1,"$1,625",1,"$1,000",0,0
Yonkers,Westchester,"Sash, Blinds, and Doors",9,2,"$5,200",2,"$5,600",2,"$12,800",0,1
Yonkers,Westchester,Breweries,4,1,"$60,000",0,NA,0,NA,0,0
Yonkers,Westchester,Glue,4,1,"$10,000",0,NA,1,"$10,000",1,0
Yonkers,Westchester,India Rubber Goods,4,1,"$50,000",1,"$29,873",1,"$51,347",0,1
Yonkers,Westchester,Carpets,3,1,"$120,000",1,"$170,000",1,"$400,000",1,1
Yonkers,Westchester,Blacksmithing,2,1,"$1,500",0,NA,0,NA,0,0
Yonkers,Westchester,Iron Foundries,2,2,"$38,000",2,"$26,500",2,"$75,000",1,1
Yonkers,Westchester,"Iron Rolling, Cutting, and Forging Works",2,1,"$325,000",1,"$425,000",0,NA,1,0
Yonkers,Westchester,Machinery,2,2,"$24,000",2,"$13,200",2,"$36,500",0,1
Yorktown,Westchester,Steel ,2,1,"$75,000",0,NA,0,NA,1,1
West Chester,Westchester ,"Harnesses, Saddles, and Trunks",16,1,"$2,000",1,"$1,000",1,"$1,800",0,0
Attica,Wyoming,Cabinet Ware,17,1,"$1,500",1,"$1,000",1,$800,0,0
Attica,Wyoming,Boots and Shoes,16,2,"$17,000",2,$600,2,"$8,500",0,0
Attica,Wyoming,"Harnesses, Saddles, and Trunks",16,1,"$3,000",1,$500,1,$800,0,0
Attica,Wyoming,Blacksmithing,2,1,"$2,000",1,$200,1,$500,0,0
Barrington,Wyoming,Placeholder,0,0,NA,0,NA,0,NA,0,0
Bennington,Wyoming,Shingles,14,1,"$4,000",1,$375,1,"$1,300",1,0
Bennington,Wyoming,Coaches and Wagons,10,2,"$1,000",2,$700,2,"$2,200",0,0
Bennington,Wyoming,Asheries,4,2,"$1,300",2,"$3,750",2,"$6,000",0,0
Bennington,Wyoming,Tin Smithing,2,1,$500,1,"$1,000",1,"$1,500",0,0
Bennington,Wyoming,Hay and Straw Cutters,1,1,$500,1,$150,1,$400,0,0
China,Wyoming,Dentistry,20,1,$300,1,$500,1,"$1,000",0,0
China,Wyoming,Photographing,18,1,"$1,000",1,$400,1,$800,0,0
China,Wyoming,Cabinet Ware,17,1,"$1,200",1,$300,1,$945,0,0
China,Wyoming,Boots and Shoes,16,2,$850,2,"$1,700",2,"$3,600",0,0
China,Wyoming,"Harnesses, Saddles, and Trunks",16,1,$500,1,$300,1,$600,0,0
China,Wyoming,Marble,15,1,"$1,000",1,"$2,250",1,"$3,500",0,0
China,Wyoming,Coaches and Wagons,10,2,"$1,400",2,$550,2,"$1,400",0,1
China,Wyoming,"Sash, Blinds, and Doors",9,1,"$10,000",1,$150,1,$600,0,1
China,Wyoming,Blacksmithing,2,1,$600,1,$400,1,$800,0,0
China,Wyoming,Iron Foundries,2,1,"$5,000",1,$700,1,"$2,000",0,1
China,Wyoming,Tin Smithing,2,1,"$1,600",1,"$2,500",1,"$4,780",0,0
Covington,Wyoming,Cooper Shops,14,1,"$3,000",1,$500,1,"$1,800",0,1
Covington,Wyoming,Coaches and Wagons,10,1,$300,1,$175,1,$500,0,0
Covington,Wyoming,Blacksmithing,2,6,"$1,300",6,"$1,265",6,"$3,908",0,0
Eagle,Wyoming,Cooper Shops,14,5,$114,4,$106,4,$725,0,0
Eagle,Wyoming,Baskets,1,3,$44,1,$35,3,$410,0,0
Gainesville,Wyoming,Butchering,22,2,"$1,000",2,"$5,350",2,"$6,000",0,0
Gainesville,Wyoming,Cabinet Ware,17,1,"$1,500",1,$800,1,"$2,000",0,1
Gainesville,Wyoming,Matches,4,1,"$1,200",1,$340,1,"$3,000",0,1
Middleburgh,Wyoming,Carpenter Shops,14,1,$50,0,NA,1,$310,0,0
Middlebury,Wyoming,Boots and Shoes,16,1,$300,1,$300,1,"$1,000",0,0
Middlebury,Wyoming,Coaches and Wagons,10,1,$300,1,$300,1,"$1,200",0,0
Middlebury,Wyoming,Blacksmithing,2,2,$800,2,$350,2,"$1,800",0,0
Middlesex,Wyoming,Placeholder,0,0,NA,0,NA,0,NA,0,0
Orangeville,Wyoming,Blacksmithing,2,1,$400,0,NA,0,NA,0,0
Perry,Wyoming,Boots and Shoes,16,4,"$8,000",4,"$4,150",4,"$10,200",0,0
Perry,Wyoming,Pumps,11,1,$700,1,$300,1,"$1,000",0,0
Perry,Wyoming,Coaches and Wagons,10,2,"$1,400",2,$300,1,"$1,200",0,0
Perry,Wyoming,Carding and Cloth Dressing,3,1,"$1,600",1,"$4,000",1,"$6,000",0,1
Perry,Wyoming,Blacksmithing,2,2,$900,2,$200,2,"$1,400",0,0
Perry,Wyoming,Iron Foundries,2,1,"$5,000",1,$600,1,"$3,000",1,0
Perry ,Wyoming,Clothing,21,1,"$2,500",1,"$1,000",1,"$1,500",0,0
Pike,Wyoming,Cabinet Ware,17,1,$500,1,$325,1,"$1,000",0,0
Pike,Wyoming,Boots and Shoes,16,1,$150,1,"$1,500",1,"$2,904",0,0
Pike,Wyoming,Cooper Shops,14,2,"$3,200",2,"$1,830",2,"$4,210",0,1
Pike,Wyoming,Coaches and Wagons,10,1,$700,1,"$1,000",1,"$2,245",0,0
Pike,Wyoming,Asheries,4,1,$700,1,"$1,302",1,"$1,656",0,0
Pike,Wyoming,Tin Smithing,2,1,"$1,000",1,"$1,050",1,"$1,550",0,0
Pike,Wyoming,Rakes,1,1,"$2,000",1,$650,1,"$2,800",0,1
Sheldon,Wyoming,Boots and Shoes,16,2,$500,2,"$1,900",2,"$3,000",0,0
Sheldon,Wyoming,Cheese Boxes,14,1,"$1,500",1,"$1,350",1,"$3,000",0,1
Sheldon,Wyoming,Cooper Shops,14,1,$200,1,$91,1,$355,0,0
Warsaw,Wyoming,Cabinet Ware,17,1,"$3,000",1,$150,1,"$1,800",0,0
Warsaw,Wyoming,Marble,15,1,$300,1,$600,1,"$2,000",0,0
Warsaw,Wyoming,Boxes,14,1,"$8,000",1,"$7,800",1,"$20,000",1,0
Warsaw,Wyoming,Cooper Shops,14,1,"$1,000",1,"$1,770",1,"$4,800",1,0
Warsaw,Wyoming,Shingles,14,3,$700,3,$430,3,$990,1,2
Warsaw,Wyoming,Wood Turning,14,1,"$4,300",1,$78,1,$278,0,1
Warsaw,Wyoming,Coaches and Wagons,10,2,"$10,700",2,"$6,381",2,"$16,150",1,0
Warsaw,Wyoming,Blacksmithing,2,2,"$2,600",2,$782,2,"$1,950",0,0
Wethersfield,Wyoming,Boots and Shoes,16,2,$300,2,"$1,350",2,"$2,824",0,0
Wethersfield,Wyoming,Cheese Boxes,14,2,$650,2,$300,2,"$1,475",1,1
Wethersfield,Wyoming,Coaches and Wagons,10,2,"$1,200",2,$750,2,"$2,800",0,0
Wethersfield,Wyoming,Blacksmithing,2,1,$300,1,$400,1,"$1,800",0,0
Benton,Yates,"Harnesses, Saddles, and Trunks",16,1,$75,0,NA,0,NA,0,0
Benton,Yates,Cooper Shops,14,1,$150,1,$100,1,$360,0,0
Benton,Yates,Coaches and Wagons,10,3,"$4,500",3,"$3,515",1,"$7,500",0,0
Benton,Yates,Blacksmithing,2,2,$600,2,$500,1,"$2,000",0,0
Benton,Yates,Reapers and Mowers,1,1,"$30,000",1,"$15,000",1,"$38,000",1,0
Castile,Yates,Placeholder,0,0,NA,0,NA,0,NA,0,0
Genesee Falls,Yates,Placeholder,0,0,NA,0,NA,0,NA,0,0
Italy,Yates,Cabinet Ware,17,1,"$1,000",1,$400,1,$800,0,0
Italy,Yates,Boots and Shoes,16,2,NA,0,NA,0,NA,0,0
Italy,Yates,Cooper Shops,14,1,$100,0,NA,0,NA,0,0
Italy,Yates,Coaches and Wagons,10,1,$100,0,NA,0,NA,0,0
Italy,Yates,Blacksmithing,2,6,$950,0,NA,0,NA,0,0
Java,Yates,Placeholder,0,0,NA,0,NA,0,NA,0,0
Jerusalem,Yates,"Harnesses, Saddles, and Trunks",16,1,"$1,500",1,$700,1,"$1,600",0,0
Milo,Yates,Cigars,22,1,"$1,000",1,$500,1,"$1,000",0,0
Milo,Yates,Cabinet Ware,17,1,"$2,000",1,"$1,200",1,"$2,000",0,0
Milo,Yates,Boots and Shoes,16,4,"$10,500",4,"$8,300",4,"$9,290",0,0
Milo,Yates,"Harnesses, Saddles, and Trunks",16,3,"$5,000",3,"$1,033",3,"$6,900",0,0
Milo,Yates,Carpenter Shops,14,1,$800,0,NA,1,"$1,500",0,0
Milo,Yates,Planing Mills,14,1,"$5,000",1,"$18,000",0,NA,1,0
Milo,Yates,Coaches and Wagons,10,3,"$9,080",3,"$2,105",3,"$4,900",0,0
Milo,Yates,"Spokes, Felloes, and Bows",10,1,"$3,000",1,$800,1,"$4,000",0,1
Milo,Yates,Linsed Oil,4,1,"$15,000",1,"$25,000",1,"$35,000",0,1
Milo,Yates,Carding and Cloth Dressing,3,1,"$3,000",1,"$6,000",1,"$9,000",0,1
Milo,Yates,Flax Dressing,3,1,"$3,000",1,"$1,000",1,"$4,000",0,1
Milo,Yates,Agricultural Implements Generally,1,1,"$20,000",2,"$27,800",1,"$34,585",1,0
Milo ,Yates,Marble,15,1,$500,1,$400,1,"$2,800",0,0
Potter,Yates,Cabinet Ware,17,1,"$1,800",1,"$1,600",0,NA,0,0
Potter,Yates,Boots and Shoes,16,2,"$5,000",2,"$8,000",0,NA,0,0
Potter,Yates,Lath,14,1,$50,0,NA,1,$40,0,1
Potter,Yates,Planing Mills,14,1,"$2,000",1,"$1,000",0,NA,1,0
Potter,Yates,Shingles,14,2,"$1,000",0,NA,2,"$1,525",0,2
Potter,Yates,"Spokes, Felloes, and Bows",10,1,"$3,500",1,$200,1,"$1,340",1,0
Potter,Yates,Iron Foundries,2,1,"$2,500",1,"$2,000",0,0,1,0
Starkey,Yates,Clothing,21,1,"$1,200",1,"$1,750",1,"$2,000",0,0
Starkey,Yates,Cabinet Ware,17,1,"$3,000",1,$630,1,$988,0,1
Starkey,Yates,Boots and Shoes,16,1,"$1,800",1,"$1,000",1,"$2,200",0,0
Starkey,Yates,"Harnesses, Saddles, and Trunks",16,2,"$1,150",2,"$1,017",2,"$1,860",0,0
Starkey,Yates,Shingles,14,1,"$2,500",1,$240,1,$750,1,0
Starkey,Yates,Coaches and Wagons,10,2,"$2,200",2,"$2,375",2,"$7,650",0,0
Starkey,Yates,Iron Foundries,2,2,"$4,000",2,$915,2,"$3,500",2,0
Starkey,Yates,Tin Smithing,2,1,"$1,440",1,"$1,066",1,$950,0,0
Torrey,Yates,Plaster,15,1,$500,1,$450,1,$750,0,1
Torrey,Yates,Cooper Shops,14,1,"$1,000",1,"$3,000",1,"$6,000",0,0
Torrey,Yates,"Headings, Hoops, and Staves",14,1,$500,1,"$1,500",1,"$25,200",0,1
Torrey,Yates,"Spokes, Felloes, and Bows",10,1,"$2,000",1,$204,1,"$1,263",0,1